ISO-10303-21;
HEADER;
FILE_DESCRIPTION(('KiCad electronic assembly'),'2;1');
FILE_NAME('DC.step','2026-02-25T15:15:53',('Pcbnew'),('Kicad'),
  'Open CASCADE STEP processor 7.9','KiCad to STEP converter','Unknown'
  );
FILE_SCHEMA(('AUTOMOTIVE_DESIGN { 1 0 10303 214 1 1 1 1 }'));
ENDSEC;
DATA;
#1 = APPLICATION_PROTOCOL_DEFINITION('international standard',
  'automotive_design',2000,#2);
#2 = APPLICATION_CONTEXT(
  'core data for automotive mechanical design processes');
#3 = SHAPE_DEFINITION_REPRESENTATION(#4,#10);
#4 = PRODUCT_DEFINITION_SHAPE('','',#5);
#5 = PRODUCT_DEFINITION('design','',#6,#9);
#6 = PRODUCT_DEFINITION_FORMATION('','',#7);
#7 = PRODUCT('DC 1','DC 1','',(#8));
#8 = PRODUCT_CONTEXT('',#2,'mechanical');
#9 = PRODUCT_DEFINITION_CONTEXT('part definition',#2,'design');
#10 = SHAPE_REPRESENTATION('',(#11,#15,#19,#23,#27,#31,#35),#39);
#11 = AXIS2_PLACEMENT_3D('',#12,#13,#14);
#12 = CARTESIAN_POINT('',(0.,0.,0.));
#13 = DIRECTION('',(0.,0.,1.));
#14 = DIRECTION('',(1.,0.,-0.));
#15 = AXIS2_PLACEMENT_3D('',#16,#17,#18);
#16 = CARTESIAN_POINT('',(221.09786,-168.40626,1.559596));
#17 = DIRECTION('',(0.,-0.,1.));
#18 = DIRECTION('',(1.110223024625E-16,1.,0.));
#19 = AXIS2_PLACEMENT_3D('',#20,#21,#22);
#20 = CARTESIAN_POINT('',(194.14786,-168.40626,1.559596));
#21 = DIRECTION('',(0.,-0.,1.));
#22 = DIRECTION('',(1.110223024625E-16,1.,0.));
#23 = AXIS2_PLACEMENT_3D('',#24,#25,#26);
#24 = CARTESIAN_POINT('',(207.54786,-168.40626,1.559596));
#25 = DIRECTION('',(0.,-0.,1.));
#26 = DIRECTION('',(1.110223024625E-16,1.,0.));
#27 = AXIS2_PLACEMENT_3D('',#28,#29,#30);
#28 = CARTESIAN_POINT('',(181.14786,-168.40626,1.559596));
#29 = DIRECTION('',(0.,-0.,1.));
#30 = DIRECTION('',(1.110223024625E-16,1.,0.));
#31 = AXIS2_PLACEMENT_3D('',#32,#33,#34);
#32 = CARTESIAN_POINT('',(234.64786,-168.40626,1.559596));
#33 = DIRECTION('',(0.,-0.,1.));
#34 = DIRECTION('',(1.110223024625E-16,1.,0.));
#35 = AXIS2_PLACEMENT_3D('',#36,#37,#38);
#36 = CARTESIAN_POINT('',(0.,0.,0.));
#37 = DIRECTION('',(0.,0.,1.));
#38 = DIRECTION('',(1.,0.,-0.));
#39 = ( GEOMETRIC_REPRESENTATION_CONTEXT(3) 
GLOBAL_UNCERTAINTY_ASSIGNED_CONTEXT((#43)) GLOBAL_UNIT_ASSIGNED_CONTEXT(
(#40,#41,#42)) REPRESENTATION_CONTEXT('Context #1',
  '3D Context with UNIT and UNCERTAINTY') );
#40 = ( LENGTH_UNIT() NAMED_UNIT(*) SI_UNIT(.MILLI.,.METRE.) );
#41 = ( NAMED_UNIT(*) PLANE_ANGLE_UNIT() SI_UNIT($,.RADIAN.) );
#42 = ( NAMED_UNIT(*) SI_UNIT($,.STERADIAN.) SOLID_ANGLE_UNIT() );
#43 = UNCERTAINTY_MEASURE_WITH_UNIT(LENGTH_MEASURE(1.E-07),#40,
  'distance_accuracy_value','confusion accuracy');
#44 = PRODUCT_RELATED_PRODUCT_CATEGORY('part',$,(#7));
#45 = SHAPE_DEFINITION_REPRESENTATION(#46,#52);
#46 = PRODUCT_DEFINITION_SHAPE('','',#47);
#47 = PRODUCT_DEFINITION('design','',#48,#51);
#48 = PRODUCT_DEFINITION_FORMATION('','',#49);
#49 = PRODUCT('kicad_embedded_D73FF9BA61833372751DA561A0A02F18',
  'kicad_embedded_D73FF9BA61833372751DA561A0A02F18','',(#50));
#50 = PRODUCT_CONTEXT('',#2,'mechanical');
#51 = PRODUCT_DEFINITION_CONTEXT('part definition',#2,'design');
#52 = SHAPE_REPRESENTATION('',(#11,#53,#483,#571,#1458,#1608,#2135,#3619
    ,#3769,#4428,#4516,#5043,#6239,#6389,#6916,#7338,#7760,#8182,#8472),
  #8902);
#53 = MANIFOLD_SOLID_BREP('',#54);
#54 = CLOSED_SHELL('',(#55,#106,#172,#196,#239,#265,#296,#331,#372,#396,
    #422,#440,#452,#471));
#55 = ADVANCED_FACE('',(#56),#101,.T.);
#56 = FACE_BOUND('',#57,.T.);
#57 = EDGE_LOOP('',(#58,#69,#77,#86,#95));
#58 = ORIENTED_EDGE('',*,*,#59,.T.);
#59 = EDGE_CURVE('',#60,#62,#64,.T.);
#60 = VERTEX_POINT('',#61);
#61 = CARTESIAN_POINT('',(-0.62045576741,1.485,0.525000000003));
#62 = VERTEX_POINT('',#63);
#63 = CARTESIAN_POINT('',(-0.65,1.455455767409,0.525000000003));
#64 = ELLIPSE('',#65,3.091867020792E-02,3.E-02);
#65 = AXIS2_PLACEMENT_3D('',#66,#67,#68);
#66 = CARTESIAN_POINT('',(-0.619537201643,1.454537201643,0.525000000003)
  );
#67 = DIRECTION('',(1.792767E-12,-1.338851999998E-17,1.));
#68 = DIRECTION('',(-0.707106781186,0.707106781187,1.267687169901E-12));
#69 = ORIENTED_EDGE('',*,*,#70,.T.);
#70 = EDGE_CURVE('',#62,#71,#73,.T.);
#71 = VERTEX_POINT('',#72);
#72 = CARTESIAN_POINT('',(-0.552983229748,1.358438997157,1.07520944533)
  );
#73 = LINE('',#74,#75);
#74 = CARTESIAN_POINT('',(-0.65,1.455455767409,0.525000000003));
#75 = VECTOR('',#76,1.);
#76 = DIRECTION('',(0.171087869746,-0.171087869747,0.970287525248));
#77 = ORIENTED_EDGE('',*,*,#78,.T.);
#78 = EDGE_CURVE('',#71,#79,#81,.T.);
#79 = VERTEX_POINT('',#80);
#80 = CARTESIAN_POINT('',(-0.541014882961,1.37601488296,1.094312306313)
  );
#81 = ELLIPSE('',#82,3.920500479292E-02,3.E-02);
#82 = AXIS2_PLACEMENT_3D('',#83,#84,#85);
#83 = CARTESIAN_POINT('',(-0.523438997158,1.358438997157,1.07));
#84 = DIRECTION('',(-0.111791679223,0.765208425773,-0.634002117964));
#85 = DIRECTION('',(0.132877048671,0.643782622573,0.753583190371));
#86 = ORIENTED_EDGE('',*,*,#87,.T.);
#87 = EDGE_CURVE('',#79,#88,#90,.T.);
#88 = VERTEX_POINT('',#89);
#89 = CARTESIAN_POINT('',(-0.523438997158,1.387983229747,1.07520944533)
  );
#90 = ELLIPSE('',#91,3.920500479294E-02,3.E-02);
#91 = AXIS2_PLACEMENT_3D('',#92,#93,#94);
#92 = CARTESIAN_POINT('',(-0.523438997158,1.358438997157,1.07));
#93 = DIRECTION('',(-0.765208425772,0.111791679224,-0.634002117964));
#94 = DIRECTION('',(-0.643782622573,-0.132877048671,0.753583190371));
#95 = ORIENTED_EDGE('',*,*,#96,.T.);
#96 = EDGE_CURVE('',#88,#60,#97,.T.);
#97 = LINE('',#98,#99);
#98 = CARTESIAN_POINT('',(-0.523438997158,1.387983229747,1.07520944533)
  );
#99 = VECTOR('',#100,1.);
#100 = DIRECTION('',(-0.171087869746,0.171087869747,-0.970287525248));
#101 = CYLINDRICAL_SURFACE('',#102,3.E-02);
#102 = AXIS2_PLACEMENT_3D('',#103,#104,#105);
#103 = CARTESIAN_POINT('',(-0.52735321165,1.362353211649,1.047801386514)
  );
#104 = DIRECTION('',(-0.171087869746,0.171087869747,-0.970287525248));
#105 = DIRECTION('',(-0.686096888803,0.686096888803,0.241954785753));
#106 = ADVANCED_FACE('',(#107),#167,.T.);
#107 = FACE_BOUND('',#108,.T.);
#108 = EDGE_LOOP('',(#109,#110,#118,#127,#135,#144,#152,#161));
#109 = ORIENTED_EDGE('',*,*,#59,.F.);
#110 = ORIENTED_EDGE('',*,*,#111,.T.);
#111 = EDGE_CURVE('',#60,#112,#114,.T.);
#112 = VERTEX_POINT('',#113);
#113 = CARTESIAN_POINT('',(0.62045576741,1.485,0.525));
#114 = LINE('',#115,#116);
#115 = CARTESIAN_POINT('',(-0.62045576741,1.485,0.525000000003));
#116 = VECTOR('',#117,1.);
#117 = DIRECTION('',(1.,0.,-1.792767E-12));
#118 = ORIENTED_EDGE('',*,*,#119,.F.);
#119 = EDGE_CURVE('',#120,#112,#122,.T.);
#120 = VERTEX_POINT('',#121);
#121 = CARTESIAN_POINT('',(0.65,1.45545576741,0.525));
#122 = ELLIPSE('',#123,3.091867020794E-02,3.E-02);
#123 = AXIS2_PLACEMENT_3D('',#124,#125,#126);
#124 = CARTESIAN_POINT('',(0.619537201644,1.454537201643,0.525));
#125 = DIRECTION('',(1.792748E-12,-6.447952999996E-18,1.));
#126 = DIRECTION('',(0.707106781187,0.707106781187,-1.267659708367E-12)
  );
#127 = ORIENTED_EDGE('',*,*,#128,.T.);
#128 = EDGE_CURVE('',#120,#129,#131,.T.);
#129 = VERTEX_POINT('',#130);
#130 = CARTESIAN_POINT('',(0.65,-1.45545576741,0.525));
#131 = LINE('',#132,#133);
#132 = CARTESIAN_POINT('',(0.65,1.45545576741,0.525));
#133 = VECTOR('',#134,1.);
#134 = DIRECTION('',(0.,-1.,0.));
#135 = ORIENTED_EDGE('',*,*,#136,.F.);
#136 = EDGE_CURVE('',#137,#129,#139,.T.);
#137 = VERTEX_POINT('',#138);
#138 = CARTESIAN_POINT('',(0.62045576741,-1.485,0.525));
#139 = ELLIPSE('',#140,3.091867020794E-02,3.E-02);
#140 = AXIS2_PLACEMENT_3D('',#141,#142,#143);
#141 = CARTESIAN_POINT('',(0.619537201644,-1.454537201643,0.525));
#142 = DIRECTION('',(1.792748E-12,6.447953000097E-18,1.));
#143 = DIRECTION('',(0.707106781186,-0.707106781187,-1.267659708367E-12)
  );
#144 = ORIENTED_EDGE('',*,*,#145,.T.);
#145 = EDGE_CURVE('',#137,#146,#148,.T.);
#146 = VERTEX_POINT('',#147);
#147 = CARTESIAN_POINT('',(-0.62045576741,-1.485,0.525000000003));
#148 = LINE('',#149,#150);
#149 = CARTESIAN_POINT('',(0.62045576741,-1.485,0.525));
#150 = VECTOR('',#151,1.);
#151 = DIRECTION('',(-1.,0.,1.792767E-12));
#152 = ORIENTED_EDGE('',*,*,#153,.F.);
#153 = EDGE_CURVE('',#154,#146,#156,.T.);
#154 = VERTEX_POINT('',#155);
#155 = CARTESIAN_POINT('',(-0.65,-1.455455767409,0.525000000003));
#156 = ELLIPSE('',#157,3.091867020792E-02,3.E-02);
#157 = AXIS2_PLACEMENT_3D('',#158,#159,#160);
#158 = CARTESIAN_POINT('',(-0.619537201643,-1.454537201643,
    0.525000000003));
#159 = DIRECTION('',(1.792767E-12,1.338851999998E-17,1.));
#160 = DIRECTION('',(-0.707106781186,-0.707106781187,1.267687169901E-12)
  );
#161 = ORIENTED_EDGE('',*,*,#162,.F.);
#162 = EDGE_CURVE('',#62,#154,#163,.T.);
#163 = LINE('',#164,#165);
#164 = CARTESIAN_POINT('',(-0.65,1.455455767409,0.525000000003));
#165 = VECTOR('',#166,1.);
#166 = DIRECTION('',(0.,-1.,0.));
#167 = PLANE('',#168);
#168 = AXIS2_PLACEMENT_3D('',#169,#170,#171);
#169 = CARTESIAN_POINT('',(0.65,1.485,0.525));
#170 = DIRECTION('',(-1.792754E-12,0.,-1.));
#171 = DIRECTION('',(-1.,0.,1.792754E-12));
#172 = ADVANCED_FACE('',(#173),#191,.F.);
#173 = FACE_BOUND('',#174,.T.);
#174 = EDGE_LOOP('',(#175,#176,#184,#190));
#175 = ORIENTED_EDGE('',*,*,#96,.F.);
#176 = ORIENTED_EDGE('',*,*,#177,.F.);
#177 = EDGE_CURVE('',#178,#88,#180,.T.);
#178 = VERTEX_POINT('',#179);
#179 = CARTESIAN_POINT('',(0.523438997158,1.387983229747,1.07520944533)
  );
#180 = LINE('',#181,#182);
#181 = CARTESIAN_POINT('',(0.523438997158,1.387983229747,1.07520944533)
  );
#182 = VECTOR('',#183,1.);
#183 = DIRECTION('',(-1.,0.,0.));
#184 = ORIENTED_EDGE('',*,*,#185,.F.);
#185 = EDGE_CURVE('',#112,#178,#186,.T.);
#186 = LINE('',#187,#188);
#187 = CARTESIAN_POINT('',(0.62045576741,1.485,0.525));
#188 = VECTOR('',#189,1.);
#189 = DIRECTION('',(-0.171087869746,-0.171087869747,0.970287525248));
#190 = ORIENTED_EDGE('',*,*,#111,.F.);
#191 = PLANE('',#192);
#192 = AXIS2_PLACEMENT_3D('',#193,#194,#195);
#193 = CARTESIAN_POINT('',(0.85,1.336628916515,1.366454228322));
#194 = DIRECTION('',(0.,-0.984807753012,-0.173648177668));
#195 = DIRECTION('',(0.,0.173648177668,-0.984807753012));
#196 = ADVANCED_FACE('',(#197),#234,.T.);
#197 = FACE_BOUND('',#198,.T.);
#198 = EDGE_LOOP('',(#199,#200,#209,#217,#226,#233));
#199 = ORIENTED_EDGE('',*,*,#87,.F.);
#200 = ORIENTED_EDGE('',*,*,#201,.T.);
#201 = EDGE_CURVE('',#79,#202,#204,.T.);
#202 = VERTEX_POINT('',#203);
#203 = CARTESIAN_POINT('',(-0.523438997158,1.358438997157,1.1));
#204 = ELLIPSE('',#205,4.242640687119E-02,3.E-02);
#205 = AXIS2_PLACEMENT_3D('',#206,#207,#208);
#206 = CARTESIAN_POINT('',(-0.523438997158,1.358438997157,1.07));
#207 = DIRECTION('',(0.707106781187,0.707106781187,-3.08148791102E-33));
#208 = DIRECTION('',(-0.707106781187,0.707106781187,4.088782E-17));
#209 = ORIENTED_EDGE('',*,*,#210,.T.);
#210 = EDGE_CURVE('',#202,#211,#213,.T.);
#211 = VERTEX_POINT('',#212);
#212 = CARTESIAN_POINT('',(0.523438997158,1.358438997157,1.1));
#213 = LINE('',#214,#215);
#214 = CARTESIAN_POINT('',(-0.523438997158,1.358438997157,1.1));
#215 = VECTOR('',#216,1.);
#216 = DIRECTION('',(1.,0.,0.));
#217 = ORIENTED_EDGE('',*,*,#218,.T.);
#218 = EDGE_CURVE('',#211,#219,#221,.T.);
#219 = VERTEX_POINT('',#220);
#220 = CARTESIAN_POINT('',(0.541014882961,1.37601488296,1.094312306313)
  );
#221 = ELLIPSE('',#222,4.242640687119E-02,3.E-02);
#222 = AXIS2_PLACEMENT_3D('',#223,#224,#225);
#223 = CARTESIAN_POINT('',(0.523438997158,1.358438997157,1.07));
#224 = DIRECTION('',(-0.707106781187,0.707106781187,0.));
#225 = DIRECTION('',(0.707106781187,0.707106781187,4.088782E-17));
#226 = ORIENTED_EDGE('',*,*,#227,.F.);
#227 = EDGE_CURVE('',#178,#219,#228,.T.);
#228 = ELLIPSE('',#229,3.920500479293E-02,3.E-02);
#229 = AXIS2_PLACEMENT_3D('',#230,#231,#232);
#230 = CARTESIAN_POINT('',(0.523438997158,1.358438997157,1.07));
#231 = DIRECTION('',(0.765208425772,0.111791679224,-0.634002117964));
#232 = DIRECTION('',(0.643782622573,-0.132877048671,0.753583190371));
#233 = ORIENTED_EDGE('',*,*,#177,.T.);
#234 = CYLINDRICAL_SURFACE('',#235,3.E-02);
#235 = AXIS2_PLACEMENT_3D('',#236,#237,#238);
#236 = CARTESIAN_POINT('',(0.150694006954,1.358438997157,1.07));
#237 = DIRECTION('',(-1.,0.,0.));
#238 = DIRECTION('',(0.,0.642787609686,0.766044443119));
#239 = ADVANCED_FACE('',(#240),#260,.T.);
#240 = FACE_BOUND('',#241,.T.);
#241 = EDGE_LOOP('',(#242,#251,#257,#258,#259));
#242 = ORIENTED_EDGE('',*,*,#243,.T.);
#243 = EDGE_CURVE('',#219,#244,#246,.T.);
#244 = VERTEX_POINT('',#245);
#245 = CARTESIAN_POINT('',(0.552983229748,1.358438997157,1.07520944533)
  );
#246 = ELLIPSE('',#247,3.920500479292E-02,3.E-02);
#247 = AXIS2_PLACEMENT_3D('',#248,#249,#250);
#248 = CARTESIAN_POINT('',(0.523438997158,1.358438997157,1.07));
#249 = DIRECTION('',(0.111791679223,0.765208425773,-0.634002117964));
#250 = DIRECTION('',(-0.132877048671,0.643782622573,0.753583190371));
#251 = ORIENTED_EDGE('',*,*,#252,.T.);
#252 = EDGE_CURVE('',#244,#120,#253,.T.);
#253 = LINE('',#254,#255);
#254 = CARTESIAN_POINT('',(0.552983229748,1.358438997157,1.07520944533)
  );
#255 = VECTOR('',#256,1.);
#256 = DIRECTION('',(0.171087869746,0.171087869747,-0.970287525248));
#257 = ORIENTED_EDGE('',*,*,#119,.T.);
#258 = ORIENTED_EDGE('',*,*,#185,.T.);
#259 = ORIENTED_EDGE('',*,*,#227,.T.);
#260 = CYLINDRICAL_SURFACE('',#261,3.E-02);
#261 = AXIS2_PLACEMENT_3D('',#262,#263,#264);
#262 = CARTESIAN_POINT('',(0.503023472272,1.338023472271,1.185782195125)
  );
#263 = DIRECTION('',(-0.171087869746,-0.171087869747,0.970287525248));
#264 = DIRECTION('',(0.686096888803,0.686096888803,0.241954785753));
#265 = ADVANCED_FACE('',(#266),#291,.T.);
#266 = FACE_BOUND('',#267,.T.);
#267 = EDGE_LOOP('',(#268,#269,#277,#285));
#268 = ORIENTED_EDGE('',*,*,#210,.F.);
#269 = ORIENTED_EDGE('',*,*,#270,.F.);
#270 = EDGE_CURVE('',#271,#202,#273,.T.);
#271 = VERTEX_POINT('',#272);
#272 = CARTESIAN_POINT('',(-0.523438997158,-1.358438997157,1.1));
#273 = LINE('',#274,#275);
#274 = CARTESIAN_POINT('',(-0.523438997158,-1.358438997157,1.1));
#275 = VECTOR('',#276,1.);
#276 = DIRECTION('',(0.,1.,0.));
#277 = ORIENTED_EDGE('',*,*,#278,.F.);
#278 = EDGE_CURVE('',#279,#271,#281,.T.);
#279 = VERTEX_POINT('',#280);
#280 = CARTESIAN_POINT('',(0.523438997158,-1.358438997157,1.1));
#281 = LINE('',#282,#283);
#282 = CARTESIAN_POINT('',(0.523438997158,-1.358438997157,1.1));
#283 = VECTOR('',#284,1.);
#284 = DIRECTION('',(-1.,0.,0.));
#285 = ORIENTED_EDGE('',*,*,#286,.F.);
#286 = EDGE_CURVE('',#211,#279,#287,.T.);
#287 = LINE('',#288,#289);
#288 = CARTESIAN_POINT('',(0.523438997158,1.358438997157,1.1));
#289 = VECTOR('',#290,1.);
#290 = DIRECTION('',(0.,-1.,0.));
#291 = PLANE('',#292);
#292 = AXIS2_PLACEMENT_3D('',#293,#294,#295);
#293 = CARTESIAN_POINT('',(-0.548611986093,1.485,1.1));
#294 = DIRECTION('',(0.,0.,1.));
#295 = DIRECTION('',(1.,0.,-0.));
#296 = ADVANCED_FACE('',(#297),#326,.T.);
#297 = FACE_BOUND('',#298,.T.);
#298 = EDGE_LOOP('',(#299,#300,#308,#317,#324,#325));
#299 = ORIENTED_EDGE('',*,*,#78,.F.);
#300 = ORIENTED_EDGE('',*,*,#301,.T.);
#301 = EDGE_CURVE('',#71,#302,#304,.T.);
#302 = VERTEX_POINT('',#303);
#303 = CARTESIAN_POINT('',(-0.552983229748,-1.358438997157,1.07520944533
    ));
#304 = LINE('',#305,#306);
#305 = CARTESIAN_POINT('',(-0.552983229748,1.358438997157,1.07520944533)
  );
#306 = VECTOR('',#307,1.);
#307 = DIRECTION('',(0.,-1.,0.));
#308 = ORIENTED_EDGE('',*,*,#309,.F.);
#309 = EDGE_CURVE('',#310,#302,#312,.T.);
#310 = VERTEX_POINT('',#311);
#311 = CARTESIAN_POINT('',(-0.541014882961,-1.37601488296,1.094312306313
    ));
#312 = ELLIPSE('',#313,3.920500479292E-02,3.E-02);
#313 = AXIS2_PLACEMENT_3D('',#314,#315,#316);
#314 = CARTESIAN_POINT('',(-0.523438997158,-1.358438997157,1.07));
#315 = DIRECTION('',(-0.111791679223,-0.765208425773,-0.634002117964));
#316 = DIRECTION('',(0.132877048671,-0.643782622573,0.753583190371));
#317 = ORIENTED_EDGE('',*,*,#318,.T.);
#318 = EDGE_CURVE('',#310,#271,#319,.T.);
#319 = ELLIPSE('',#320,4.242640687119E-02,3.E-02);
#320 = AXIS2_PLACEMENT_3D('',#321,#322,#323);
#321 = CARTESIAN_POINT('',(-0.523438997158,-1.358438997157,1.07));
#322 = DIRECTION('',(-0.707106781187,0.707106781187,0.));
#323 = DIRECTION('',(-0.707106781187,-0.707106781187,0.));
#324 = ORIENTED_EDGE('',*,*,#270,.T.);
#325 = ORIENTED_EDGE('',*,*,#201,.F.);
#326 = CYLINDRICAL_SURFACE('',#327,3.E-02);
#327 = AXIS2_PLACEMENT_3D('',#328,#329,#330);
#328 = CARTESIAN_POINT('',(-0.523438997158,1.485,1.07));
#329 = DIRECTION('',(0.,-1.,0.));
#330 = DIRECTION('',(-0.642787609687,0.,0.766044443119));
#331 = ADVANCED_FACE('',(#332),#367,.T.);
#332 = FACE_BOUND('',#333,.T.);
#333 = EDGE_LOOP('',(#334,#335,#343,#352,#361));
#334 = ORIENTED_EDGE('',*,*,#136,.T.);
#335 = ORIENTED_EDGE('',*,*,#336,.T.);
#336 = EDGE_CURVE('',#129,#337,#339,.T.);
#337 = VERTEX_POINT('',#338);
#338 = CARTESIAN_POINT('',(0.552983229748,-1.358438997157,1.07520944533)
  );
#339 = LINE('',#340,#341);
#340 = CARTESIAN_POINT('',(0.65,-1.45545576741,0.525));
#341 = VECTOR('',#342,1.);
#342 = DIRECTION('',(-0.171087869746,0.171087869747,0.970287525248));
#343 = ORIENTED_EDGE('',*,*,#344,.T.);
#344 = EDGE_CURVE('',#337,#345,#347,.T.);
#345 = VERTEX_POINT('',#346);
#346 = CARTESIAN_POINT('',(0.541014882961,-1.37601488296,1.094312306313)
  );
#347 = ELLIPSE('',#348,3.920500479292E-02,3.E-02);
#348 = AXIS2_PLACEMENT_3D('',#349,#350,#351);
#349 = CARTESIAN_POINT('',(0.523438997158,-1.358438997157,1.07));
#350 = DIRECTION('',(0.111791679223,-0.765208425773,-0.634002117964));
#351 = DIRECTION('',(-0.132877048671,-0.643782622573,0.753583190371));
#352 = ORIENTED_EDGE('',*,*,#353,.T.);
#353 = EDGE_CURVE('',#345,#354,#356,.T.);
#354 = VERTEX_POINT('',#355);
#355 = CARTESIAN_POINT('',(0.523438997158,-1.387983229747,1.07520944533)
  );
#356 = ELLIPSE('',#357,3.920500479293E-02,3.E-02);
#357 = AXIS2_PLACEMENT_3D('',#358,#359,#360);
#358 = CARTESIAN_POINT('',(0.523438997158,-1.358438997157,1.07));
#359 = DIRECTION('',(0.765208425772,-0.111791679224,-0.634002117964));
#360 = DIRECTION('',(0.643782622573,0.132877048671,0.753583190371));
#361 = ORIENTED_EDGE('',*,*,#362,.T.);
#362 = EDGE_CURVE('',#354,#137,#363,.T.);
#363 = LINE('',#364,#365);
#364 = CARTESIAN_POINT('',(0.523438997158,-1.387983229747,1.07520944533)
  );
#365 = VECTOR('',#366,1.);
#366 = DIRECTION('',(0.171087869746,-0.171087869747,-0.970287525248));
#367 = CYLINDRICAL_SURFACE('',#368,3.E-02);
#368 = AXIS2_PLACEMENT_3D('',#369,#370,#371);
#369 = CARTESIAN_POINT('',(0.531570001758,-1.366570001757,1.023886781438
    ));
#370 = DIRECTION('',(0.171087869746,-0.171087869747,-0.970287525248));
#371 = DIRECTION('',(0.686096888803,-0.686096888803,0.241954785753));
#372 = ADVANCED_FACE('',(#373),#391,.F.);
#373 = FACE_BOUND('',#374,.T.);
#374 = EDGE_LOOP('',(#375,#376,#384,#390));
#375 = ORIENTED_EDGE('',*,*,#362,.F.);
#376 = ORIENTED_EDGE('',*,*,#377,.F.);
#377 = EDGE_CURVE('',#378,#354,#380,.T.);
#378 = VERTEX_POINT('',#379);
#379 = CARTESIAN_POINT('',(-0.523438997158,-1.387983229747,1.07520944533
    ));
#380 = LINE('',#381,#382);
#381 = CARTESIAN_POINT('',(-0.523438997158,-1.387983229747,1.07520944533
    ));
#382 = VECTOR('',#383,1.);
#383 = DIRECTION('',(1.,0.,0.));
#384 = ORIENTED_EDGE('',*,*,#385,.F.);
#385 = EDGE_CURVE('',#146,#378,#386,.T.);
#386 = LINE('',#387,#388);
#387 = CARTESIAN_POINT('',(-0.62045576741,-1.485,0.525000000002));
#388 = VECTOR('',#389,1.);
#389 = DIRECTION('',(0.171087869746,0.171087869747,0.970287525248));
#390 = ORIENTED_EDGE('',*,*,#145,.F.);
#391 = PLANE('',#392);
#392 = AXIS2_PLACEMENT_3D('',#393,#394,#395);
#393 = CARTESIAN_POINT('',(0.85,-1.485,0.525));
#394 = DIRECTION('',(0.,0.984807753012,-0.173648177668));
#395 = DIRECTION('',(0.,0.173648177668,0.984807753012));
#396 = ADVANCED_FACE('',(#397),#417,.T.);
#397 = FACE_BOUND('',#398,.T.);
#398 = EDGE_LOOP('',(#399,#400,#407,#408,#409,#416));
#399 = ORIENTED_EDGE('',*,*,#353,.F.);
#400 = ORIENTED_EDGE('',*,*,#401,.F.);
#401 = EDGE_CURVE('',#279,#345,#402,.T.);
#402 = ELLIPSE('',#403,4.242640687119E-02,3.E-02);
#403 = AXIS2_PLACEMENT_3D('',#404,#405,#406);
#404 = CARTESIAN_POINT('',(0.523438997158,-1.358438997157,1.07));
#405 = DIRECTION('',(0.707106781187,0.707106781187,0.));
#406 = DIRECTION('',(-0.707106781187,0.707106781187,0.));
#407 = ORIENTED_EDGE('',*,*,#278,.T.);
#408 = ORIENTED_EDGE('',*,*,#318,.F.);
#409 = ORIENTED_EDGE('',*,*,#410,.F.);
#410 = EDGE_CURVE('',#378,#310,#411,.T.);
#411 = ELLIPSE('',#412,3.920500479294E-02,3.E-02);
#412 = AXIS2_PLACEMENT_3D('',#413,#414,#415);
#413 = CARTESIAN_POINT('',(-0.523438997158,-1.358438997157,1.07));
#414 = DIRECTION('',(-0.765208425772,-0.111791679224,-0.634002117964));
#415 = DIRECTION('',(-0.643782622573,0.132877048671,0.753583190371));
#416 = ORIENTED_EDGE('',*,*,#377,.T.);
#417 = CYLINDRICAL_SURFACE('',#418,3.E-02);
#418 = AXIS2_PLACEMENT_3D('',#419,#420,#421);
#419 = CARTESIAN_POINT('',(0.150694006954,-1.358438997157,1.07));
#420 = DIRECTION('',(1.,0.,0.));
#421 = DIRECTION('',(0.,-0.642787609686,0.766044443119));
#422 = ADVANCED_FACE('',(#423),#435,.T.);
#423 = FACE_BOUND('',#424,.T.);
#424 = EDGE_LOOP('',(#425,#426,#432,#433,#434));
#425 = ORIENTED_EDGE('',*,*,#309,.T.);
#426 = ORIENTED_EDGE('',*,*,#427,.T.);
#427 = EDGE_CURVE('',#302,#154,#428,.T.);
#428 = LINE('',#429,#430);
#429 = CARTESIAN_POINT('',(-0.552983229748,-1.358438997157,1.07520944533
    ));
#430 = VECTOR('',#431,1.);
#431 = DIRECTION('',(-0.171087869746,-0.171087869747,-0.970287525248));
#432 = ORIENTED_EDGE('',*,*,#153,.T.);
#433 = ORIENTED_EDGE('',*,*,#385,.T.);
#434 = ORIENTED_EDGE('',*,*,#410,.T.);
#435 = CYLINDRICAL_SURFACE('',#436,3.E-02);
#436 = AXIS2_PLACEMENT_3D('',#437,#438,#439);
#437 = CARTESIAN_POINT('',(-0.555899741136,-1.390899741135,
    0.885905972827));
#438 = DIRECTION('',(0.171087869746,0.171087869747,0.970287525248));
#439 = DIRECTION('',(-0.686096888803,-0.686096888803,0.241954785753));
#440 = ADVANCED_FACE('',(#441),#447,.T.);
#441 = FACE_BOUND('',#442,.T.);
#442 = EDGE_LOOP('',(#443,#444,#445,#446));
#443 = ORIENTED_EDGE('',*,*,#70,.F.);
#444 = ORIENTED_EDGE('',*,*,#162,.T.);
#445 = ORIENTED_EDGE('',*,*,#427,.F.);
#446 = ORIENTED_EDGE('',*,*,#301,.F.);
#447 = PLANE('',#448);
#448 = AXIS2_PLACEMENT_3D('',#449,#450,#451);
#449 = CARTESIAN_POINT('',(-0.65,1.485,0.525000000003));
#450 = DIRECTION('',(-0.984807753012,0.,0.173648177667));
#451 = DIRECTION('',(0.173648177667,0.,0.984807753012));
#452 = ADVANCED_FACE('',(#453),#466,.T.);
#453 = FACE_BOUND('',#454,.T.);
#454 = EDGE_LOOP('',(#455,#456,#457,#458,#459,#460));
#455 = ORIENTED_EDGE('',*,*,#243,.F.);
#456 = ORIENTED_EDGE('',*,*,#218,.F.);
#457 = ORIENTED_EDGE('',*,*,#286,.T.);
#458 = ORIENTED_EDGE('',*,*,#401,.T.);
#459 = ORIENTED_EDGE('',*,*,#344,.F.);
#460 = ORIENTED_EDGE('',*,*,#461,.T.);
#461 = EDGE_CURVE('',#337,#244,#462,.T.);
#462 = LINE('',#463,#464);
#463 = CARTESIAN_POINT('',(0.552983229748,-1.358438997157,1.07520944533)
  );
#464 = VECTOR('',#465,1.);
#465 = DIRECTION('',(0.,1.,0.));
#466 = CYLINDRICAL_SURFACE('',#467,3.E-02);
#467 = AXIS2_PLACEMENT_3D('',#468,#469,#470);
#468 = CARTESIAN_POINT('',(0.523438997158,1.485,1.07));
#469 = DIRECTION('',(0.,-1.,0.));
#470 = DIRECTION('',(0.642787609687,0.,0.766044443119));
#471 = ADVANCED_FACE('',(#472),#478,.T.);
#472 = FACE_BOUND('',#473,.T.);
#473 = EDGE_LOOP('',(#474,#475,#476,#477));
#474 = ORIENTED_EDGE('',*,*,#252,.F.);
#475 = ORIENTED_EDGE('',*,*,#461,.F.);
#476 = ORIENTED_EDGE('',*,*,#336,.F.);
#477 = ORIENTED_EDGE('',*,*,#128,.F.);
#478 = PLANE('',#479);
#479 = AXIS2_PLACEMENT_3D('',#480,#481,#482);
#480 = CARTESIAN_POINT('',(0.548611986093,1.485,1.1));
#481 = DIRECTION('',(0.984807753012,0.,0.173648177667));
#482 = DIRECTION('',(0.173648177667,0.,-0.984807753012));
#483 = MANIFOLD_SOLID_BREP('',#484);
#484 = CLOSED_SHELL('',(#485,#527,#543,#561));
#485 = ADVANCED_FACE('',(#486),#522,.T.);
#486 = FACE_BOUND('',#487,.T.);
#487 = EDGE_LOOP('',(#488,#498,#507,#515));
#488 = ORIENTED_EDGE('',*,*,#489,.F.);
#489 = EDGE_CURVE('',#490,#492,#494,.T.);
#490 = VERTEX_POINT('',#491);
#491 = CARTESIAN_POINT('',(0.326838285539,0.66356159445,1.1));
#492 = VERTEX_POINT('',#493);
#493 = CARTESIAN_POINT('',(0.326838285539,0.66356159445,1.101));
#494 = LINE('',#495,#496);
#495 = CARTESIAN_POINT('',(0.326838285539,0.66356159445,1.1));
#496 = VECTOR('',#497,1.);
#497 = DIRECTION('',(0.,0.,1.));
#498 = ORIENTED_EDGE('',*,*,#499,.T.);
#499 = EDGE_CURVE('',#490,#500,#502,.T.);
#500 = VERTEX_POINT('',#501);
#501 = CARTESIAN_POINT('',(0.229739614017,0.66356159445,1.1));
#502 = CIRCLE('',#503,4.854933576129E-02);
#503 = AXIS2_PLACEMENT_3D('',#504,#505,#506);
#504 = CARTESIAN_POINT('',(0.278288949778,0.66356159445,1.1));
#505 = DIRECTION('',(0.,0.,1.));
#506 = DIRECTION('',(1.,0.,-0.));
#507 = ORIENTED_EDGE('',*,*,#508,.T.);
#508 = EDGE_CURVE('',#500,#509,#511,.T.);
#509 = VERTEX_POINT('',#510);
#510 = CARTESIAN_POINT('',(0.229739614017,0.66356159445,1.101));
#511 = LINE('',#512,#513);
#512 = CARTESIAN_POINT('',(0.229739614017,0.66356159445,1.1));
#513 = VECTOR('',#514,1.);
#514 = DIRECTION('',(0.,0.,1.));
#515 = ORIENTED_EDGE('',*,*,#516,.T.);
#516 = EDGE_CURVE('',#509,#492,#517,.T.);
#517 = CIRCLE('',#518,4.854933576129E-02);
#518 = AXIS2_PLACEMENT_3D('',#519,#520,#521);
#519 = CARTESIAN_POINT('',(0.278288949778,0.66356159445,1.101));
#520 = DIRECTION('',(0.,0.,-1.));
#521 = DIRECTION('',(1.,0.,0.));
#522 = CYLINDRICAL_SURFACE('',#523,4.854933576129E-02);
#523 = AXIS2_PLACEMENT_3D('',#524,#525,#526);
#524 = CARTESIAN_POINT('',(0.278288949778,0.66356159445,1.1012));
#525 = DIRECTION('',(0.,0.,-1.));
#526 = DIRECTION('',(1.,0.,0.));
#527 = ADVANCED_FACE('',(#528),#538,.T.);
#528 = FACE_BOUND('',#529,.T.);
#529 = EDGE_LOOP('',(#530,#531));
#530 = ORIENTED_EDGE('',*,*,#516,.F.);
#531 = ORIENTED_EDGE('',*,*,#532,.F.);
#532 = EDGE_CURVE('',#492,#509,#533,.T.);
#533 = CIRCLE('',#534,4.854933576129E-02);
#534 = AXIS2_PLACEMENT_3D('',#535,#536,#537);
#535 = CARTESIAN_POINT('',(0.278288949778,0.66356159445,1.101));
#536 = DIRECTION('',(0.,0.,-1.));
#537 = DIRECTION('',(1.,0.,0.));
#538 = PLANE('',#539);
#539 = AXIS2_PLACEMENT_3D('',#540,#541,#542);
#540 = CARTESIAN_POINT('',(0.165926425667,0.665869031183,1.101));
#541 = DIRECTION('',(0.,0.,1.));
#542 = DIRECTION('',(0.,-1.,0.));
#543 = ADVANCED_FACE('',(#544),#556,.T.);
#544 = FACE_BOUND('',#545,.T.);
#545 = EDGE_LOOP('',(#546,#547,#548,#549));
#546 = ORIENTED_EDGE('',*,*,#489,.T.);
#547 = ORIENTED_EDGE('',*,*,#532,.T.);
#548 = ORIENTED_EDGE('',*,*,#508,.F.);
#549 = ORIENTED_EDGE('',*,*,#550,.T.);
#550 = EDGE_CURVE('',#500,#490,#551,.T.);
#551 = CIRCLE('',#552,4.854933576129E-02);
#552 = AXIS2_PLACEMENT_3D('',#553,#554,#555);
#553 = CARTESIAN_POINT('',(0.278288949778,0.66356159445,1.1));
#554 = DIRECTION('',(0.,0.,1.));
#555 = DIRECTION('',(1.,0.,-0.));
#556 = CYLINDRICAL_SURFACE('',#557,4.854933576129E-02);
#557 = AXIS2_PLACEMENT_3D('',#558,#559,#560);
#558 = CARTESIAN_POINT('',(0.278288949778,0.66356159445,1.1012));
#559 = DIRECTION('',(0.,0.,-1.));
#560 = DIRECTION('',(1.,0.,0.));
#561 = ADVANCED_FACE('',(#562),#566,.F.);
#562 = FACE_BOUND('',#563,.T.);
#563 = EDGE_LOOP('',(#564,#565));
#564 = ORIENTED_EDGE('',*,*,#550,.F.);
#565 = ORIENTED_EDGE('',*,*,#499,.F.);
#566 = PLANE('',#567);
#567 = AXIS2_PLACEMENT_3D('',#568,#569,#570);
#568 = CARTESIAN_POINT('',(0.164646771177,4.523723925179E-02,1.1));
#569 = DIRECTION('',(0.,0.,1.));
#570 = DIRECTION('',(1.,0.,-0.));
#571 = MANIFOLD_SOLID_BREP('',#572);
#572 = CLOSED_SHELL('',(#573,#803,#835,#859,#884,#909,#934,#959,#984,
    #1009,#1034,#1059,#1084,#1109,#1134,#1159,#1184,#1208,#1232,#1257,
    #1282,#1307,#1332,#1357,#1382,#1407,#1425));
#573 = ADVANCED_FACE('',(#574),#798,.T.);
#574 = FACE_BOUND('',#575,.T.);
#575 = EDGE_LOOP('',(#576,#587,#596,#605,#614,#623,#632,#641,#650,#659,
    #668,#677,#685,#694,#703,#712,#720,#728,#737,#746,#755,#764,#773,
    #782,#791));
#576 = ORIENTED_EDGE('',*,*,#577,.F.);
#577 = EDGE_CURVE('',#578,#580,#582,.T.);
#578 = VERTEX_POINT('',#579);
#579 = CARTESIAN_POINT('',(0.241120293458,0.722587806677,1.101));
#580 = VERTEX_POINT('',#581);
#581 = CARTESIAN_POINT('',(0.207910177305,0.751056080528,1.101));
#582 = CIRCLE('',#583,0.152817002591);
#583 = AXIS2_PLACEMENT_3D('',#584,#585,#586);
#584 = CARTESIAN_POINT('',(0.126082148909,0.621993266171,1.101));
#585 = DIRECTION('',(0.,0.,1.));
#586 = DIRECTION('',(0.65082379305,0.759228812942,-0.));
#587 = ORIENTED_EDGE('',*,*,#588,.F.);
#588 = EDGE_CURVE('',#589,#578,#591,.T.);
#589 = VERTEX_POINT('',#590);
#590 = CARTESIAN_POINT('',(0.266305640108,0.73227842668,1.101));
#591 = CIRCLE('',#592,6.975387259768E-02);
#592 = AXIS2_PLACEMENT_3D('',#593,#594,#595);
#593 = CARTESIAN_POINT('',(0.278288949776,0.66356159445,1.101));
#594 = DIRECTION('',(0.,0.,1.));
#595 = DIRECTION('',(-0.359106531136,0.93329657628,0.));
#596 = ORIENTED_EDGE('',*,*,#597,.F.);
#597 = EDGE_CURVE('',#598,#589,#600,.T.);
#598 = VERTEX_POINT('',#599);
#599 = CARTESIAN_POINT('',(0.239320933121,0.77298123853,1.101));
#600 = CIRCLE('',#601,0.184406194957);
#601 = AXIS2_PLACEMENT_3D('',#602,#603,#604);
#602 = CARTESIAN_POINT('',(0.10046961699,0.65163068539,1.101));
#603 = DIRECTION('',(0.,0.,-1.));
#604 = DIRECTION('',(0.833469928796,0.55256481773,0.));
#605 = ORIENTED_EDGE('',*,*,#606,.F.);
#606 = EDGE_CURVE('',#607,#598,#609,.T.);
#607 = VERTEX_POINT('',#608);
#608 = CARTESIAN_POINT('',(0.197649307245,0.80502051169,1.101));
#609 = CIRCLE('',#610,0.135932160559);
#610 = AXIS2_PLACEMENT_3D('',#611,#612,#613);
#611 = CARTESIAN_POINT('',(0.137194968792,0.683271486082,1.101));
#612 = DIRECTION('',(0.,0.,-1.));
#613 = DIRECTION('',(0.609521618891,0.792769447005,0.));
#614 = ORIENTED_EDGE('',*,*,#615,.F.);
#615 = EDGE_CURVE('',#616,#607,#618,.T.);
#616 = VERTEX_POINT('',#617);
#617 = CARTESIAN_POINT('',(0.142397080928,0.815029777849,1.101));
#618 = CIRCLE('',#619,0.103394007403);
#619 = AXIS2_PLACEMENT_3D('',#620,#621,#622);
#620 = CARTESIAN_POINT('',(0.152285232206,0.712109686365,1.101));
#621 = DIRECTION('',(0.,0.,-1.));
#622 = DIRECTION('',(0.178254569249,0.983984404623,0.));
#623 = ORIENTED_EDGE('',*,*,#624,.F.);
#624 = EDGE_CURVE('',#625,#616,#627,.T.);
#625 = VERTEX_POINT('',#626);
#626 = CARTESIAN_POINT('',(8.877288226213E-02,0.794017409691,1.101));
#627 = CIRCLE('',#628,0.110517004236);
#628 = AXIS2_PLACEMENT_3D('',#629,#630,#631);
#629 = CARTESIAN_POINT('',(0.154512700322,0.705178878936,1.101));
#630 = DIRECTION('',(0.,0.,-1.));
#631 = DIRECTION('',(-0.364835761663,0.93107189143,0.));
#632 = ORIENTED_EDGE('',*,*,#633,.F.);
#633 = EDGE_CURVE('',#634,#625,#636,.T.);
#634 = VERTEX_POINT('',#635);
#635 = CARTESIAN_POINT('',(4.730497156277E-02,0.748162780669,1.101));
#636 = CIRCLE('',#637,0.174406187466);
#637 = AXIS2_PLACEMENT_3D('',#638,#639,#640);
#638 = CARTESIAN_POINT('',(0.195346819168,0.655961210269,1.101));
#639 = DIRECTION('',(0.,0.,-1.));
#640 = DIRECTION('',(-0.741693568826,0.670738883592,0.));
#641 = ORIENTED_EDGE('',*,*,#642,.F.);
#642 = EDGE_CURVE('',#643,#634,#645,.T.);
#643 = VERTEX_POINT('',#644);
#644 = CARTESIAN_POINT('',(2.156764995332E-02,0.696748437863,1.101));
#645 = CIRCLE('',#646,0.253810511139);
#646 = AXIS2_PLACEMENT_3D('',#647,#648,#649);
#647 = CARTESIAN_POINT('',(0.25993748993,0.609572782121,1.101));
#648 = DIRECTION('',(0.,0.,-1.));
#649 = DIRECTION('',(-0.894217339184,0.447633053183,0.));
#650 = ORIENTED_EDGE('',*,*,#651,.F.);
#651 = EDGE_CURVE('',#652,#643,#654,.T.);
#652 = VERTEX_POINT('',#653);
#653 = CARTESIAN_POINT('',(8.965855790631E-03,0.64889240812,1.101));
#654 = CIRCLE('',#655,0.264580822998);
#655 = AXIS2_PLACEMENT_3D('',#656,#657,#658);
#656 = CARTESIAN_POINT('',(0.27000412938,0.605741143713,1.101));
#657 = DIRECTION('',(0.,0.,-1.));
#658 = DIRECTION('',(-0.967034231137,0.254646413305,0.));
#659 = ORIENTED_EDGE('',*,*,#660,.F.);
#660 = EDGE_CURVE('',#661,#652,#663,.T.);
#661 = VERTEX_POINT('',#662);
#662 = CARTESIAN_POINT('',(1.899748214743E-02,0.515971999631,1.101));
#663 = CIRCLE('',#664,0.299589305339);
#664 = AXIS2_PLACEMENT_3D('',#665,#666,#667);
#665 = CARTESIAN_POINT('',(0.305234932693,0.604413357485,1.101));
#666 = DIRECTION('',(0.,0.,-1.));
#667 = DIRECTION('',(-0.99716417824,-7.52569042337E-02,-0.));
#668 = ORIENTED_EDGE('',*,*,#669,.F.);
#669 = EDGE_CURVE('',#670,#661,#672,.T.);
#670 = VERTEX_POINT('',#671);
#671 = CARTESIAN_POINT('',(4.304127876712E-02,0.46607938427,1.101));
#672 = CIRCLE('',#673,0.219317391454);
#673 = AXIS2_PLACEMENT_3D('',#674,#675,#676);
#674 = CARTESIAN_POINT('',(0.227010298894,0.585475857534,1.101));
#675 = DIRECTION('',(0.,0.,-1.));
#676 = DIRECTION('',(-0.900850400474,-0.434129653406,-0.));
#677 = ORIENTED_EDGE('',*,*,#678,.F.);
#678 = EDGE_CURVE('',#679,#670,#681,.T.);
#679 = VERTEX_POINT('',#680);
#680 = CARTESIAN_POINT('',(0.288180403823,0.523015462377,1.101));
#681 = LINE('',#682,#683);
#682 = CARTESIAN_POINT('',(0.288180403823,0.523015462377,1.101));
#683 = VECTOR('',#684,1.);
#684 = DIRECTION('',(-0.974072003076,-0.226238221404,0.));
#685 = ORIENTED_EDGE('',*,*,#686,.F.);
#686 = EDGE_CURVE('',#687,#679,#689,.T.);
#687 = VERTEX_POINT('',#688);
#688 = CARTESIAN_POINT('',(0.300732350981,0.597516939215,1.101));
#689 = CIRCLE('',#690,0.255554392859);
#690 = AXIS2_PLACEMENT_3D('',#691,#692,#693);
#691 = CARTESIAN_POINT('',(4.522192186789E-02,0.602257015589,1.101));
#692 = DIRECTION('',(0.,0.,-1.));
#693 = DIRECTION('',(0.986102555787,-0.166137742464,0.));
#694 = ORIENTED_EDGE('',*,*,#695,.F.);
#695 = EDGE_CURVE('',#696,#687,#698,.T.);
#696 = VERTEX_POINT('',#697);
#697 = CARTESIAN_POINT('',(0.283323942038,0.593989677735,1.101));
#698 = CIRCLE('',#699,6.975387259509E-02);
#699 = AXIS2_PLACEMENT_3D('',#700,#701,#702);
#700 = CARTESIAN_POINT('',(0.278288949782,0.663561594447,1.101));
#701 = DIRECTION('',(0.,0.,1.));
#702 = DIRECTION('',(0.198582929856,-0.980084088214,0.));
#703 = ORIENTED_EDGE('',*,*,#704,.F.);
#704 = EDGE_CURVE('',#705,#696,#707,.T.);
#705 = VERTEX_POINT('',#706);
#706 = CARTESIAN_POINT('',(0.286955312814,0.546373048925,1.101));
#707 = CIRCLE('',#708,0.467308617241);
#708 = AXIS2_PLACEMENT_3D('',#709,#710,#711);
#709 = CARTESIAN_POINT('',(-0.180207308539,0.534692768142,1.101));
#710 = DIRECTION('',(0.,0.,1.));
#711 = DIRECTION('',(0.99710462684,7.604185120077E-02,-0.));
#712 = ORIENTED_EDGE('',*,*,#713,.F.);
#713 = EDGE_CURVE('',#714,#705,#716,.T.);
#714 = VERTEX_POINT('',#715);
#715 = CARTESIAN_POINT('',(0.283915900311,0.545667114174,1.101));
#716 = LINE('',#717,#718);
#717 = CARTESIAN_POINT('',(0.283915900311,0.545667114174,1.101));
#718 = VECTOR('',#719,1.);
#719 = DIRECTION('',(0.974072003173,0.226238220983,0.));
#720 = ORIENTED_EDGE('',*,*,#721,.F.);
#721 = EDGE_CURVE('',#722,#714,#724,.T.);
#722 = VERTEX_POINT('',#723);
#723 = CARTESIAN_POINT('',(3.938854749398E-02,0.488873126448,1.101));
#724 = LINE('',#725,#726);
#725 = CARTESIAN_POINT('',(3.938854749401E-02,0.488873126448,1.101));
#726 = VECTOR('',#727,1.);
#727 = DIRECTION('',(0.974072003075,0.226238221408,0.));
#728 = ORIENTED_EDGE('',*,*,#729,.F.);
#729 = EDGE_CURVE('',#730,#722,#732,.T.);
#730 = VERTEX_POINT('',#731);
#731 = CARTESIAN_POINT('',(3.153607887838E-02,0.509435978786,1.101));
#732 = CIRCLE('',#733,0.17267464813);
#733 = AXIS2_PLACEMENT_3D('',#734,#735,#736);
#734 = CARTESIAN_POINT('',(0.196447031089,0.560630821769,1.101));
#735 = DIRECTION('',(0.,0.,1.));
#736 = DIRECTION('',(-0.934200252113,-0.356749055992,0.));
#737 = ORIENTED_EDGE('',*,*,#738,.F.);
#738 = EDGE_CURVE('',#739,#730,#741,.T.);
#739 = VERTEX_POINT('',#740);
#740 = CARTESIAN_POINT('',(2.082299592272E-02,0.57446859813,1.101));
#741 = CIRCLE('',#742,0.215283446328);
#742 = AXIS2_PLACEMENT_3D('',#743,#744,#745);
#743 = CARTESIAN_POINT('',(0.236096546362,0.576532755207,1.101));
#744 = DIRECTION('',(0.,0.,1.));
#745 = DIRECTION('',(-0.986701417705,-0.162543262855,0.));
#746 = ORIENTED_EDGE('',*,*,#747,.F.);
#747 = EDGE_CURVE('',#748,#739,#750,.T.);
#748 = VERTEX_POINT('',#749);
#749 = CARTESIAN_POINT('',(2.633705887831E-02,0.632466885544,1.101));
#750 = CIRCLE('',#751,0.26294165585);
#751 = AXIS2_PLACEMENT_3D('',#752,#753,#754);
#752 = CARTESIAN_POINT('',(0.283730044428,0.578734536156,1.101));
#753 = DIRECTION('',(0.,0.,1.));
#754 = DIRECTION('',(-0.995510984644,9.464607468558E-02,0.));
#755 = ORIENTED_EDGE('',*,*,#756,.F.);
#756 = EDGE_CURVE('',#757,#748,#759,.T.);
#757 = VERTEX_POINT('',#758);
#758 = CARTESIAN_POINT('',(4.270076820492E-02,0.681757561373,1.101));
#759 = CIRCLE('',#760,0.211824046663);
#760 = AXIS2_PLACEMENT_3D('',#761,#762,#763);
#761 = CARTESIAN_POINT('',(0.23403770563,0.590875202682,1.101));
#762 = DIRECTION('',(0.,0.,1.));
#763 = DIRECTION('',(-0.949066817009,0.315074874994,0.));
#764 = ORIENTED_EDGE('',*,*,#765,.F.);
#765 = EDGE_CURVE('',#766,#757,#768,.T.);
#766 = VERTEX_POINT('',#767);
#767 = CARTESIAN_POINT('',(7.225759711968E-02,0.726854147876,1.101));
#768 = CIRCLE('',#769,0.165643236734);
#769 = AXIS2_PLACEMENT_3D('',#770,#771,#772);
#770 = CARTESIAN_POINT('',(0.194170844376,0.61471654482,1.101));
#771 = DIRECTION('',(0.,0.,1.));
#772 = DIRECTION('',(-0.836369389811,0.548166255608,0.));
#773 = ORIENTED_EDGE('',*,*,#774,.F.);
#774 = EDGE_CURVE('',#775,#766,#777,.T.);
#775 = VERTEX_POINT('',#776);
#776 = CARTESIAN_POINT('',(0.115947085187,0.758263380388,1.101));
#777 = CIRCLE('',#778,0.128378567689);
#778 = AXIS2_PLACEMENT_3D('',#779,#780,#781);
#779 = CARTESIAN_POINT('',(0.167376293244,0.640636456598,1.101));
#780 = DIRECTION('',(0.,0.,1.));
#781 = DIRECTION('',(-0.583726883587,0.811950075668,0.));
#782 = ORIENTED_EDGE('',*,*,#783,.F.);
#783 = EDGE_CURVE('',#784,#775,#786,.T.);
#784 = VERTEX_POINT('',#785);
#785 = CARTESIAN_POINT('',(0.160030278211,0.765976597402,1.101));
#786 = CIRCLE('',#787,9.631581875903E-02);
#787 = AXIS2_PLACEMENT_3D('',#788,#789,#790);
#788 = CARTESIAN_POINT('',(0.154134627947,0.669841389225,1.101));
#789 = DIRECTION('',(0.,0.,1.));
#790 = DIRECTION('',(-0.172351240941,0.985035557605,0.));
#791 = ORIENTED_EDGE('',*,*,#792,.F.);
#792 = EDGE_CURVE('',#580,#784,#793,.T.);
#793 = CIRCLE('',#794,0.102494496151);
#794 = AXIS2_PLACEMENT_3D('',#795,#796,#797);
#795 = CARTESIAN_POINT('',(0.154403463305,0.663636670222,1.101));
#796 = DIRECTION('',(0.,0.,1.));
#797 = DIRECTION('',(0.29751281221,0.954717825627,-0.));
#798 = PLANE('',#799);
#799 = AXIS2_PLACEMENT_3D('',#800,#801,#802);
#800 = CARTESIAN_POINT('',(0.165926425667,0.665869031183,1.101));
#801 = DIRECTION('',(0.,0.,1.));
#802 = DIRECTION('',(0.,-1.,0.));
#803 = ADVANCED_FACE('',(#804),#830,.T.);
#804 = FACE_BOUND('',#805,.T.);
#805 = EDGE_LOOP('',(#806,#807,#815,#824));
#806 = ORIENTED_EDGE('',*,*,#686,.T.);
#807 = ORIENTED_EDGE('',*,*,#808,.T.);
#808 = EDGE_CURVE('',#679,#809,#811,.T.);
#809 = VERTEX_POINT('',#810);
#810 = CARTESIAN_POINT('',(0.288180403823,0.523015462377,1.1));
#811 = LINE('',#812,#813);
#812 = CARTESIAN_POINT('',(0.288180403823,0.523015462377,1.101));
#813 = VECTOR('',#814,1.);
#814 = DIRECTION('',(0.,0.,-1.));
#815 = ORIENTED_EDGE('',*,*,#816,.T.);
#816 = EDGE_CURVE('',#809,#817,#819,.T.);
#817 = VERTEX_POINT('',#818);
#818 = CARTESIAN_POINT('',(0.300732350981,0.597516939215,1.1));
#819 = CIRCLE('',#820,0.255554392859);
#820 = AXIS2_PLACEMENT_3D('',#821,#822,#823);
#821 = CARTESIAN_POINT('',(4.522192186789E-02,0.602257015589,1.1));
#822 = DIRECTION('',(0.,0.,1.));
#823 = DIRECTION('',(0.986102555787,-0.166137742464,0.));
#824 = ORIENTED_EDGE('',*,*,#825,.F.);
#825 = EDGE_CURVE('',#687,#817,#826,.T.);
#826 = LINE('',#827,#828);
#827 = CARTESIAN_POINT('',(0.300732350981,0.597516939215,1.101));
#828 = VECTOR('',#829,1.);
#829 = DIRECTION('',(0.,0.,-1.));
#830 = CYLINDRICAL_SURFACE('',#831,0.255554392859);
#831 = AXIS2_PLACEMENT_3D('',#832,#833,#834);
#832 = CARTESIAN_POINT('',(4.522192186789E-02,0.602257015589,1.1012));
#833 = DIRECTION('',(0.,0.,-1.));
#834 = DIRECTION('',(0.986102555787,-0.166137742464,0.));
#835 = ADVANCED_FACE('',(#836),#854,.T.);
#836 = FACE_BOUND('',#837,.T.);
#837 = EDGE_LOOP('',(#838,#839,#847,#853));
#838 = ORIENTED_EDGE('',*,*,#678,.T.);
#839 = ORIENTED_EDGE('',*,*,#840,.T.);
#840 = EDGE_CURVE('',#670,#841,#843,.T.);
#841 = VERTEX_POINT('',#842);
#842 = CARTESIAN_POINT('',(4.304127876712E-02,0.46607938427,1.1));
#843 = LINE('',#844,#845);
#844 = CARTESIAN_POINT('',(4.304127876712E-02,0.46607938427,1.101));
#845 = VECTOR('',#846,1.);
#846 = DIRECTION('',(0.,0.,-1.));
#847 = ORIENTED_EDGE('',*,*,#848,.T.);
#848 = EDGE_CURVE('',#841,#809,#849,.T.);
#849 = LINE('',#850,#851);
#850 = CARTESIAN_POINT('',(4.304127876712E-02,0.46607938427,1.1));
#851 = VECTOR('',#852,1.);
#852 = DIRECTION('',(0.974072003076,0.226238221404,0.));
#853 = ORIENTED_EDGE('',*,*,#808,.F.);
#854 = PLANE('',#855);
#855 = AXIS2_PLACEMENT_3D('',#856,#857,#858);
#856 = CARTESIAN_POINT('',(4.304127876712E-02,0.46607938427,1.1012));
#857 = DIRECTION('',(0.226238221404,-0.974072003076,0.));
#858 = DIRECTION('',(0.,0.,-1.));
#859 = ADVANCED_FACE('',(#860),#879,.T.);
#860 = FACE_BOUND('',#861,.T.);
#861 = EDGE_LOOP('',(#862,#863,#871,#878));
#862 = ORIENTED_EDGE('',*,*,#669,.T.);
#863 = ORIENTED_EDGE('',*,*,#864,.T.);
#864 = EDGE_CURVE('',#661,#865,#867,.T.);
#865 = VERTEX_POINT('',#866);
#866 = CARTESIAN_POINT('',(1.899748214743E-02,0.515971999631,1.1));
#867 = LINE('',#868,#869);
#868 = CARTESIAN_POINT('',(1.899748214743E-02,0.515971999631,1.101));
#869 = VECTOR('',#870,1.);
#870 = DIRECTION('',(0.,0.,-1.));
#871 = ORIENTED_EDGE('',*,*,#872,.T.);
#872 = EDGE_CURVE('',#865,#841,#873,.T.);
#873 = CIRCLE('',#874,0.219317391454);
#874 = AXIS2_PLACEMENT_3D('',#875,#876,#877);
#875 = CARTESIAN_POINT('',(0.227010298894,0.585475857534,1.1));
#876 = DIRECTION('',(0.,0.,1.));
#877 = DIRECTION('',(-0.900850400474,-0.434129653406,0.));
#878 = ORIENTED_EDGE('',*,*,#840,.F.);
#879 = CYLINDRICAL_SURFACE('',#880,0.219317391454);
#880 = AXIS2_PLACEMENT_3D('',#881,#882,#883);
#881 = CARTESIAN_POINT('',(0.227010298894,0.585475857534,1.1012));
#882 = DIRECTION('',(0.,0.,-1.));
#883 = DIRECTION('',(-0.900850400474,-0.434129653406,-0.));
#884 = ADVANCED_FACE('',(#885),#904,.T.);
#885 = FACE_BOUND('',#886,.T.);
#886 = EDGE_LOOP('',(#887,#888,#896,#903));
#887 = ORIENTED_EDGE('',*,*,#660,.T.);
#888 = ORIENTED_EDGE('',*,*,#889,.T.);
#889 = EDGE_CURVE('',#652,#890,#892,.T.);
#890 = VERTEX_POINT('',#891);
#891 = CARTESIAN_POINT('',(8.965855790631E-03,0.64889240812,1.1));
#892 = LINE('',#893,#894);
#893 = CARTESIAN_POINT('',(8.965855790631E-03,0.64889240812,1.101));
#894 = VECTOR('',#895,1.);
#895 = DIRECTION('',(0.,0.,-1.));
#896 = ORIENTED_EDGE('',*,*,#897,.T.);
#897 = EDGE_CURVE('',#890,#865,#898,.T.);
#898 = CIRCLE('',#899,0.299589305339);
#899 = AXIS2_PLACEMENT_3D('',#900,#901,#902);
#900 = CARTESIAN_POINT('',(0.305234932693,0.604413357485,1.1));
#901 = DIRECTION('',(0.,0.,1.));
#902 = DIRECTION('',(-0.99716417824,-7.52569042337E-02,0.));
#903 = ORIENTED_EDGE('',*,*,#864,.F.);
#904 = CYLINDRICAL_SURFACE('',#905,0.299589305339);
#905 = AXIS2_PLACEMENT_3D('',#906,#907,#908);
#906 = CARTESIAN_POINT('',(0.305234932693,0.604413357485,1.1012));
#907 = DIRECTION('',(0.,0.,-1.));
#908 = DIRECTION('',(-0.99716417824,-7.52569042337E-02,-0.));
#909 = ADVANCED_FACE('',(#910),#929,.T.);
#910 = FACE_BOUND('',#911,.T.);
#911 = EDGE_LOOP('',(#912,#913,#921,#928));
#912 = ORIENTED_EDGE('',*,*,#651,.T.);
#913 = ORIENTED_EDGE('',*,*,#914,.T.);
#914 = EDGE_CURVE('',#643,#915,#917,.T.);
#915 = VERTEX_POINT('',#916);
#916 = CARTESIAN_POINT('',(2.156764995332E-02,0.696748437863,1.1));
#917 = LINE('',#918,#919);
#918 = CARTESIAN_POINT('',(2.156764995332E-02,0.696748437863,1.101));
#919 = VECTOR('',#920,1.);
#920 = DIRECTION('',(0.,0.,-1.));
#921 = ORIENTED_EDGE('',*,*,#922,.T.);
#922 = EDGE_CURVE('',#915,#890,#923,.T.);
#923 = CIRCLE('',#924,0.264580822998);
#924 = AXIS2_PLACEMENT_3D('',#925,#926,#927);
#925 = CARTESIAN_POINT('',(0.27000412938,0.605741143713,1.1));
#926 = DIRECTION('',(0.,0.,1.));
#927 = DIRECTION('',(-0.967034231137,0.254646413305,0.));
#928 = ORIENTED_EDGE('',*,*,#889,.F.);
#929 = CYLINDRICAL_SURFACE('',#930,0.264580822998);
#930 = AXIS2_PLACEMENT_3D('',#931,#932,#933);
#931 = CARTESIAN_POINT('',(0.27000412938,0.605741143713,1.1012));
#932 = DIRECTION('',(0.,0.,-1.));
#933 = DIRECTION('',(-0.967034231137,0.254646413305,0.));
#934 = ADVANCED_FACE('',(#935),#954,.T.);
#935 = FACE_BOUND('',#936,.T.);
#936 = EDGE_LOOP('',(#937,#938,#946,#953));
#937 = ORIENTED_EDGE('',*,*,#642,.T.);
#938 = ORIENTED_EDGE('',*,*,#939,.T.);
#939 = EDGE_CURVE('',#634,#940,#942,.T.);
#940 = VERTEX_POINT('',#941);
#941 = CARTESIAN_POINT('',(4.730497156277E-02,0.748162780669,1.1));
#942 = LINE('',#943,#944);
#943 = CARTESIAN_POINT('',(4.730497156277E-02,0.748162780669,1.101));
#944 = VECTOR('',#945,1.);
#945 = DIRECTION('',(0.,0.,-1.));
#946 = ORIENTED_EDGE('',*,*,#947,.T.);
#947 = EDGE_CURVE('',#940,#915,#948,.T.);
#948 = CIRCLE('',#949,0.253810511139);
#949 = AXIS2_PLACEMENT_3D('',#950,#951,#952);
#950 = CARTESIAN_POINT('',(0.25993748993,0.609572782121,1.1));
#951 = DIRECTION('',(0.,0.,1.));
#952 = DIRECTION('',(-0.894217339184,0.447633053183,0.));
#953 = ORIENTED_EDGE('',*,*,#914,.F.);
#954 = CYLINDRICAL_SURFACE('',#955,0.253810511139);
#955 = AXIS2_PLACEMENT_3D('',#956,#957,#958);
#956 = CARTESIAN_POINT('',(0.25993748993,0.609572782121,1.1012));
#957 = DIRECTION('',(0.,0.,-1.));
#958 = DIRECTION('',(-0.894217339184,0.447633053183,0.));
#959 = ADVANCED_FACE('',(#960),#979,.T.);
#960 = FACE_BOUND('',#961,.T.);
#961 = EDGE_LOOP('',(#962,#963,#971,#978));
#962 = ORIENTED_EDGE('',*,*,#633,.T.);
#963 = ORIENTED_EDGE('',*,*,#964,.T.);
#964 = EDGE_CURVE('',#625,#965,#967,.T.);
#965 = VERTEX_POINT('',#966);
#966 = CARTESIAN_POINT('',(8.877288226213E-02,0.794017409691,1.1));
#967 = LINE('',#968,#969);
#968 = CARTESIAN_POINT('',(8.877288226213E-02,0.794017409691,1.101));
#969 = VECTOR('',#970,1.);
#970 = DIRECTION('',(0.,0.,-1.));
#971 = ORIENTED_EDGE('',*,*,#972,.T.);
#972 = EDGE_CURVE('',#965,#940,#973,.T.);
#973 = CIRCLE('',#974,0.174406187466);
#974 = AXIS2_PLACEMENT_3D('',#975,#976,#977);
#975 = CARTESIAN_POINT('',(0.195346819168,0.655961210269,1.1));
#976 = DIRECTION('',(0.,0.,1.));
#977 = DIRECTION('',(-0.741693568826,0.670738883592,0.));
#978 = ORIENTED_EDGE('',*,*,#939,.F.);
#979 = CYLINDRICAL_SURFACE('',#980,0.174406187466);
#980 = AXIS2_PLACEMENT_3D('',#981,#982,#983);
#981 = CARTESIAN_POINT('',(0.195346819168,0.655961210269,1.1012));
#982 = DIRECTION('',(0.,0.,-1.));
#983 = DIRECTION('',(-0.741693568826,0.670738883592,0.));
#984 = ADVANCED_FACE('',(#985),#1004,.T.);
#985 = FACE_BOUND('',#986,.T.);
#986 = EDGE_LOOP('',(#987,#988,#996,#1003));
#987 = ORIENTED_EDGE('',*,*,#624,.T.);
#988 = ORIENTED_EDGE('',*,*,#989,.T.);
#989 = EDGE_CURVE('',#616,#990,#992,.T.);
#990 = VERTEX_POINT('',#991);
#991 = CARTESIAN_POINT('',(0.142397080928,0.815029777849,1.1));
#992 = LINE('',#993,#994);
#993 = CARTESIAN_POINT('',(0.142397080928,0.815029777849,1.101));
#994 = VECTOR('',#995,1.);
#995 = DIRECTION('',(0.,0.,-1.));
#996 = ORIENTED_EDGE('',*,*,#997,.T.);
#997 = EDGE_CURVE('',#990,#965,#998,.T.);
#998 = CIRCLE('',#999,0.110517004236);
#999 = AXIS2_PLACEMENT_3D('',#1000,#1001,#1002);
#1000 = CARTESIAN_POINT('',(0.154512700322,0.705178878936,1.1));
#1001 = DIRECTION('',(0.,0.,1.));
#1002 = DIRECTION('',(-0.364835761663,0.93107189143,0.));
#1003 = ORIENTED_EDGE('',*,*,#964,.F.);
#1004 = CYLINDRICAL_SURFACE('',#1005,0.110517004236);
#1005 = AXIS2_PLACEMENT_3D('',#1006,#1007,#1008);
#1006 = CARTESIAN_POINT('',(0.154512700322,0.705178878936,1.1012));
#1007 = DIRECTION('',(0.,0.,-1.));
#1008 = DIRECTION('',(-0.364835761663,0.93107189143,0.));
#1009 = ADVANCED_FACE('',(#1010),#1029,.T.);
#1010 = FACE_BOUND('',#1011,.T.);
#1011 = EDGE_LOOP('',(#1012,#1013,#1021,#1028));
#1012 = ORIENTED_EDGE('',*,*,#615,.T.);
#1013 = ORIENTED_EDGE('',*,*,#1014,.T.);
#1014 = EDGE_CURVE('',#607,#1015,#1017,.T.);
#1015 = VERTEX_POINT('',#1016);
#1016 = CARTESIAN_POINT('',(0.197649307245,0.80502051169,1.1));
#1017 = LINE('',#1018,#1019);
#1018 = CARTESIAN_POINT('',(0.197649307245,0.80502051169,1.101));
#1019 = VECTOR('',#1020,1.);
#1020 = DIRECTION('',(0.,0.,-1.));
#1021 = ORIENTED_EDGE('',*,*,#1022,.T.);
#1022 = EDGE_CURVE('',#1015,#990,#1023,.T.);
#1023 = CIRCLE('',#1024,0.103394007403);
#1024 = AXIS2_PLACEMENT_3D('',#1025,#1026,#1027);
#1025 = CARTESIAN_POINT('',(0.152285232206,0.712109686365,1.1));
#1026 = DIRECTION('',(0.,0.,1.));
#1027 = DIRECTION('',(0.178254569249,0.983984404623,-0.));
#1028 = ORIENTED_EDGE('',*,*,#989,.F.);
#1029 = CYLINDRICAL_SURFACE('',#1030,0.103394007403);
#1030 = AXIS2_PLACEMENT_3D('',#1031,#1032,#1033);
#1031 = CARTESIAN_POINT('',(0.152285232206,0.712109686365,1.1012));
#1032 = DIRECTION('',(0.,0.,-1.));
#1033 = DIRECTION('',(0.178254569249,0.983984404623,0.));
#1034 = ADVANCED_FACE('',(#1035),#1054,.T.);
#1035 = FACE_BOUND('',#1036,.T.);
#1036 = EDGE_LOOP('',(#1037,#1038,#1046,#1053));
#1037 = ORIENTED_EDGE('',*,*,#606,.T.);
#1038 = ORIENTED_EDGE('',*,*,#1039,.T.);
#1039 = EDGE_CURVE('',#598,#1040,#1042,.T.);
#1040 = VERTEX_POINT('',#1041);
#1041 = CARTESIAN_POINT('',(0.239320933121,0.77298123853,1.1));
#1042 = LINE('',#1043,#1044);
#1043 = CARTESIAN_POINT('',(0.239320933121,0.77298123853,1.101));
#1044 = VECTOR('',#1045,1.);
#1045 = DIRECTION('',(0.,0.,-1.));
#1046 = ORIENTED_EDGE('',*,*,#1047,.T.);
#1047 = EDGE_CURVE('',#1040,#1015,#1048,.T.);
#1048 = CIRCLE('',#1049,0.135932160559);
#1049 = AXIS2_PLACEMENT_3D('',#1050,#1051,#1052);
#1050 = CARTESIAN_POINT('',(0.137194968792,0.683271486082,1.1));
#1051 = DIRECTION('',(0.,0.,1.));
#1052 = DIRECTION('',(0.609521618891,0.792769447005,-0.));
#1053 = ORIENTED_EDGE('',*,*,#1014,.F.);
#1054 = CYLINDRICAL_SURFACE('',#1055,0.135932160559);
#1055 = AXIS2_PLACEMENT_3D('',#1056,#1057,#1058);
#1056 = CARTESIAN_POINT('',(0.137194968792,0.683271486082,1.1012));
#1057 = DIRECTION('',(0.,0.,-1.));
#1058 = DIRECTION('',(0.609521618891,0.792769447005,0.));
#1059 = ADVANCED_FACE('',(#1060),#1079,.T.);
#1060 = FACE_BOUND('',#1061,.T.);
#1061 = EDGE_LOOP('',(#1062,#1063,#1071,#1078));
#1062 = ORIENTED_EDGE('',*,*,#597,.T.);
#1063 = ORIENTED_EDGE('',*,*,#1064,.T.);
#1064 = EDGE_CURVE('',#589,#1065,#1067,.T.);
#1065 = VERTEX_POINT('',#1066);
#1066 = CARTESIAN_POINT('',(0.266305640108,0.73227842668,1.1));
#1067 = LINE('',#1068,#1069);
#1068 = CARTESIAN_POINT('',(0.266305640108,0.73227842668,1.101));
#1069 = VECTOR('',#1070,1.);
#1070 = DIRECTION('',(0.,0.,-1.));
#1071 = ORIENTED_EDGE('',*,*,#1072,.T.);
#1072 = EDGE_CURVE('',#1065,#1040,#1073,.T.);
#1073 = CIRCLE('',#1074,0.184406194957);
#1074 = AXIS2_PLACEMENT_3D('',#1075,#1076,#1077);
#1075 = CARTESIAN_POINT('',(0.10046961699,0.65163068539,1.1));
#1076 = DIRECTION('',(0.,0.,1.));
#1077 = DIRECTION('',(0.833469928796,0.55256481773,-0.));
#1078 = ORIENTED_EDGE('',*,*,#1039,.F.);
#1079 = CYLINDRICAL_SURFACE('',#1080,0.184406194957);
#1080 = AXIS2_PLACEMENT_3D('',#1081,#1082,#1083);
#1081 = CARTESIAN_POINT('',(0.10046961699,0.65163068539,1.1012));
#1082 = DIRECTION('',(0.,0.,-1.));
#1083 = DIRECTION('',(0.833469928796,0.55256481773,0.));
#1084 = ADVANCED_FACE('',(#1085),#1104,.F.);
#1085 = FACE_BOUND('',#1086,.F.);
#1086 = EDGE_LOOP('',(#1087,#1088,#1097,#1103));
#1087 = ORIENTED_EDGE('',*,*,#1064,.T.);
#1088 = ORIENTED_EDGE('',*,*,#1089,.F.);
#1089 = EDGE_CURVE('',#1090,#1065,#1092,.T.);
#1090 = VERTEX_POINT('',#1091);
#1091 = CARTESIAN_POINT('',(0.241120293458,0.722587806677,1.1));
#1092 = CIRCLE('',#1093,6.975387259768E-02);
#1093 = AXIS2_PLACEMENT_3D('',#1094,#1095,#1096);
#1094 = CARTESIAN_POINT('',(0.278288949776,0.66356159445,1.1));
#1095 = DIRECTION('',(0.,0.,-1.));
#1096 = DIRECTION('',(-0.359106531136,0.93329657628,0.));
#1097 = ORIENTED_EDGE('',*,*,#1098,.F.);
#1098 = EDGE_CURVE('',#578,#1090,#1099,.T.);
#1099 = LINE('',#1100,#1101);
#1100 = CARTESIAN_POINT('',(0.241120293458,0.722587806677,1.101));
#1101 = VECTOR('',#1102,1.);
#1102 = DIRECTION('',(0.,0.,-1.));
#1103 = ORIENTED_EDGE('',*,*,#588,.F.);
#1104 = CYLINDRICAL_SURFACE('',#1105,6.975387259768E-02);
#1105 = AXIS2_PLACEMENT_3D('',#1106,#1107,#1108);
#1106 = CARTESIAN_POINT('',(0.278288949776,0.66356159445,1.1012));
#1107 = DIRECTION('',(0.,0.,-1.));
#1108 = DIRECTION('',(-0.359106531136,0.93329657628,0.));
#1109 = ADVANCED_FACE('',(#1110),#1129,.F.);
#1110 = FACE_BOUND('',#1111,.F.);
#1111 = EDGE_LOOP('',(#1112,#1113,#1122,#1128));
#1112 = ORIENTED_EDGE('',*,*,#1098,.T.);
#1113 = ORIENTED_EDGE('',*,*,#1114,.F.);
#1114 = EDGE_CURVE('',#1115,#1090,#1117,.T.);
#1115 = VERTEX_POINT('',#1116);
#1116 = CARTESIAN_POINT('',(0.207910177305,0.751056080528,1.1));
#1117 = CIRCLE('',#1118,0.152817002591);
#1118 = AXIS2_PLACEMENT_3D('',#1119,#1120,#1121);
#1119 = CARTESIAN_POINT('',(0.126082148909,0.621993266171,1.1));
#1120 = DIRECTION('',(0.,0.,-1.));
#1121 = DIRECTION('',(0.65082379305,0.759228812942,0.));
#1122 = ORIENTED_EDGE('',*,*,#1123,.F.);
#1123 = EDGE_CURVE('',#580,#1115,#1124,.T.);
#1124 = LINE('',#1125,#1126);
#1125 = CARTESIAN_POINT('',(0.207910177305,0.751056080528,1.101));
#1126 = VECTOR('',#1127,1.);
#1127 = DIRECTION('',(0.,0.,-1.));
#1128 = ORIENTED_EDGE('',*,*,#577,.F.);
#1129 = CYLINDRICAL_SURFACE('',#1130,0.152817002591);
#1130 = AXIS2_PLACEMENT_3D('',#1131,#1132,#1133);
#1131 = CARTESIAN_POINT('',(0.126082148909,0.621993266171,1.1012));
#1132 = DIRECTION('',(0.,0.,-1.));
#1133 = DIRECTION('',(0.65082379305,0.759228812942,0.));
#1134 = ADVANCED_FACE('',(#1135),#1154,.F.);
#1135 = FACE_BOUND('',#1136,.F.);
#1136 = EDGE_LOOP('',(#1137,#1145,#1152,#1153));
#1137 = ORIENTED_EDGE('',*,*,#1138,.T.);
#1138 = EDGE_CURVE('',#696,#1139,#1141,.T.);
#1139 = VERTEX_POINT('',#1140);
#1140 = CARTESIAN_POINT('',(0.283323942038,0.593989677735,1.1));
#1141 = LINE('',#1142,#1143);
#1142 = CARTESIAN_POINT('',(0.283323942038,0.593989677735,1.101));
#1143 = VECTOR('',#1144,1.);
#1144 = DIRECTION('',(0.,0.,-1.));
#1145 = ORIENTED_EDGE('',*,*,#1146,.F.);
#1146 = EDGE_CURVE('',#817,#1139,#1147,.T.);
#1147 = CIRCLE('',#1148,6.975387259509E-02);
#1148 = AXIS2_PLACEMENT_3D('',#1149,#1150,#1151);
#1149 = CARTESIAN_POINT('',(0.278288949782,0.663561594447,1.1));
#1150 = DIRECTION('',(0.,0.,-1.));
#1151 = DIRECTION('',(0.198582929856,-0.980084088214,0.));
#1152 = ORIENTED_EDGE('',*,*,#825,.F.);
#1153 = ORIENTED_EDGE('',*,*,#695,.F.);
#1154 = CYLINDRICAL_SURFACE('',#1155,6.975387259509E-02);
#1155 = AXIS2_PLACEMENT_3D('',#1156,#1157,#1158);
#1156 = CARTESIAN_POINT('',(0.278288949782,0.663561594447,1.1012));
#1157 = DIRECTION('',(0.,0.,-1.));
#1158 = DIRECTION('',(0.198582929856,-0.980084088214,0.));
#1159 = ADVANCED_FACE('',(#1160),#1179,.F.);
#1160 = FACE_BOUND('',#1161,.F.);
#1161 = EDGE_LOOP('',(#1162,#1170,#1177,#1178));
#1162 = ORIENTED_EDGE('',*,*,#1163,.T.);
#1163 = EDGE_CURVE('',#705,#1164,#1166,.T.);
#1164 = VERTEX_POINT('',#1165);
#1165 = CARTESIAN_POINT('',(0.286955312814,0.546373048925,1.1));
#1166 = LINE('',#1167,#1168);
#1167 = CARTESIAN_POINT('',(0.286955312814,0.546373048925,1.101));
#1168 = VECTOR('',#1169,1.);
#1169 = DIRECTION('',(0.,0.,-1.));
#1170 = ORIENTED_EDGE('',*,*,#1171,.F.);
#1171 = EDGE_CURVE('',#1139,#1164,#1172,.T.);
#1172 = CIRCLE('',#1173,0.467308617241);
#1173 = AXIS2_PLACEMENT_3D('',#1174,#1175,#1176);
#1174 = CARTESIAN_POINT('',(-0.180207308539,0.534692768142,1.1));
#1175 = DIRECTION('',(0.,0.,-1.));
#1176 = DIRECTION('',(0.99710462684,7.604185120077E-02,0.));
#1177 = ORIENTED_EDGE('',*,*,#1138,.F.);
#1178 = ORIENTED_EDGE('',*,*,#704,.F.);
#1179 = CYLINDRICAL_SURFACE('',#1180,0.467308617241);
#1180 = AXIS2_PLACEMENT_3D('',#1181,#1182,#1183);
#1181 = CARTESIAN_POINT('',(-0.180207308539,0.534692768142,1.1012));
#1182 = DIRECTION('',(0.,0.,-1.));
#1183 = DIRECTION('',(0.99710462684,7.604185120077E-02,0.));
#1184 = ADVANCED_FACE('',(#1185),#1203,.T.);
#1185 = FACE_BOUND('',#1186,.T.);
#1186 = EDGE_LOOP('',(#1187,#1188,#1189,#1197));
#1187 = ORIENTED_EDGE('',*,*,#713,.T.);
#1188 = ORIENTED_EDGE('',*,*,#1163,.T.);
#1189 = ORIENTED_EDGE('',*,*,#1190,.T.);
#1190 = EDGE_CURVE('',#1164,#1191,#1193,.T.);
#1191 = VERTEX_POINT('',#1192);
#1192 = CARTESIAN_POINT('',(0.283915900311,0.545667114174,1.1));
#1193 = LINE('',#1194,#1195);
#1194 = CARTESIAN_POINT('',(0.286955312814,0.546373048925,1.1));
#1195 = VECTOR('',#1196,1.);
#1196 = DIRECTION('',(-0.974072003173,-0.226238220983,0.));
#1197 = ORIENTED_EDGE('',*,*,#1198,.F.);
#1198 = EDGE_CURVE('',#714,#1191,#1199,.T.);
#1199 = LINE('',#1200,#1201);
#1200 = CARTESIAN_POINT('',(0.283915900311,0.545667114174,1.101));
#1201 = VECTOR('',#1202,1.);
#1202 = DIRECTION('',(0.,0.,-1.));
#1203 = PLANE('',#1204);
#1204 = AXIS2_PLACEMENT_3D('',#1205,#1206,#1207);
#1205 = CARTESIAN_POINT('',(0.286955312814,0.546373048925,1.1012));
#1206 = DIRECTION('',(-0.226238220983,0.974072003173,0.));
#1207 = DIRECTION('',(0.,0.,1.));
#1208 = ADVANCED_FACE('',(#1209),#1227,.T.);
#1209 = FACE_BOUND('',#1210,.T.);
#1210 = EDGE_LOOP('',(#1211,#1212,#1213,#1221));
#1211 = ORIENTED_EDGE('',*,*,#721,.T.);
#1212 = ORIENTED_EDGE('',*,*,#1198,.T.);
#1213 = ORIENTED_EDGE('',*,*,#1214,.T.);
#1214 = EDGE_CURVE('',#1191,#1215,#1217,.T.);
#1215 = VERTEX_POINT('',#1216);
#1216 = CARTESIAN_POINT('',(3.938854749398E-02,0.488873126448,1.1));
#1217 = LINE('',#1218,#1219);
#1218 = CARTESIAN_POINT('',(0.283915900311,0.545667114174,1.1));
#1219 = VECTOR('',#1220,1.);
#1220 = DIRECTION('',(-0.974072003075,-0.226238221408,0.));
#1221 = ORIENTED_EDGE('',*,*,#1222,.F.);
#1222 = EDGE_CURVE('',#722,#1215,#1223,.T.);
#1223 = LINE('',#1224,#1225);
#1224 = CARTESIAN_POINT('',(3.938854749398E-02,0.488873126448,1.101));
#1225 = VECTOR('',#1226,1.);
#1226 = DIRECTION('',(0.,0.,-1.));
#1227 = PLANE('',#1228);
#1228 = AXIS2_PLACEMENT_3D('',#1229,#1230,#1231);
#1229 = CARTESIAN_POINT('',(0.283915900311,0.545667114174,1.1012));
#1230 = DIRECTION('',(-0.226238221408,0.974072003075,0.));
#1231 = DIRECTION('',(0.,0.,1.));
#1232 = ADVANCED_FACE('',(#1233),#1252,.F.);
#1233 = FACE_BOUND('',#1234,.F.);
#1234 = EDGE_LOOP('',(#1235,#1243,#1250,#1251));
#1235 = ORIENTED_EDGE('',*,*,#1236,.T.);
#1236 = EDGE_CURVE('',#730,#1237,#1239,.T.);
#1237 = VERTEX_POINT('',#1238);
#1238 = CARTESIAN_POINT('',(3.153607887838E-02,0.509435978786,1.1));
#1239 = LINE('',#1240,#1241);
#1240 = CARTESIAN_POINT('',(3.153607887838E-02,0.509435978786,1.101));
#1241 = VECTOR('',#1242,1.);
#1242 = DIRECTION('',(0.,0.,-1.));
#1243 = ORIENTED_EDGE('',*,*,#1244,.F.);
#1244 = EDGE_CURVE('',#1215,#1237,#1245,.T.);
#1245 = CIRCLE('',#1246,0.17267464813);
#1246 = AXIS2_PLACEMENT_3D('',#1247,#1248,#1249);
#1247 = CARTESIAN_POINT('',(0.196447031089,0.560630821769,1.1));
#1248 = DIRECTION('',(0.,0.,-1.));
#1249 = DIRECTION('',(-0.934200252113,-0.356749055992,-0.));
#1250 = ORIENTED_EDGE('',*,*,#1222,.F.);
#1251 = ORIENTED_EDGE('',*,*,#729,.F.);
#1252 = CYLINDRICAL_SURFACE('',#1253,0.17267464813);
#1253 = AXIS2_PLACEMENT_3D('',#1254,#1255,#1256);
#1254 = CARTESIAN_POINT('',(0.196447031089,0.560630821769,1.1012));
#1255 = DIRECTION('',(0.,0.,-1.));
#1256 = DIRECTION('',(-0.934200252113,-0.356749055992,-0.));
#1257 = ADVANCED_FACE('',(#1258),#1277,.F.);
#1258 = FACE_BOUND('',#1259,.F.);
#1259 = EDGE_LOOP('',(#1260,#1268,#1275,#1276));
#1260 = ORIENTED_EDGE('',*,*,#1261,.T.);
#1261 = EDGE_CURVE('',#739,#1262,#1264,.T.);
#1262 = VERTEX_POINT('',#1263);
#1263 = CARTESIAN_POINT('',(2.082299592272E-02,0.57446859813,1.1));
#1264 = LINE('',#1265,#1266);
#1265 = CARTESIAN_POINT('',(2.082299592272E-02,0.57446859813,1.101));
#1266 = VECTOR('',#1267,1.);
#1267 = DIRECTION('',(0.,0.,-1.));
#1268 = ORIENTED_EDGE('',*,*,#1269,.F.);
#1269 = EDGE_CURVE('',#1237,#1262,#1270,.T.);
#1270 = CIRCLE('',#1271,0.215283446328);
#1271 = AXIS2_PLACEMENT_3D('',#1272,#1273,#1274);
#1272 = CARTESIAN_POINT('',(0.236096546362,0.576532755207,1.1));
#1273 = DIRECTION('',(0.,0.,-1.));
#1274 = DIRECTION('',(-0.986701417705,-0.162543262855,-0.));
#1275 = ORIENTED_EDGE('',*,*,#1236,.F.);
#1276 = ORIENTED_EDGE('',*,*,#738,.F.);
#1277 = CYLINDRICAL_SURFACE('',#1278,0.215283446328);
#1278 = AXIS2_PLACEMENT_3D('',#1279,#1280,#1281);
#1279 = CARTESIAN_POINT('',(0.236096546362,0.576532755207,1.1012));
#1280 = DIRECTION('',(0.,0.,-1.));
#1281 = DIRECTION('',(-0.986701417705,-0.162543262855,-0.));
#1282 = ADVANCED_FACE('',(#1283),#1302,.F.);
#1283 = FACE_BOUND('',#1284,.F.);
#1284 = EDGE_LOOP('',(#1285,#1293,#1300,#1301));
#1285 = ORIENTED_EDGE('',*,*,#1286,.T.);
#1286 = EDGE_CURVE('',#748,#1287,#1289,.T.);
#1287 = VERTEX_POINT('',#1288);
#1288 = CARTESIAN_POINT('',(2.633705887831E-02,0.632466885544,1.1));
#1289 = LINE('',#1290,#1291);
#1290 = CARTESIAN_POINT('',(2.633705887831E-02,0.632466885544,1.101));
#1291 = VECTOR('',#1292,1.);
#1292 = DIRECTION('',(0.,0.,-1.));
#1293 = ORIENTED_EDGE('',*,*,#1294,.F.);
#1294 = EDGE_CURVE('',#1262,#1287,#1295,.T.);
#1295 = CIRCLE('',#1296,0.26294165585);
#1296 = AXIS2_PLACEMENT_3D('',#1297,#1298,#1299);
#1297 = CARTESIAN_POINT('',(0.283730044428,0.578734536156,1.1));
#1298 = DIRECTION('',(0.,0.,-1.));
#1299 = DIRECTION('',(-0.995510984644,9.464607468558E-02,0.));
#1300 = ORIENTED_EDGE('',*,*,#1261,.F.);
#1301 = ORIENTED_EDGE('',*,*,#747,.F.);
#1302 = CYLINDRICAL_SURFACE('',#1303,0.26294165585);
#1303 = AXIS2_PLACEMENT_3D('',#1304,#1305,#1306);
#1304 = CARTESIAN_POINT('',(0.283730044428,0.578734536156,1.1012));
#1305 = DIRECTION('',(0.,0.,-1.));
#1306 = DIRECTION('',(-0.995510984644,9.464607468558E-02,0.));
#1307 = ADVANCED_FACE('',(#1308),#1327,.F.);
#1308 = FACE_BOUND('',#1309,.F.);
#1309 = EDGE_LOOP('',(#1310,#1318,#1325,#1326));
#1310 = ORIENTED_EDGE('',*,*,#1311,.T.);
#1311 = EDGE_CURVE('',#757,#1312,#1314,.T.);
#1312 = VERTEX_POINT('',#1313);
#1313 = CARTESIAN_POINT('',(4.270076820492E-02,0.681757561373,1.1));
#1314 = LINE('',#1315,#1316);
#1315 = CARTESIAN_POINT('',(4.270076820492E-02,0.681757561373,1.101));
#1316 = VECTOR('',#1317,1.);
#1317 = DIRECTION('',(0.,0.,-1.));
#1318 = ORIENTED_EDGE('',*,*,#1319,.F.);
#1319 = EDGE_CURVE('',#1287,#1312,#1320,.T.);
#1320 = CIRCLE('',#1321,0.211824046663);
#1321 = AXIS2_PLACEMENT_3D('',#1322,#1323,#1324);
#1322 = CARTESIAN_POINT('',(0.23403770563,0.590875202682,1.1));
#1323 = DIRECTION('',(0.,0.,-1.));
#1324 = DIRECTION('',(-0.949066817009,0.315074874994,0.));
#1325 = ORIENTED_EDGE('',*,*,#1286,.F.);
#1326 = ORIENTED_EDGE('',*,*,#756,.F.);
#1327 = CYLINDRICAL_SURFACE('',#1328,0.211824046663);
#1328 = AXIS2_PLACEMENT_3D('',#1329,#1330,#1331);
#1329 = CARTESIAN_POINT('',(0.23403770563,0.590875202682,1.1012));
#1330 = DIRECTION('',(0.,0.,-1.));
#1331 = DIRECTION('',(-0.949066817009,0.315074874994,0.));
#1332 = ADVANCED_FACE('',(#1333),#1352,.F.);
#1333 = FACE_BOUND('',#1334,.F.);
#1334 = EDGE_LOOP('',(#1335,#1343,#1350,#1351));
#1335 = ORIENTED_EDGE('',*,*,#1336,.T.);
#1336 = EDGE_CURVE('',#766,#1337,#1339,.T.);
#1337 = VERTEX_POINT('',#1338);
#1338 = CARTESIAN_POINT('',(7.225759711968E-02,0.726854147876,1.1));
#1339 = LINE('',#1340,#1341);
#1340 = CARTESIAN_POINT('',(7.225759711968E-02,0.726854147876,1.101));
#1341 = VECTOR('',#1342,1.);
#1342 = DIRECTION('',(0.,0.,-1.));
#1343 = ORIENTED_EDGE('',*,*,#1344,.F.);
#1344 = EDGE_CURVE('',#1312,#1337,#1345,.T.);
#1345 = CIRCLE('',#1346,0.165643236734);
#1346 = AXIS2_PLACEMENT_3D('',#1347,#1348,#1349);
#1347 = CARTESIAN_POINT('',(0.194170844376,0.61471654482,1.1));
#1348 = DIRECTION('',(0.,0.,-1.));
#1349 = DIRECTION('',(-0.836369389811,0.548166255608,0.));
#1350 = ORIENTED_EDGE('',*,*,#1311,.F.);
#1351 = ORIENTED_EDGE('',*,*,#765,.F.);
#1352 = CYLINDRICAL_SURFACE('',#1353,0.165643236734);
#1353 = AXIS2_PLACEMENT_3D('',#1354,#1355,#1356);
#1354 = CARTESIAN_POINT('',(0.194170844376,0.61471654482,1.1012));
#1355 = DIRECTION('',(0.,0.,-1.));
#1356 = DIRECTION('',(-0.836369389811,0.548166255608,0.));
#1357 = ADVANCED_FACE('',(#1358),#1377,.F.);
#1358 = FACE_BOUND('',#1359,.F.);
#1359 = EDGE_LOOP('',(#1360,#1368,#1375,#1376));
#1360 = ORIENTED_EDGE('',*,*,#1361,.T.);
#1361 = EDGE_CURVE('',#775,#1362,#1364,.T.);
#1362 = VERTEX_POINT('',#1363);
#1363 = CARTESIAN_POINT('',(0.115947085187,0.758263380388,1.1));
#1364 = LINE('',#1365,#1366);
#1365 = CARTESIAN_POINT('',(0.115947085187,0.758263380388,1.101));
#1366 = VECTOR('',#1367,1.);
#1367 = DIRECTION('',(0.,0.,-1.));
#1368 = ORIENTED_EDGE('',*,*,#1369,.F.);
#1369 = EDGE_CURVE('',#1337,#1362,#1370,.T.);
#1370 = CIRCLE('',#1371,0.128378567689);
#1371 = AXIS2_PLACEMENT_3D('',#1372,#1373,#1374);
#1372 = CARTESIAN_POINT('',(0.167376293244,0.640636456598,1.1));
#1373 = DIRECTION('',(0.,0.,-1.));
#1374 = DIRECTION('',(-0.583726883587,0.811950075668,0.));
#1375 = ORIENTED_EDGE('',*,*,#1336,.F.);
#1376 = ORIENTED_EDGE('',*,*,#774,.F.);
#1377 = CYLINDRICAL_SURFACE('',#1378,0.128378567689);
#1378 = AXIS2_PLACEMENT_3D('',#1379,#1380,#1381);
#1379 = CARTESIAN_POINT('',(0.167376293244,0.640636456598,1.1012));
#1380 = DIRECTION('',(0.,0.,-1.));
#1381 = DIRECTION('',(-0.583726883587,0.811950075668,0.));
#1382 = ADVANCED_FACE('',(#1383),#1402,.F.);
#1383 = FACE_BOUND('',#1384,.F.);
#1384 = EDGE_LOOP('',(#1385,#1393,#1400,#1401));
#1385 = ORIENTED_EDGE('',*,*,#1386,.T.);
#1386 = EDGE_CURVE('',#784,#1387,#1389,.T.);
#1387 = VERTEX_POINT('',#1388);
#1388 = CARTESIAN_POINT('',(0.160030278211,0.765976597402,1.1));
#1389 = LINE('',#1390,#1391);
#1390 = CARTESIAN_POINT('',(0.160030278211,0.765976597402,1.101));
#1391 = VECTOR('',#1392,1.);
#1392 = DIRECTION('',(0.,0.,-1.));
#1393 = ORIENTED_EDGE('',*,*,#1394,.F.);
#1394 = EDGE_CURVE('',#1362,#1387,#1395,.T.);
#1395 = CIRCLE('',#1396,9.631581875903E-02);
#1396 = AXIS2_PLACEMENT_3D('',#1397,#1398,#1399);
#1397 = CARTESIAN_POINT('',(0.154134627947,0.669841389225,1.1));
#1398 = DIRECTION('',(0.,0.,-1.));
#1399 = DIRECTION('',(-0.172351240941,0.985035557605,0.));
#1400 = ORIENTED_EDGE('',*,*,#1361,.F.);
#1401 = ORIENTED_EDGE('',*,*,#783,.F.);
#1402 = CYLINDRICAL_SURFACE('',#1403,9.631581875903E-02);
#1403 = AXIS2_PLACEMENT_3D('',#1404,#1405,#1406);
#1404 = CARTESIAN_POINT('',(0.154134627947,0.669841389225,1.1012));
#1405 = DIRECTION('',(0.,0.,-1.));
#1406 = DIRECTION('',(-0.172351240941,0.985035557605,0.));
#1407 = ADVANCED_FACE('',(#1408),#1420,.F.);
#1408 = FACE_BOUND('',#1409,.F.);
#1409 = EDGE_LOOP('',(#1410,#1411,#1418,#1419));
#1410 = ORIENTED_EDGE('',*,*,#1123,.T.);
#1411 = ORIENTED_EDGE('',*,*,#1412,.F.);
#1412 = EDGE_CURVE('',#1387,#1115,#1413,.T.);
#1413 = CIRCLE('',#1414,0.102494496151);
#1414 = AXIS2_PLACEMENT_3D('',#1415,#1416,#1417);
#1415 = CARTESIAN_POINT('',(0.154403463305,0.663636670222,1.1));
#1416 = DIRECTION('',(0.,0.,-1.));
#1417 = DIRECTION('',(0.29751281221,0.954717825627,0.));
#1418 = ORIENTED_EDGE('',*,*,#1386,.F.);
#1419 = ORIENTED_EDGE('',*,*,#792,.F.);
#1420 = CYLINDRICAL_SURFACE('',#1421,0.102494496151);
#1421 = AXIS2_PLACEMENT_3D('',#1422,#1423,#1424);
#1422 = CARTESIAN_POINT('',(0.154403463305,0.663636670222,1.1012));
#1423 = DIRECTION('',(0.,0.,-1.));
#1424 = DIRECTION('',(0.29751281221,0.954717825627,0.));
#1425 = ADVANCED_FACE('',(#1426),#1453,.F.);
#1426 = FACE_BOUND('',#1427,.T.);
#1427 = EDGE_LOOP('',(#1428,#1429,#1430,#1431,#1432,#1433,#1434,#1435,
    #1436,#1437,#1438,#1439,#1440,#1441,#1442,#1443,#1444,#1445,#1446,
    #1447,#1448,#1449,#1450,#1451,#1452));
#1428 = ORIENTED_EDGE('',*,*,#1114,.F.);
#1429 = ORIENTED_EDGE('',*,*,#1412,.F.);
#1430 = ORIENTED_EDGE('',*,*,#1394,.F.);
#1431 = ORIENTED_EDGE('',*,*,#1369,.F.);
#1432 = ORIENTED_EDGE('',*,*,#1344,.F.);
#1433 = ORIENTED_EDGE('',*,*,#1319,.F.);
#1434 = ORIENTED_EDGE('',*,*,#1294,.F.);
#1435 = ORIENTED_EDGE('',*,*,#1269,.F.);
#1436 = ORIENTED_EDGE('',*,*,#1244,.F.);
#1437 = ORIENTED_EDGE('',*,*,#1214,.F.);
#1438 = ORIENTED_EDGE('',*,*,#1190,.F.);
#1439 = ORIENTED_EDGE('',*,*,#1171,.F.);
#1440 = ORIENTED_EDGE('',*,*,#1146,.F.);
#1441 = ORIENTED_EDGE('',*,*,#816,.F.);
#1442 = ORIENTED_EDGE('',*,*,#848,.F.);
#1443 = ORIENTED_EDGE('',*,*,#872,.F.);
#1444 = ORIENTED_EDGE('',*,*,#897,.F.);
#1445 = ORIENTED_EDGE('',*,*,#922,.F.);
#1446 = ORIENTED_EDGE('',*,*,#947,.F.);
#1447 = ORIENTED_EDGE('',*,*,#972,.F.);
#1448 = ORIENTED_EDGE('',*,*,#997,.F.);
#1449 = ORIENTED_EDGE('',*,*,#1022,.F.);
#1450 = ORIENTED_EDGE('',*,*,#1047,.F.);
#1451 = ORIENTED_EDGE('',*,*,#1072,.F.);
#1452 = ORIENTED_EDGE('',*,*,#1089,.F.);
#1453 = PLANE('',#1454);
#1454 = AXIS2_PLACEMENT_3D('',#1455,#1456,#1457);
#1455 = CARTESIAN_POINT('',(0.164646771177,4.523723925179E-02,1.1));
#1456 = DIRECTION('',(0.,0.,1.));
#1457 = DIRECTION('',(1.,0.,-0.));
#1458 = MANIFOLD_SOLID_BREP('',#1459);
#1459 = CLOSED_SHELL('',(#1460,#1500,#1531,#1555,#1579,#1596));
#1460 = ADVANCED_FACE('',(#1461),#1495,.F.);
#1461 = FACE_BOUND('',#1462,.T.);
#1462 = EDGE_LOOP('',(#1463,#1473,#1481,#1489));
#1463 = ORIENTED_EDGE('',*,*,#1464,.F.);
#1464 = EDGE_CURVE('',#1465,#1467,#1469,.T.);
#1465 = VERTEX_POINT('',#1466);
#1466 = CARTESIAN_POINT('',(0.204161110874,0.599739881449,1.1));
#1467 = VERTEX_POINT('',#1468);
#1468 = CARTESIAN_POINT('',(0.204161110874,0.692963839544,1.1));
#1469 = LINE('',#1470,#1471);
#1470 = CARTESIAN_POINT('',(0.204161110874,0.599739881449,1.1));
#1471 = VECTOR('',#1472,1.);
#1472 = DIRECTION('',(0.,1.,0.));
#1473 = ORIENTED_EDGE('',*,*,#1474,.F.);
#1474 = EDGE_CURVE('',#1475,#1465,#1477,.T.);
#1475 = VERTEX_POINT('',#1476);
#1476 = CARTESIAN_POINT('',(5.382818620514E-02,0.564823516553,1.1));
#1477 = LINE('',#1478,#1479);
#1478 = CARTESIAN_POINT('',(5.382818620519E-02,0.564823516553,1.1));
#1479 = VECTOR('',#1480,1.);
#1480 = DIRECTION('',(0.974072003078,0.226238221394,0.));
#1481 = ORIENTED_EDGE('',*,*,#1482,.F.);
#1482 = EDGE_CURVE('',#1483,#1475,#1485,.T.);
#1483 = VERTEX_POINT('',#1484);
#1484 = CARTESIAN_POINT('',(5.382818620514E-02,0.658047474648,1.1));
#1485 = LINE('',#1486,#1487);
#1486 = CARTESIAN_POINT('',(5.382818620514E-02,0.658047474648,1.1));
#1487 = VECTOR('',#1488,1.);
#1488 = DIRECTION('',(0.,-1.,0.));
#1489 = ORIENTED_EDGE('',*,*,#1490,.F.);
#1490 = EDGE_CURVE('',#1467,#1483,#1491,.T.);
#1491 = LINE('',#1492,#1493);
#1492 = CARTESIAN_POINT('',(0.204161110874,0.692963839544,1.1));
#1493 = VECTOR('',#1494,1.);
#1494 = DIRECTION('',(-0.974072003078,-0.226238221393,0.));
#1495 = PLANE('',#1496);
#1496 = AXIS2_PLACEMENT_3D('',#1497,#1498,#1499);
#1497 = CARTESIAN_POINT('',(0.164646771177,4.523723925179E-02,1.1));
#1498 = DIRECTION('',(0.,0.,1.));
#1499 = DIRECTION('',(1.,0.,-0.));
#1500 = ADVANCED_FACE('',(#1501),#1526,.T.);
#1501 = FACE_BOUND('',#1502,.T.);
#1502 = EDGE_LOOP('',(#1503,#1513,#1519,#1520));
#1503 = ORIENTED_EDGE('',*,*,#1504,.T.);
#1504 = EDGE_CURVE('',#1505,#1507,#1509,.T.);
#1505 = VERTEX_POINT('',#1506);
#1506 = CARTESIAN_POINT('',(0.204161110874,0.599739881449,1.101));
#1507 = VERTEX_POINT('',#1508);
#1508 = CARTESIAN_POINT('',(5.382818620514E-02,0.564823516553,1.101));
#1509 = LINE('',#1510,#1511);
#1510 = CARTESIAN_POINT('',(0.204161110874,0.599739881449,1.101));
#1511 = VECTOR('',#1512,1.);
#1512 = DIRECTION('',(-0.974072003078,-0.226238221394,0.));
#1513 = ORIENTED_EDGE('',*,*,#1514,.T.);
#1514 = EDGE_CURVE('',#1507,#1475,#1515,.T.);
#1515 = LINE('',#1516,#1517);
#1516 = CARTESIAN_POINT('',(5.382818620514E-02,0.564823516553,1.101));
#1517 = VECTOR('',#1518,1.);
#1518 = DIRECTION('',(0.,0.,-1.));
#1519 = ORIENTED_EDGE('',*,*,#1474,.T.);
#1520 = ORIENTED_EDGE('',*,*,#1521,.F.);
#1521 = EDGE_CURVE('',#1505,#1465,#1522,.T.);
#1522 = LINE('',#1523,#1524);
#1523 = CARTESIAN_POINT('',(0.204161110874,0.599739881449,1.101));
#1524 = VECTOR('',#1525,1.);
#1525 = DIRECTION('',(0.,0.,-1.));
#1526 = PLANE('',#1527);
#1527 = AXIS2_PLACEMENT_3D('',#1528,#1529,#1530);
#1528 = CARTESIAN_POINT('',(5.382818620514E-02,0.564823516553,1.1012));
#1529 = DIRECTION('',(0.226238221394,-0.974072003078,0.));
#1530 = DIRECTION('',(0.,0.,-1.));
#1531 = ADVANCED_FACE('',(#1532),#1550,.T.);
#1532 = FACE_BOUND('',#1533,.T.);
#1533 = EDGE_LOOP('',(#1534,#1542,#1543,#1544));
#1534 = ORIENTED_EDGE('',*,*,#1535,.T.);
#1535 = EDGE_CURVE('',#1536,#1505,#1538,.T.);
#1536 = VERTEX_POINT('',#1537);
#1537 = CARTESIAN_POINT('',(0.204161110874,0.692963839544,1.101));
#1538 = LINE('',#1539,#1540);
#1539 = CARTESIAN_POINT('',(0.204161110874,0.692963839544,1.101));
#1540 = VECTOR('',#1541,1.);
#1541 = DIRECTION('',(0.,-1.,0.));
#1542 = ORIENTED_EDGE('',*,*,#1521,.T.);
#1543 = ORIENTED_EDGE('',*,*,#1464,.T.);
#1544 = ORIENTED_EDGE('',*,*,#1545,.F.);
#1545 = EDGE_CURVE('',#1536,#1467,#1546,.T.);
#1546 = LINE('',#1547,#1548);
#1547 = CARTESIAN_POINT('',(0.204161110874,0.692963839544,1.101));
#1548 = VECTOR('',#1549,1.);
#1549 = DIRECTION('',(0.,0.,-1.));
#1550 = PLANE('',#1551);
#1551 = AXIS2_PLACEMENT_3D('',#1552,#1553,#1554);
#1552 = CARTESIAN_POINT('',(0.204161110874,0.599739881449,1.1012));
#1553 = DIRECTION('',(1.,0.,0.));
#1554 = DIRECTION('',(0.,0.,1.));
#1555 = ADVANCED_FACE('',(#1556),#1574,.T.);
#1556 = FACE_BOUND('',#1557,.T.);
#1557 = EDGE_LOOP('',(#1558,#1566,#1567,#1568));
#1558 = ORIENTED_EDGE('',*,*,#1559,.T.);
#1559 = EDGE_CURVE('',#1560,#1536,#1562,.T.);
#1560 = VERTEX_POINT('',#1561);
#1561 = CARTESIAN_POINT('',(5.382818620514E-02,0.658047474648,1.101));
#1562 = LINE('',#1563,#1564);
#1563 = CARTESIAN_POINT('',(5.382818620518E-02,0.658047474648,1.101));
#1564 = VECTOR('',#1565,1.);
#1565 = DIRECTION('',(0.974072003078,0.226238221393,0.));
#1566 = ORIENTED_EDGE('',*,*,#1545,.T.);
#1567 = ORIENTED_EDGE('',*,*,#1490,.T.);
#1568 = ORIENTED_EDGE('',*,*,#1569,.F.);
#1569 = EDGE_CURVE('',#1560,#1483,#1570,.T.);
#1570 = LINE('',#1571,#1572);
#1571 = CARTESIAN_POINT('',(5.382818620514E-02,0.658047474648,1.101));
#1572 = VECTOR('',#1573,1.);
#1573 = DIRECTION('',(0.,0.,-1.));
#1574 = PLANE('',#1575);
#1575 = AXIS2_PLACEMENT_3D('',#1576,#1577,#1578);
#1576 = CARTESIAN_POINT('',(0.204161110874,0.692963839544,1.1012));
#1577 = DIRECTION('',(-0.226238221393,0.974072003078,0.));
#1578 = DIRECTION('',(0.,0.,1.));
#1579 = ADVANCED_FACE('',(#1580),#1591,.T.);
#1580 = FACE_BOUND('',#1581,.T.);
#1581 = EDGE_LOOP('',(#1582,#1588,#1589,#1590));
#1582 = ORIENTED_EDGE('',*,*,#1583,.T.);
#1583 = EDGE_CURVE('',#1507,#1560,#1584,.T.);
#1584 = LINE('',#1585,#1586);
#1585 = CARTESIAN_POINT('',(5.382818620514E-02,0.564823516553,1.101));
#1586 = VECTOR('',#1587,1.);
#1587 = DIRECTION('',(0.,1.,0.));
#1588 = ORIENTED_EDGE('',*,*,#1569,.T.);
#1589 = ORIENTED_EDGE('',*,*,#1482,.T.);
#1590 = ORIENTED_EDGE('',*,*,#1514,.F.);
#1591 = PLANE('',#1592);
#1592 = AXIS2_PLACEMENT_3D('',#1593,#1594,#1595);
#1593 = CARTESIAN_POINT('',(5.382818620514E-02,0.658047474648,1.1012));
#1594 = DIRECTION('',(-1.,0.,0.));
#1595 = DIRECTION('',(0.,0.,-1.));
#1596 = ADVANCED_FACE('',(#1597),#1603,.T.);
#1597 = FACE_BOUND('',#1598,.T.);
#1598 = EDGE_LOOP('',(#1599,#1600,#1601,#1602));
#1599 = ORIENTED_EDGE('',*,*,#1535,.F.);
#1600 = ORIENTED_EDGE('',*,*,#1559,.F.);
#1601 = ORIENTED_EDGE('',*,*,#1583,.F.);
#1602 = ORIENTED_EDGE('',*,*,#1504,.F.);
#1603 = PLANE('',#1604);
#1604 = AXIS2_PLACEMENT_3D('',#1605,#1606,#1607);
#1605 = CARTESIAN_POINT('',(0.165926425667,0.665869031183,1.101));
#1606 = DIRECTION('',(0.,0.,1.));
#1607 = DIRECTION('',(0.,-1.,0.));
#1608 = MANIFOLD_SOLID_BREP('',#1609);
#1609 = CLOSED_SHELL('',(#1610,#1745,#1777,#1802,#1827,#1851,#1875,#1899
    ,#1923,#1947,#1971,#1995,#2019,#2044,#2069,#2094,#2112));
#1610 = ADVANCED_FACE('',(#1611),#1740,.T.);
#1611 = FACE_BOUND('',#1612,.T.);
#1612 = EDGE_LOOP('',(#1613,#1623,#1631,#1639,#1647,#1655,#1664,#1673,
    #1682,#1690,#1698,#1706,#1715,#1724,#1733));
#1613 = ORIENTED_EDGE('',*,*,#1614,.F.);
#1614 = EDGE_CURVE('',#1615,#1617,#1619,.T.);
#1615 = VERTEX_POINT('',#1616);
#1616 = CARTESIAN_POINT('',(0.203819254698,-0.217371428137,1.101));
#1617 = VERTEX_POINT('',#1618);
#1618 = CARTESIAN_POINT('',(0.18492901599,-0.217371428137,1.101));
#1619 = LINE('',#1620,#1621);
#1620 = CARTESIAN_POINT('',(0.203819254698,-0.217371428137,1.101));
#1621 = VECTOR('',#1622,1.);
#1622 = DIRECTION('',(-1.,0.,0.));
#1623 = ORIENTED_EDGE('',*,*,#1624,.F.);
#1624 = EDGE_CURVE('',#1625,#1615,#1627,.T.);
#1625 = VERTEX_POINT('',#1626);
#1626 = CARTESIAN_POINT('',(0.203819254698,-0.181579396899,1.101));
#1627 = LINE('',#1628,#1629);
#1628 = CARTESIAN_POINT('',(0.203819254698,-0.181579396899,1.101));
#1629 = VECTOR('',#1630,1.);
#1630 = DIRECTION('',(0.,-1.,0.));
#1631 = ORIENTED_EDGE('',*,*,#1632,.F.);
#1632 = EDGE_CURVE('',#1633,#1625,#1635,.T.);
#1633 = VERTEX_POINT('',#1634);
#1634 = CARTESIAN_POINT('',(6.96308290244E-03,-0.181579396899,1.101));
#1635 = LINE('',#1636,#1637);
#1636 = CARTESIAN_POINT('',(6.96308290244E-03,-0.181579396899,1.101));
#1637 = VECTOR('',#1638,1.);
#1638 = DIRECTION('',(1.,0.,0.));
#1639 = ORIENTED_EDGE('',*,*,#1640,.F.);
#1640 = EDGE_CURVE('',#1641,#1633,#1643,.T.);
#1641 = VERTEX_POINT('',#1642);
#1642 = CARTESIAN_POINT('',(6.96308290244E-03,-0.218365651227,1.101));
#1643 = LINE('',#1644,#1645);
#1644 = CARTESIAN_POINT('',(6.96308290244E-03,-0.218365651227,1.101));
#1645 = VECTOR('',#1646,1.);
#1646 = DIRECTION('',(0.,1.,0.));
#1647 = ORIENTED_EDGE('',*,*,#1648,.F.);
#1648 = EDGE_CURVE('',#1649,#1641,#1651,.T.);
#1649 = VERTEX_POINT('',#1650);
#1650 = CARTESIAN_POINT('',(0.151125430935,-0.218365651227,1.101));
#1651 = LINE('',#1652,#1653);
#1652 = CARTESIAN_POINT('',(0.151125430935,-0.218365651227,1.101));
#1653 = VECTOR('',#1654,1.);
#1654 = DIRECTION('',(-1.,0.,0.));
#1655 = ORIENTED_EDGE('',*,*,#1656,.F.);
#1656 = EDGE_CURVE('',#1657,#1649,#1659,.T.);
#1657 = VERTEX_POINT('',#1658);
#1658 = CARTESIAN_POINT('',(0.172004115821,-0.230913225648,1.101));
#1659 = CIRCLE('',#1660,2.28226944717E-02);
#1660 = AXIS2_PLACEMENT_3D('',#1661,#1662,#1663);
#1661 = CARTESIAN_POINT('',(0.15162254248,-0.241182931149,1.101));
#1662 = DIRECTION('',(0.,0.,1.));
#1663 = DIRECTION('',(0.515110309861,0.857123893422,-0.));
#1664 = ORIENTED_EDGE('',*,*,#1665,.F.);
#1665 = EDGE_CURVE('',#1666,#1657,#1668,.T.);
#1666 = VERTEX_POINT('',#1667);
#1667 = CARTESIAN_POINT('',(0.167033000375,-0.261117244094,1.101));
#1668 = CIRCLE('',#1669,2.675752961235E-02);
#1669 = AXIS2_PLACEMENT_3D('',#1670,#1671,#1672);
#1670 = CARTESIAN_POINT('',(0.147861871509,-0.242450878379,1.101));
#1671 = DIRECTION('',(0.,0.,1.));
#1672 = DIRECTION('',(0.986725053284,-0.162399720513,0.));
#1673 = ORIENTED_EDGE('',*,*,#1674,.F.);
#1674 = EDGE_CURVE('',#1675,#1666,#1677,.T.);
#1675 = VERTEX_POINT('',#1676);
#1676 = CARTESIAN_POINT('',(0.146154315486,-0.266088359541,1.101));
#1677 = CIRCLE('',#1678,4.235549872192E-02);
#1678 = AXIS2_PLACEMENT_3D('',#1679,#1680,#1681);
#1679 = CARTESIAN_POINT('',(0.147103346621,-0.223743494305,1.101));
#1680 = DIRECTION('',(0.,0.,1.));
#1681 = DIRECTION('',(0.231620527227,-0.972806214704,0.));
#1682 = ORIENTED_EDGE('',*,*,#1683,.F.);
#1683 = EDGE_CURVE('',#1684,#1675,#1686,.T.);
#1684 = VERTEX_POINT('',#1685);
#1685 = CARTESIAN_POINT('',(6.96308290244E-03,-0.266088359541,1.101));
#1686 = LINE('',#1687,#1688);
#1687 = CARTESIAN_POINT('',(6.96308290244E-03,-0.266088359541,1.101));
#1688 = VECTOR('',#1689,1.);
#1689 = DIRECTION('',(1.,0.,0.));
#1690 = ORIENTED_EDGE('',*,*,#1691,.F.);
#1691 = EDGE_CURVE('',#1692,#1684,#1694,.T.);
#1692 = VERTEX_POINT('',#1693);
#1693 = CARTESIAN_POINT('',(6.96308290244E-03,-0.301880390775,1.101));
#1694 = LINE('',#1695,#1696);
#1695 = CARTESIAN_POINT('',(6.96308290244E-03,-0.301880390775,1.101));
#1696 = VECTOR('',#1697,1.);
#1697 = DIRECTION('',(0.,1.,0.));
#1698 = ORIENTED_EDGE('',*,*,#1699,.F.);
#1699 = EDGE_CURVE('',#1700,#1692,#1702,.T.);
#1700 = VERTEX_POINT('',#1701);
#1701 = CARTESIAN_POINT('',(0.165528561397,-0.301880390775,1.101));
#1702 = LINE('',#1703,#1704);
#1703 = CARTESIAN_POINT('',(0.165528561397,-0.301880390775,1.101));
#1704 = VECTOR('',#1705,1.);
#1705 = DIRECTION('',(-1.,0.,0.));
#1706 = ORIENTED_EDGE('',*,*,#1707,.F.);
#1707 = EDGE_CURVE('',#1708,#1700,#1710,.T.);
#1708 = VERTEX_POINT('',#1709);
#1709 = CARTESIAN_POINT('',(0.185923239079,-0.296909275327,1.101));
#1710 = CIRCLE('',#1711,3.518863701543E-02);
#1711 = AXIS2_PLACEMENT_3D('',#1712,#1713,#1714);
#1712 = CARTESIAN_POINT('',(0.167772115522,-0.26676334876,1.101));
#1713 = DIRECTION('',(0.,0.,-1.));
#1714 = DIRECTION('',(0.236812467927,-0.971555379293,0.));
#1715 = ORIENTED_EDGE('',*,*,#1716,.F.);
#1716 = EDGE_CURVE('',#1717,#1708,#1719,.T.);
#1717 = VERTEX_POINT('',#1718);
#1718 = CARTESIAN_POINT('',(0.204288952854,-0.276426757641,1.101));
#1719 = CIRCLE('',#1720,3.449851125705E-02);
#1720 = AXIS2_PLACEMENT_3D('',#1721,#1722,#1723);
#1721 = CARTESIAN_POINT('',(0.171550877885,-0.265547156255,1.101));
#1722 = DIRECTION('',(0.,0.,-1.));
#1723 = DIRECTION('',(0.744531910212,-0.667586874254,0.));
#1724 = ORIENTED_EDGE('',*,*,#1725,.F.);
#1725 = EDGE_CURVE('',#1726,#1717,#1728,.T.);
#1726 = VERTEX_POINT('',#1727);
#1727 = CARTESIAN_POINT('',(0.205807700878,-0.250180790102,1.101));
#1728 = CIRCLE('',#1729,5.050441742274E-02);
#1729 = AXIS2_PLACEMENT_3D('',#1730,#1731,#1732);
#1730 = CARTESIAN_POINT('',(0.156365978393,-0.260486723197,1.101));
#1731 = DIRECTION('',(0.,0.,-1.));
#1732 = DIRECTION('',(0.998329958415,-5.776931825234E-02,0.));
#1733 = ORIENTED_EDGE('',*,*,#1734,.F.);
#1734 = EDGE_CURVE('',#1617,#1726,#1735,.T.);
#1735 = CIRCLE('',#1736,5.011392661601E-02);
#1736 = AXIS2_PLACEMENT_3D('',#1737,#1738,#1739);
#1737 = CARTESIAN_POINT('',(0.156401496369,-0.258573203162,1.101));
#1738 = DIRECTION('',(0.,0.,-1.));
#1739 = DIRECTION('',(0.843661487717,0.536875492216,0.));
#1740 = PLANE('',#1741);
#1741 = AXIS2_PLACEMENT_3D('',#1742,#1743,#1744);
#1742 = CARTESIAN_POINT('',(0.14496729765,-0.281377729896,1.101));
#1743 = DIRECTION('',(0.,0.,1.));
#1744 = DIRECTION('',(0.,-1.,0.));
#1745 = ADVANCED_FACE('',(#1746),#1772,.F.);
#1746 = FACE_BOUND('',#1747,.F.);
#1747 = EDGE_LOOP('',(#1748,#1756,#1765,#1771));
#1748 = ORIENTED_EDGE('',*,*,#1749,.T.);
#1749 = EDGE_CURVE('',#1675,#1750,#1752,.T.);
#1750 = VERTEX_POINT('',#1751);
#1751 = CARTESIAN_POINT('',(0.146154315486,-0.266088359541,1.1));
#1752 = LINE('',#1753,#1754);
#1753 = CARTESIAN_POINT('',(0.146154315486,-0.266088359541,1.101));
#1754 = VECTOR('',#1755,1.);
#1755 = DIRECTION('',(0.,0.,-1.));
#1756 = ORIENTED_EDGE('',*,*,#1757,.F.);
#1757 = EDGE_CURVE('',#1758,#1750,#1760,.T.);
#1758 = VERTEX_POINT('',#1759);
#1759 = CARTESIAN_POINT('',(0.167033000375,-0.261117244094,1.1));
#1760 = CIRCLE('',#1761,4.235549872192E-02);
#1761 = AXIS2_PLACEMENT_3D('',#1762,#1763,#1764);
#1762 = CARTESIAN_POINT('',(0.147103346621,-0.223743494305,1.1));
#1763 = DIRECTION('',(0.,0.,-1.));
#1764 = DIRECTION('',(0.231620527227,-0.972806214704,0.));
#1765 = ORIENTED_EDGE('',*,*,#1766,.F.);
#1766 = EDGE_CURVE('',#1666,#1758,#1767,.T.);
#1767 = LINE('',#1768,#1769);
#1768 = CARTESIAN_POINT('',(0.167033000375,-0.261117244094,1.101));
#1769 = VECTOR('',#1770,1.);
#1770 = DIRECTION('',(0.,0.,-1.));
#1771 = ORIENTED_EDGE('',*,*,#1674,.F.);
#1772 = CYLINDRICAL_SURFACE('',#1773,4.235549872192E-02);
#1773 = AXIS2_PLACEMENT_3D('',#1774,#1775,#1776);
#1774 = CARTESIAN_POINT('',(0.147103346621,-0.223743494305,1.1012));
#1775 = DIRECTION('',(0.,0.,-1.));
#1776 = DIRECTION('',(0.231620527227,-0.972806214704,0.));
#1777 = ADVANCED_FACE('',(#1778),#1797,.F.);
#1778 = FACE_BOUND('',#1779,.F.);
#1779 = EDGE_LOOP('',(#1780,#1781,#1790,#1796));
#1780 = ORIENTED_EDGE('',*,*,#1766,.T.);
#1781 = ORIENTED_EDGE('',*,*,#1782,.F.);
#1782 = EDGE_CURVE('',#1783,#1758,#1785,.T.);
#1783 = VERTEX_POINT('',#1784);
#1784 = CARTESIAN_POINT('',(0.172004115821,-0.230913225648,1.1));
#1785 = CIRCLE('',#1786,2.675752961235E-02);
#1786 = AXIS2_PLACEMENT_3D('',#1787,#1788,#1789);
#1787 = CARTESIAN_POINT('',(0.147861871509,-0.242450878379,1.1));
#1788 = DIRECTION('',(0.,0.,-1.));
#1789 = DIRECTION('',(0.986725053284,-0.162399720513,0.));
#1790 = ORIENTED_EDGE('',*,*,#1791,.F.);
#1791 = EDGE_CURVE('',#1657,#1783,#1792,.T.);
#1792 = LINE('',#1793,#1794);
#1793 = CARTESIAN_POINT('',(0.172004115821,-0.230913225648,1.101));
#1794 = VECTOR('',#1795,1.);
#1795 = DIRECTION('',(0.,0.,-1.));
#1796 = ORIENTED_EDGE('',*,*,#1665,.F.);
#1797 = CYLINDRICAL_SURFACE('',#1798,2.675752961235E-02);
#1798 = AXIS2_PLACEMENT_3D('',#1799,#1800,#1801);
#1799 = CARTESIAN_POINT('',(0.147861871509,-0.242450878379,1.1012));
#1800 = DIRECTION('',(0.,0.,-1.));
#1801 = DIRECTION('',(0.986725053284,-0.162399720513,0.));
#1802 = ADVANCED_FACE('',(#1803),#1822,.F.);
#1803 = FACE_BOUND('',#1804,.F.);
#1804 = EDGE_LOOP('',(#1805,#1806,#1815,#1821));
#1805 = ORIENTED_EDGE('',*,*,#1791,.T.);
#1806 = ORIENTED_EDGE('',*,*,#1807,.F.);
#1807 = EDGE_CURVE('',#1808,#1783,#1810,.T.);
#1808 = VERTEX_POINT('',#1809);
#1809 = CARTESIAN_POINT('',(0.151125430935,-0.218365651227,1.1));
#1810 = CIRCLE('',#1811,2.28226944717E-02);
#1811 = AXIS2_PLACEMENT_3D('',#1812,#1813,#1814);
#1812 = CARTESIAN_POINT('',(0.15162254248,-0.241182931149,1.1));
#1813 = DIRECTION('',(0.,0.,-1.));
#1814 = DIRECTION('',(0.515110309861,0.857123893422,0.));
#1815 = ORIENTED_EDGE('',*,*,#1816,.F.);
#1816 = EDGE_CURVE('',#1649,#1808,#1817,.T.);
#1817 = LINE('',#1818,#1819);
#1818 = CARTESIAN_POINT('',(0.151125430935,-0.218365651227,1.101));
#1819 = VECTOR('',#1820,1.);
#1820 = DIRECTION('',(0.,0.,-1.));
#1821 = ORIENTED_EDGE('',*,*,#1656,.F.);
#1822 = CYLINDRICAL_SURFACE('',#1823,2.28226944717E-02);
#1823 = AXIS2_PLACEMENT_3D('',#1824,#1825,#1826);
#1824 = CARTESIAN_POINT('',(0.15162254248,-0.241182931149,1.1012));
#1825 = DIRECTION('',(0.,0.,-1.));
#1826 = DIRECTION('',(0.515110309861,0.857123893422,0.));
#1827 = ADVANCED_FACE('',(#1828),#1846,.T.);
#1828 = FACE_BOUND('',#1829,.T.);
#1829 = EDGE_LOOP('',(#1830,#1831,#1839,#1845));
#1830 = ORIENTED_EDGE('',*,*,#1648,.T.);
#1831 = ORIENTED_EDGE('',*,*,#1832,.T.);
#1832 = EDGE_CURVE('',#1641,#1833,#1835,.T.);
#1833 = VERTEX_POINT('',#1834);
#1834 = CARTESIAN_POINT('',(6.96308290244E-03,-0.218365651227,1.1));
#1835 = LINE('',#1836,#1837);
#1836 = CARTESIAN_POINT('',(6.96308290244E-03,-0.218365651227,1.101));
#1837 = VECTOR('',#1838,1.);
#1838 = DIRECTION('',(0.,0.,-1.));
#1839 = ORIENTED_EDGE('',*,*,#1840,.T.);
#1840 = EDGE_CURVE('',#1833,#1808,#1841,.T.);
#1841 = LINE('',#1842,#1843);
#1842 = CARTESIAN_POINT('',(6.96308290244E-03,-0.218365651227,1.1));
#1843 = VECTOR('',#1844,1.);
#1844 = DIRECTION('',(1.,0.,0.));
#1845 = ORIENTED_EDGE('',*,*,#1816,.F.);
#1846 = PLANE('',#1847);
#1847 = AXIS2_PLACEMENT_3D('',#1848,#1849,#1850);
#1848 = CARTESIAN_POINT('',(6.96308290244E-03,-0.218365651227,1.1012));
#1849 = DIRECTION('',(0.,-1.,0.));
#1850 = DIRECTION('',(0.,0.,-1.));
#1851 = ADVANCED_FACE('',(#1852),#1870,.T.);
#1852 = FACE_BOUND('',#1853,.T.);
#1853 = EDGE_LOOP('',(#1854,#1855,#1863,#1869));
#1854 = ORIENTED_EDGE('',*,*,#1640,.T.);
#1855 = ORIENTED_EDGE('',*,*,#1856,.T.);
#1856 = EDGE_CURVE('',#1633,#1857,#1859,.T.);
#1857 = VERTEX_POINT('',#1858);
#1858 = CARTESIAN_POINT('',(6.96308290244E-03,-0.181579396899,1.1));
#1859 = LINE('',#1860,#1861);
#1860 = CARTESIAN_POINT('',(6.96308290244E-03,-0.181579396899,1.101));
#1861 = VECTOR('',#1862,1.);
#1862 = DIRECTION('',(0.,0.,-1.));
#1863 = ORIENTED_EDGE('',*,*,#1864,.T.);
#1864 = EDGE_CURVE('',#1857,#1833,#1865,.T.);
#1865 = LINE('',#1866,#1867);
#1866 = CARTESIAN_POINT('',(6.96308290244E-03,-0.181579396899,1.1));
#1867 = VECTOR('',#1868,1.);
#1868 = DIRECTION('',(0.,-1.,0.));
#1869 = ORIENTED_EDGE('',*,*,#1832,.F.);
#1870 = PLANE('',#1871);
#1871 = AXIS2_PLACEMENT_3D('',#1872,#1873,#1874);
#1872 = CARTESIAN_POINT('',(6.96308290244E-03,-0.181579396899,1.1012));
#1873 = DIRECTION('',(-1.,0.,0.));
#1874 = DIRECTION('',(0.,0.,-1.));
#1875 = ADVANCED_FACE('',(#1876),#1894,.T.);
#1876 = FACE_BOUND('',#1877,.T.);
#1877 = EDGE_LOOP('',(#1878,#1879,#1887,#1893));
#1878 = ORIENTED_EDGE('',*,*,#1632,.T.);
#1879 = ORIENTED_EDGE('',*,*,#1880,.T.);
#1880 = EDGE_CURVE('',#1625,#1881,#1883,.T.);
#1881 = VERTEX_POINT('',#1882);
#1882 = CARTESIAN_POINT('',(0.203819254698,-0.181579396899,1.1));
#1883 = LINE('',#1884,#1885);
#1884 = CARTESIAN_POINT('',(0.203819254698,-0.181579396899,1.101));
#1885 = VECTOR('',#1886,1.);
#1886 = DIRECTION('',(0.,0.,-1.));
#1887 = ORIENTED_EDGE('',*,*,#1888,.T.);
#1888 = EDGE_CURVE('',#1881,#1857,#1889,.T.);
#1889 = LINE('',#1890,#1891);
#1890 = CARTESIAN_POINT('',(0.203819254698,-0.181579396899,1.1));
#1891 = VECTOR('',#1892,1.);
#1892 = DIRECTION('',(-1.,0.,0.));
#1893 = ORIENTED_EDGE('',*,*,#1856,.F.);
#1894 = PLANE('',#1895);
#1895 = AXIS2_PLACEMENT_3D('',#1896,#1897,#1898);
#1896 = CARTESIAN_POINT('',(0.203819254698,-0.181579396899,1.1012));
#1897 = DIRECTION('',(0.,1.,0.));
#1898 = DIRECTION('',(0.,-0.,1.));
#1899 = ADVANCED_FACE('',(#1900),#1918,.T.);
#1900 = FACE_BOUND('',#1901,.T.);
#1901 = EDGE_LOOP('',(#1902,#1903,#1911,#1917));
#1902 = ORIENTED_EDGE('',*,*,#1624,.T.);
#1903 = ORIENTED_EDGE('',*,*,#1904,.T.);
#1904 = EDGE_CURVE('',#1615,#1905,#1907,.T.);
#1905 = VERTEX_POINT('',#1906);
#1906 = CARTESIAN_POINT('',(0.203819254698,-0.217371428137,1.1));
#1907 = LINE('',#1908,#1909);
#1908 = CARTESIAN_POINT('',(0.203819254698,-0.217371428137,1.101));
#1909 = VECTOR('',#1910,1.);
#1910 = DIRECTION('',(0.,0.,-1.));
#1911 = ORIENTED_EDGE('',*,*,#1912,.T.);
#1912 = EDGE_CURVE('',#1905,#1881,#1913,.T.);
#1913 = LINE('',#1914,#1915);
#1914 = CARTESIAN_POINT('',(0.203819254698,-0.217371428137,1.1));
#1915 = VECTOR('',#1916,1.);
#1916 = DIRECTION('',(0.,1.,0.));
#1917 = ORIENTED_EDGE('',*,*,#1880,.F.);
#1918 = PLANE('',#1919);
#1919 = AXIS2_PLACEMENT_3D('',#1920,#1921,#1922);
#1920 = CARTESIAN_POINT('',(0.203819254698,-0.217371428137,1.1012));
#1921 = DIRECTION('',(1.,0.,0.));
#1922 = DIRECTION('',(0.,0.,1.));
#1923 = ADVANCED_FACE('',(#1924),#1942,.T.);
#1924 = FACE_BOUND('',#1925,.T.);
#1925 = EDGE_LOOP('',(#1926,#1927,#1935,#1941));
#1926 = ORIENTED_EDGE('',*,*,#1614,.T.);
#1927 = ORIENTED_EDGE('',*,*,#1928,.T.);
#1928 = EDGE_CURVE('',#1617,#1929,#1931,.T.);
#1929 = VERTEX_POINT('',#1930);
#1930 = CARTESIAN_POINT('',(0.18492901599,-0.217371428137,1.1));
#1931 = LINE('',#1932,#1933);
#1932 = CARTESIAN_POINT('',(0.18492901599,-0.217371428137,1.101));
#1933 = VECTOR('',#1934,1.);
#1934 = DIRECTION('',(0.,0.,-1.));
#1935 = ORIENTED_EDGE('',*,*,#1936,.T.);
#1936 = EDGE_CURVE('',#1929,#1905,#1937,.T.);
#1937 = LINE('',#1938,#1939);
#1938 = CARTESIAN_POINT('',(0.18492901599,-0.217371428137,1.1));
#1939 = VECTOR('',#1940,1.);
#1940 = DIRECTION('',(1.,0.,0.));
#1941 = ORIENTED_EDGE('',*,*,#1904,.F.);
#1942 = PLANE('',#1943);
#1943 = AXIS2_PLACEMENT_3D('',#1944,#1945,#1946);
#1944 = CARTESIAN_POINT('',(0.18492901599,-0.217371428137,1.1012));
#1945 = DIRECTION('',(0.,-1.,0.));
#1946 = DIRECTION('',(0.,0.,-1.));
#1947 = ADVANCED_FACE('',(#1948),#1966,.T.);
#1948 = FACE_BOUND('',#1949,.T.);
#1949 = EDGE_LOOP('',(#1950,#1951,#1952,#1960));
#1950 = ORIENTED_EDGE('',*,*,#1683,.T.);
#1951 = ORIENTED_EDGE('',*,*,#1749,.T.);
#1952 = ORIENTED_EDGE('',*,*,#1953,.T.);
#1953 = EDGE_CURVE('',#1750,#1954,#1956,.T.);
#1954 = VERTEX_POINT('',#1955);
#1955 = CARTESIAN_POINT('',(6.96308290244E-03,-0.266088359541,1.1));
#1956 = LINE('',#1957,#1958);
#1957 = CARTESIAN_POINT('',(0.146154315486,-0.266088359541,1.1));
#1958 = VECTOR('',#1959,1.);
#1959 = DIRECTION('',(-1.,0.,0.));
#1960 = ORIENTED_EDGE('',*,*,#1961,.F.);
#1961 = EDGE_CURVE('',#1684,#1954,#1962,.T.);
#1962 = LINE('',#1963,#1964);
#1963 = CARTESIAN_POINT('',(6.96308290244E-03,-0.266088359541,1.101));
#1964 = VECTOR('',#1965,1.);
#1965 = DIRECTION('',(0.,0.,-1.));
#1966 = PLANE('',#1967);
#1967 = AXIS2_PLACEMENT_3D('',#1968,#1969,#1970);
#1968 = CARTESIAN_POINT('',(0.146154315486,-0.266088359541,1.1012));
#1969 = DIRECTION('',(0.,1.,0.));
#1970 = DIRECTION('',(0.,-0.,1.));
#1971 = ADVANCED_FACE('',(#1972),#1990,.T.);
#1972 = FACE_BOUND('',#1973,.T.);
#1973 = EDGE_LOOP('',(#1974,#1975,#1976,#1984));
#1974 = ORIENTED_EDGE('',*,*,#1691,.T.);
#1975 = ORIENTED_EDGE('',*,*,#1961,.T.);
#1976 = ORIENTED_EDGE('',*,*,#1977,.T.);
#1977 = EDGE_CURVE('',#1954,#1978,#1980,.T.);
#1978 = VERTEX_POINT('',#1979);
#1979 = CARTESIAN_POINT('',(6.96308290244E-03,-0.301880390775,1.1));
#1980 = LINE('',#1981,#1982);
#1981 = CARTESIAN_POINT('',(6.96308290244E-03,-0.266088359541,1.1));
#1982 = VECTOR('',#1983,1.);
#1983 = DIRECTION('',(0.,-1.,0.));
#1984 = ORIENTED_EDGE('',*,*,#1985,.F.);
#1985 = EDGE_CURVE('',#1692,#1978,#1986,.T.);
#1986 = LINE('',#1987,#1988);
#1987 = CARTESIAN_POINT('',(6.96308290244E-03,-0.301880390775,1.101));
#1988 = VECTOR('',#1989,1.);
#1989 = DIRECTION('',(0.,0.,-1.));
#1990 = PLANE('',#1991);
#1991 = AXIS2_PLACEMENT_3D('',#1992,#1993,#1994);
#1992 = CARTESIAN_POINT('',(6.96308290244E-03,-0.266088359541,1.1012));
#1993 = DIRECTION('',(-1.,0.,0.));
#1994 = DIRECTION('',(0.,0.,-1.));
#1995 = ADVANCED_FACE('',(#1996),#2014,.T.);
#1996 = FACE_BOUND('',#1997,.T.);
#1997 = EDGE_LOOP('',(#1998,#1999,#2000,#2008));
#1998 = ORIENTED_EDGE('',*,*,#1699,.T.);
#1999 = ORIENTED_EDGE('',*,*,#1985,.T.);
#2000 = ORIENTED_EDGE('',*,*,#2001,.T.);
#2001 = EDGE_CURVE('',#1978,#2002,#2004,.T.);
#2002 = VERTEX_POINT('',#2003);
#2003 = CARTESIAN_POINT('',(0.165528561397,-0.301880390775,1.1));
#2004 = LINE('',#2005,#2006);
#2005 = CARTESIAN_POINT('',(6.96308290244E-03,-0.301880390775,1.1));
#2006 = VECTOR('',#2007,1.);
#2007 = DIRECTION('',(1.,0.,0.));
#2008 = ORIENTED_EDGE('',*,*,#2009,.F.);
#2009 = EDGE_CURVE('',#1700,#2002,#2010,.T.);
#2010 = LINE('',#2011,#2012);
#2011 = CARTESIAN_POINT('',(0.165528561397,-0.301880390775,1.101));
#2012 = VECTOR('',#2013,1.);
#2013 = DIRECTION('',(0.,0.,-1.));
#2014 = PLANE('',#2015);
#2015 = AXIS2_PLACEMENT_3D('',#2016,#2017,#2018);
#2016 = CARTESIAN_POINT('',(6.96308290244E-03,-0.301880390775,1.1012));
#2017 = DIRECTION('',(0.,-1.,0.));
#2018 = DIRECTION('',(0.,0.,-1.));
#2019 = ADVANCED_FACE('',(#2020),#2039,.T.);
#2020 = FACE_BOUND('',#2021,.T.);
#2021 = EDGE_LOOP('',(#2022,#2023,#2024,#2033));
#2022 = ORIENTED_EDGE('',*,*,#1707,.T.);
#2023 = ORIENTED_EDGE('',*,*,#2009,.T.);
#2024 = ORIENTED_EDGE('',*,*,#2025,.T.);
#2025 = EDGE_CURVE('',#2002,#2026,#2028,.T.);
#2026 = VERTEX_POINT('',#2027);
#2027 = CARTESIAN_POINT('',(0.185923239079,-0.296909275327,1.1));
#2028 = CIRCLE('',#2029,3.518863701543E-02);
#2029 = AXIS2_PLACEMENT_3D('',#2030,#2031,#2032);
#2030 = CARTESIAN_POINT('',(0.167772115522,-0.26676334876,1.1));
#2031 = DIRECTION('',(0.,0.,1.));
#2032 = DIRECTION('',(0.236812467927,-0.971555379293,0.));
#2033 = ORIENTED_EDGE('',*,*,#2034,.F.);
#2034 = EDGE_CURVE('',#1708,#2026,#2035,.T.);
#2035 = LINE('',#2036,#2037);
#2036 = CARTESIAN_POINT('',(0.185923239079,-0.296909275327,1.101));
#2037 = VECTOR('',#2038,1.);
#2038 = DIRECTION('',(0.,0.,-1.));
#2039 = CYLINDRICAL_SURFACE('',#2040,3.518863701543E-02);
#2040 = AXIS2_PLACEMENT_3D('',#2041,#2042,#2043);
#2041 = CARTESIAN_POINT('',(0.167772115522,-0.26676334876,1.1012));
#2042 = DIRECTION('',(0.,0.,-1.));
#2043 = DIRECTION('',(0.236812467927,-0.971555379293,0.));
#2044 = ADVANCED_FACE('',(#2045),#2064,.T.);
#2045 = FACE_BOUND('',#2046,.T.);
#2046 = EDGE_LOOP('',(#2047,#2048,#2049,#2058));
#2047 = ORIENTED_EDGE('',*,*,#1716,.T.);
#2048 = ORIENTED_EDGE('',*,*,#2034,.T.);
#2049 = ORIENTED_EDGE('',*,*,#2050,.T.);
#2050 = EDGE_CURVE('',#2026,#2051,#2053,.T.);
#2051 = VERTEX_POINT('',#2052);
#2052 = CARTESIAN_POINT('',(0.204288952854,-0.276426757641,1.1));
#2053 = CIRCLE('',#2054,3.449851125705E-02);
#2054 = AXIS2_PLACEMENT_3D('',#2055,#2056,#2057);
#2055 = CARTESIAN_POINT('',(0.171550877885,-0.265547156255,1.1));
#2056 = DIRECTION('',(0.,0.,1.));
#2057 = DIRECTION('',(0.744531910212,-0.667586874254,0.));
#2058 = ORIENTED_EDGE('',*,*,#2059,.F.);
#2059 = EDGE_CURVE('',#1717,#2051,#2060,.T.);
#2060 = LINE('',#2061,#2062);
#2061 = CARTESIAN_POINT('',(0.204288952854,-0.276426757641,1.101));
#2062 = VECTOR('',#2063,1.);
#2063 = DIRECTION('',(0.,0.,-1.));
#2064 = CYLINDRICAL_SURFACE('',#2065,3.449851125705E-02);
#2065 = AXIS2_PLACEMENT_3D('',#2066,#2067,#2068);
#2066 = CARTESIAN_POINT('',(0.171550877885,-0.265547156255,1.1012));
#2067 = DIRECTION('',(0.,0.,-1.));
#2068 = DIRECTION('',(0.744531910212,-0.667586874254,0.));
#2069 = ADVANCED_FACE('',(#2070),#2089,.T.);
#2070 = FACE_BOUND('',#2071,.T.);
#2071 = EDGE_LOOP('',(#2072,#2073,#2074,#2083));
#2072 = ORIENTED_EDGE('',*,*,#1725,.T.);
#2073 = ORIENTED_EDGE('',*,*,#2059,.T.);
#2074 = ORIENTED_EDGE('',*,*,#2075,.T.);
#2075 = EDGE_CURVE('',#2051,#2076,#2078,.T.);
#2076 = VERTEX_POINT('',#2077);
#2077 = CARTESIAN_POINT('',(0.205807700878,-0.250180790102,1.1));
#2078 = CIRCLE('',#2079,5.050441742274E-02);
#2079 = AXIS2_PLACEMENT_3D('',#2080,#2081,#2082);
#2080 = CARTESIAN_POINT('',(0.156365978393,-0.260486723197,1.1));
#2081 = DIRECTION('',(0.,0.,1.));
#2082 = DIRECTION('',(0.998329958415,-5.776931825234E-02,0.));
#2083 = ORIENTED_EDGE('',*,*,#2084,.F.);
#2084 = EDGE_CURVE('',#1726,#2076,#2085,.T.);
#2085 = LINE('',#2086,#2087);
#2086 = CARTESIAN_POINT('',(0.205807700878,-0.250180790102,1.101));
#2087 = VECTOR('',#2088,1.);
#2088 = DIRECTION('',(0.,0.,-1.));
#2089 = CYLINDRICAL_SURFACE('',#2090,5.050441742274E-02);
#2090 = AXIS2_PLACEMENT_3D('',#2091,#2092,#2093);
#2091 = CARTESIAN_POINT('',(0.156365978393,-0.260486723197,1.1012));
#2092 = DIRECTION('',(0.,0.,-1.));
#2093 = DIRECTION('',(0.998329958415,-5.776931825234E-02,0.));
#2094 = ADVANCED_FACE('',(#2095),#2107,.T.);
#2095 = FACE_BOUND('',#2096,.T.);
#2096 = EDGE_LOOP('',(#2097,#2098,#2099,#2106));
#2097 = ORIENTED_EDGE('',*,*,#1734,.T.);
#2098 = ORIENTED_EDGE('',*,*,#2084,.T.);
#2099 = ORIENTED_EDGE('',*,*,#2100,.T.);
#2100 = EDGE_CURVE('',#2076,#1929,#2101,.T.);
#2101 = CIRCLE('',#2102,5.011392661601E-02);
#2102 = AXIS2_PLACEMENT_3D('',#2103,#2104,#2105);
#2103 = CARTESIAN_POINT('',(0.156401496369,-0.258573203162,1.1));
#2104 = DIRECTION('',(0.,0.,1.));
#2105 = DIRECTION('',(0.843661487717,0.536875492216,-0.));
#2106 = ORIENTED_EDGE('',*,*,#1928,.F.);
#2107 = CYLINDRICAL_SURFACE('',#2108,5.011392661601E-02);
#2108 = AXIS2_PLACEMENT_3D('',#2109,#2110,#2111);
#2109 = CARTESIAN_POINT('',(0.156401496369,-0.258573203162,1.1012));
#2110 = DIRECTION('',(0.,0.,-1.));
#2111 = DIRECTION('',(0.843661487717,0.536875492216,0.));
#2112 = ADVANCED_FACE('',(#2113),#2130,.F.);
#2113 = FACE_BOUND('',#2114,.T.);
#2114 = EDGE_LOOP('',(#2115,#2116,#2117,#2118,#2119,#2120,#2121,#2122,
    #2123,#2124,#2125,#2126,#2127,#2128,#2129));
#2115 = ORIENTED_EDGE('',*,*,#1936,.F.);
#2116 = ORIENTED_EDGE('',*,*,#2100,.F.);
#2117 = ORIENTED_EDGE('',*,*,#2075,.F.);
#2118 = ORIENTED_EDGE('',*,*,#2050,.F.);
#2119 = ORIENTED_EDGE('',*,*,#2025,.F.);
#2120 = ORIENTED_EDGE('',*,*,#2001,.F.);
#2121 = ORIENTED_EDGE('',*,*,#1977,.F.);
#2122 = ORIENTED_EDGE('',*,*,#1953,.F.);
#2123 = ORIENTED_EDGE('',*,*,#1757,.F.);
#2124 = ORIENTED_EDGE('',*,*,#1782,.F.);
#2125 = ORIENTED_EDGE('',*,*,#1807,.F.);
#2126 = ORIENTED_EDGE('',*,*,#1840,.F.);
#2127 = ORIENTED_EDGE('',*,*,#1864,.F.);
#2128 = ORIENTED_EDGE('',*,*,#1888,.F.);
#2129 = ORIENTED_EDGE('',*,*,#1912,.F.);
#2130 = PLANE('',#2131);
#2131 = AXIS2_PLACEMENT_3D('',#2132,#2133,#2134);
#2132 = CARTESIAN_POINT('',(0.164646771177,-4.762760748212E-03,1.1));
#2133 = DIRECTION('',(0.,0.,1.));
#2134 = DIRECTION('',(1.,0.,-0.));
#2135 = MANIFOLD_SOLID_BREP('',#2136);
#2136 = CLOSED_SHELL('',(#2137,#2521,#2553,#2578,#2603,#2628,#2653,#2678
    ,#2703,#2728,#2753,#2778,#2802,#2834,#2859,#2884,#2909,#2934,#2959,
    #2984,#3008,#3033,#3058,#3083,#3108,#3133,#3158,#3183,#3208,#3233,
    #3258,#3283,#3307,#3325,#3350,#3375,#3400,#3425,#3450,#3475,#3500,
    #3525,#3549,#3567));
#2137 = ADVANCED_FACE('',(#2138,#2336),#2516,.T.);
#2138 = FACE_BOUND('',#2139,.T.);
#2139 = EDGE_LOOP('',(#2140,#2151,#2159,#2168,#2177,#2186,#2195,#2204,
    #2213,#2222,#2231,#2240,#2249,#2258,#2267,#2276,#2285,#2294,#2303,
    #2312,#2321,#2329));
#2140 = ORIENTED_EDGE('',*,*,#2141,.F.);
#2141 = EDGE_CURVE('',#2142,#2144,#2146,.T.);
#2142 = VERTEX_POINT('',#2143);
#2143 = CARTESIAN_POINT('',(1.396514871547E-02,-0.591983104334,1.101));
#2144 = VERTEX_POINT('',#2145);
#2145 = CARTESIAN_POINT('',(2.68992378562E-03,-0.55568998114,1.101));
#2146 = CIRCLE('',#2147,6.572876307475E-02);
#2147 = AXIS2_PLACEMENT_3D('',#2148,#2149,#2150);
#2148 = CARTESIAN_POINT('',(6.841661895363E-02,-0.555168600612,1.101));
#2149 = DIRECTION('',(0.,0.,-1.));
#2150 = DIRECTION('',(-0.954975888559,-0.296683420957,-0.));
#2151 = ORIENTED_EDGE('',*,*,#2152,.F.);
#2152 = EDGE_CURVE('',#2153,#2142,#2155,.T.);
#2153 = VERTEX_POINT('',#2154);
#2154 = CARTESIAN_POINT('',(1.491686762191E-02,-0.593254436179,1.101));
#2155 = LINE('',#2156,#2157);
#2156 = CARTESIAN_POINT('',(1.491686762111E-02,-0.59325443618,1.101));
#2157 = VECTOR('',#2158,1.);
#2158 = DIRECTION('',(-0.599282431095,0.80053767418,0.));
#2159 = ORIENTED_EDGE('',*,*,#2160,.F.);
#2160 = EDGE_CURVE('',#2161,#2153,#2163,.T.);
#2161 = VERTEX_POINT('',#2162);
#2162 = CARTESIAN_POINT('',(3.778048647091E-02,-0.610292062016,1.101));
#2163 = CIRCLE('',#2164,7.449249012047E-02);
#2164 = AXIS2_PLACEMENT_3D('',#2165,#2166,#2167);
#2165 = CARTESIAN_POINT('',(7.003709401644E-02,-0.543145637288,1.101));
#2166 = DIRECTION('',(0.,0.,-1.));
#2167 = DIRECTION('',(-0.597526159314,-0.801849417868,-0.));
#2168 = ORIENTED_EDGE('',*,*,#2169,.F.);
#2169 = EDGE_CURVE('',#2170,#2161,#2172,.T.);
#2170 = VERTEX_POINT('',#2171);
#2171 = CARTESIAN_POINT('',(6.386946066738E-02,-0.618502749124,1.101));
#2172 = CIRCLE('',#2173,0.162363235775);
#2173 = AXIS2_PLACEMENT_3D('',#2174,#2175,#2176);
#2174 = CARTESIAN_POINT('',(9.939361463079E-02,-0.460073412143,1.101));
#2175 = DIRECTION('',(0.,0.,-1.));
#2176 = DIRECTION('',(-0.300202428494,-0.953875516997,-0.));
#2177 = ORIENTED_EDGE('',*,*,#2178,.F.);
#2178 = EDGE_CURVE('',#2179,#2170,#2181,.T.);
#2179 = VERTEX_POINT('',#2180);
#2180 = CARTESIAN_POINT('',(0.103164766203,-0.622400112611,1.101));
#2181 = CIRCLE('',#2182,0.190009146242);
#2182 = AXIS2_PLACEMENT_3D('',#2183,#2184,#2185);
#2183 = CARTESIAN_POINT('',(0.102168955106,-0.432393575839,1.101));
#2184 = DIRECTION('',(0.,0.,-1.));
#2185 = DIRECTION('',(-9.869715022937E-02,-0.995117516948,-0.));
#2186 = ORIENTED_EDGE('',*,*,#2187,.F.);
#2187 = EDGE_CURVE('',#2188,#2179,#2190,.T.);
#2188 = VERTEX_POINT('',#2189);
#2189 = CARTESIAN_POINT('',(0.130163245477,-0.621118313164,1.101));
#2190 = CIRCLE('',#2191,0.202489822977);
#2191 = AXIS2_PLACEMENT_3D('',#2192,#2193,#2194);
#2192 = CARTESIAN_POINT('',(0.107082679182,-0.419948196425,1.101));
#2193 = DIRECTION('',(0.,0.,-1.));
#2194 = DIRECTION('',(4.742331068854E-02,-0.998874881856,0.));
#2195 = ORIENTED_EDGE('',*,*,#2196,.F.);
#2196 = EDGE_CURVE('',#2197,#2188,#2199,.T.);
#2197 = VERTEX_POINT('',#2198);
#2198 = CARTESIAN_POINT('',(0.153900564435,-0.617159657168,1.101));
#2199 = CIRCLE('',#2200,0.262483520944);
#2200 = AXIS2_PLACEMENT_3D('',#2201,#2202,#2203);
#2201 = CARTESIAN_POINT('',(9.889941778416E-02,-0.360503325404,1.101));
#2202 = DIRECTION('',(0.,0.,-1.));
#2203 = DIRECTION('',(0.164497482784,-0.986377502865,0.));
#2204 = ORIENTED_EDGE('',*,*,#2205,.F.);
#2205 = EDGE_CURVE('',#2206,#2197,#2208,.T.);
#2206 = VERTEX_POINT('',#2207);
#2207 = CARTESIAN_POINT('',(0.176398705889,-0.608456045222,1.101));
#2208 = CIRCLE('',#2209,0.120846782711);
#2209 = AXIS2_PLACEMENT_3D('',#2210,#2211,#2212);
#2210 = CARTESIAN_POINT('',(0.121765668226,-0.500663763088,1.101));
#2211 = DIRECTION('',(0.,0.,-1.));
#2212 = DIRECTION('',(0.3608013594,-0.932642685628,0.));
#2213 = ORIENTED_EDGE('',*,*,#2214,.F.);
#2214 = EDGE_CURVE('',#2215,#2206,#2217,.T.);
#2215 = VERTEX_POINT('',#2216);
#2216 = CARTESIAN_POINT('',(0.193860991689,-0.595258914473,1.101));
#2217 = CIRCLE('',#2218,6.320507664517E-02);
#2218 = AXIS2_PLACEMENT_3D('',#2219,#2220,#2221);
#2219 = CARTESIAN_POINT('',(0.147597107665,-0.552194605021,1.101));
#2220 = DIRECTION('',(0.,0.,-1.));
#2221 = DIRECTION('',(0.602932076813,-0.797792523624,0.));
#2222 = ORIENTED_EDGE('',*,*,#2223,.F.);
#2223 = EDGE_CURVE('',#2224,#2215,#2226,.T.);
#2224 = VERTEX_POINT('',#2225);
#2225 = CARTESIAN_POINT('',(0.202532218777,-0.58268073665,1.101));
#2226 = CIRCLE('',#2227,4.605005320182E-02);
#2227 = AXIS2_PLACEMENT_3D('',#2228,#2229,#2230);
#2228 = CARTESIAN_POINT('',(0.160808105824,-0.563194695539,1.101));
#2229 = DIRECTION('',(0.,0.,-1.));
#2230 = DIRECTION('',(0.823316120809,-0.567583091023,0.));
#2231 = ORIENTED_EDGE('',*,*,#2232,.F.);
#2232 = EDGE_CURVE('',#2233,#2224,#2235,.T.);
#2233 = VERTEX_POINT('',#2234);
#2234 = CARTESIAN_POINT('',(0.208173271777,-0.55568998114,1.101));
#2235 = CIRCLE('',#2236,7.365106551343E-02);
#2236 = AXIS2_PLACEMENT_3D('',#2237,#2238,#2239);
#2237 = CARTESIAN_POINT('',(0.134533781846,-0.554384234635,1.101));
#2238 = DIRECTION('',(0.,0.,-1.));
#2239 = DIRECTION('',(0.978850032017,-0.204579116288,0.));
#2240 = ORIENTED_EDGE('',*,*,#2241,.F.);
#2241 = EDGE_CURVE('',#2242,#2233,#2244,.T.);
#2242 = VERTEX_POINT('',#2243);
#2243 = CARTESIAN_POINT('',(0.202532218777,-0.528699225626,1.101));
#2244 = CIRCLE('',#2245,7.365106552565E-02);
#2245 = AXIS2_PLACEMENT_3D('',#2246,#2247,#2248);
#2246 = CARTESIAN_POINT('',(0.134533781834,-0.556995727643,1.101));
#2247 = DIRECTION('',(0.,0.,-1.));
#2248 = DIRECTION('',(0.978850032024,0.204579116254,0.));
#2249 = ORIENTED_EDGE('',*,*,#2250,.F.);
#2250 = EDGE_CURVE('',#2251,#2242,#2253,.T.);
#2251 = VERTEX_POINT('',#2252);
#2252 = CARTESIAN_POINT('',(0.193860991689,-0.516121047807,1.101));
#2253 = CIRCLE('',#2254,4.605005319022E-02);
#2254 = AXIS2_PLACEMENT_3D('',#2255,#2256,#2257);
#2255 = CARTESIAN_POINT('',(0.160808105838,-0.548185266739,1.101));
#2256 = DIRECTION('',(0.,0.,-1.));
#2257 = DIRECTION('',(0.823316120711,0.567583091166,0.));
#2258 = ORIENTED_EDGE('',*,*,#2259,.F.);
#2259 = EDGE_CURVE('',#2260,#2251,#2262,.T.);
#2260 = VERTEX_POINT('',#2261);
#2261 = CARTESIAN_POINT('',(0.176398705889,-0.502923917058,1.101));
#2262 = CIRCLE('',#2263,6.320507664923E-02);
#2263 = AXIS2_PLACEMENT_3D('',#2264,#2265,#2266);
#2264 = CARTESIAN_POINT('',(0.147597107658,-0.559185357259,1.101));
#2265 = DIRECTION('',(0.,0.,-1.));
#2266 = DIRECTION('',(0.602932076881,0.797792523573,0.));
#2267 = ORIENTED_EDGE('',*,*,#2268,.F.);
#2268 = EDGE_CURVE('',#2269,#2260,#2271,.T.);
#2269 = VERTEX_POINT('',#2270);
#2270 = CARTESIAN_POINT('',(0.153900564435,-0.49422030511,1.101));
#2271 = CIRCLE('',#2272,0.120846782715);
#2272 = AXIS2_PLACEMENT_3D('',#2273,#2274,#2275);
#2273 = CARTESIAN_POINT('',(0.121765668214,-0.61071619919,1.101));
#2274 = DIRECTION('',(0.,0.,-1.));
#2275 = DIRECTION('',(0.360801359484,0.932642685595,0.));
#2276 = ORIENTED_EDGE('',*,*,#2277,.F.);
#2277 = EDGE_CURVE('',#2278,#2269,#2280,.T.);
#2278 = VERTEX_POINT('',#2279);
#2279 = CARTESIAN_POINT('',(0.130163245477,-0.490261649113,1.101));
#2280 = CIRCLE('',#2281,0.262483520944);
#2281 = AXIS2_PLACEMENT_3D('',#2282,#2283,#2284);
#2282 = CARTESIAN_POINT('',(9.889941778416E-02,-0.750876636871,1.101));
#2283 = DIRECTION('',(0.,0.,-1.));
#2284 = DIRECTION('',(0.164497482784,0.986377502865,0.));
#2285 = ORIENTED_EDGE('',*,*,#2286,.F.);
#2286 = EDGE_CURVE('',#2287,#2278,#2289,.T.);
#2287 = VERTEX_POINT('',#2288);
#2288 = CARTESIAN_POINT('',(0.103164766203,-0.488979849667,1.101));
#2289 = CIRCLE('',#2290,0.202489822977);
#2290 = AXIS2_PLACEMENT_3D('',#2291,#2292,#2293);
#2291 = CARTESIAN_POINT('',(0.107082679182,-0.691431765851,1.101));
#2292 = DIRECTION('',(0.,0.,-1.));
#2293 = DIRECTION('',(4.742331068854E-02,0.998874881856,0.));
#2294 = ORIENTED_EDGE('',*,*,#2295,.F.);
#2295 = EDGE_CURVE('',#2296,#2287,#2298,.T.);
#2296 = VERTEX_POINT('',#2297);
#2297 = CARTESIAN_POINT('',(6.386946066738E-02,-0.492877213155,1.101));
#2298 = CIRCLE('',#2299,0.190009146244);
#2299 = AXIS2_PLACEMENT_3D('',#2300,#2301,#2302);
#2300 = CARTESIAN_POINT('',(0.102168955128,-0.678986386439,1.101));
#2301 = DIRECTION('',(0.,0.,-1.));
#2302 = DIRECTION('',(-9.869715034658E-02,0.995117516936,0.));
#2303 = ORIENTED_EDGE('',*,*,#2304,.F.);
#2304 = EDGE_CURVE('',#2305,#2296,#2307,.T.);
#2305 = VERTEX_POINT('',#2306);
#2306 = CARTESIAN_POINT('',(3.778048647091E-02,-0.501087900261,1.101));
#2307 = CIRCLE('',#2308,0.16236323577);
#2308 = AXIS2_PLACEMENT_3D('',#2309,#2310,#2311);
#2309 = CARTESIAN_POINT('',(9.939361461617E-02,-0.651306550137,1.101));
#2310 = DIRECTION('',(0.,0.,-1.));
#2311 = DIRECTION('',(-0.300202428416,0.953875517022,0.));
#2312 = ORIENTED_EDGE('',*,*,#2313,.F.);
#2313 = EDGE_CURVE('',#2314,#2305,#2316,.T.);
#2314 = VERTEX_POINT('',#2315);
#2315 = CARTESIAN_POINT('',(1.491686762191E-02,-0.518125526094,1.101));
#2316 = CIRCLE('',#2317,7.449249011317E-02);
#2317 = AXIS2_PLACEMENT_3D('',#2318,#2319,#2320);
#2318 = CARTESIAN_POINT('',(7.003709400509E-02,-0.56823432499,1.101));
#2319 = DIRECTION('',(0.,0.,-1.));
#2320 = DIRECTION('',(-0.597526159209,0.801849417947,0.));
#2321 = ORIENTED_EDGE('',*,*,#2322,.F.);
#2322 = EDGE_CURVE('',#2323,#2314,#2325,.T.);
#2323 = VERTEX_POINT('',#2324);
#2324 = CARTESIAN_POINT('',(1.396514871547E-02,-0.519396857944,1.101));
#2325 = LINE('',#2326,#2327);
#2326 = CARTESIAN_POINT('',(1.396514871509E-02,-0.519396857944,1.101));
#2327 = VECTOR('',#2328,1.);
#2328 = DIRECTION('',(0.599282430389,0.800537674708,0.));
#2329 = ORIENTED_EDGE('',*,*,#2330,.F.);
#2330 = EDGE_CURVE('',#2144,#2323,#2331,.T.);
#2331 = CIRCLE('',#2332,6.572876308247E-02);
#2332 = AXIS2_PLACEMENT_3D('',#2333,#2334,#2335);
#2333 = CARTESIAN_POINT('',(6.841661896149E-02,-0.556211361666,1.101));
#2334 = DIRECTION('',(0.,0.,-1.));
#2335 = DIRECTION('',(-0.95497588857,0.296683420922,0.));
#2336 = FACE_BOUND('',#2337,.T.);
#2337 = EDGE_LOOP('',(#2338,#2349,#2358,#2367,#2375,#2384,#2393,#2402,
    #2411,#2420,#2429,#2438,#2447,#2456,#2465,#2474,#2483,#2492,#2501,
    #2509));
#2338 = ORIENTED_EDGE('',*,*,#2339,.F.);
#2339 = EDGE_CURVE('',#2340,#2342,#2344,.T.);
#2340 = VERTEX_POINT('',#2341);
#2341 = CARTESIAN_POINT('',(0.17601608209,-0.55568998114,1.101));
#2342 = VERTEX_POINT('',#2343);
#2343 = CARTESIAN_POINT('',(0.175491547556,-0.54995543441,1.101));
#2344 = CIRCLE('',#2345,1.753450449972E-02);
#2345 = AXIS2_PLACEMENT_3D('',#2346,#2347,#2348);
#2346 = CARTESIAN_POINT('',(0.15852922356,-0.554398227757,1.101));
#2347 = DIRECTION('',(0.,0.,1.));
#2348 = DIRECTION('',(0.99584275904,9.108896348225E-02,-0.));
#2349 = ORIENTED_EDGE('',*,*,#2350,.F.);
#2350 = EDGE_CURVE('',#2351,#2340,#2353,.T.);
#2351 = VERTEX_POINT('',#2352);
#2352 = CARTESIAN_POINT('',(0.175491547556,-0.561424527865,1.101));
#2353 = CIRCLE('',#2354,1.753450448554E-02);
#2354 = AXIS2_PLACEMENT_3D('',#2355,#2356,#2357);
#2355 = CARTESIAN_POINT('',(0.158529223574,-0.556981734523,1.101));
#2356 = DIRECTION('',(0.,0.,1.));
#2357 = DIRECTION('',(0.995842759033,-9.108896355588E-02,0.));
#2358 = ORIENTED_EDGE('',*,*,#2359,.F.);
#2359 = EDGE_CURVE('',#2360,#2351,#2362,.T.);
#2360 = VERTEX_POINT('',#2361);
#2361 = CARTESIAN_POINT('',(0.169243703891,-0.571789643639,1.101));
#2362 = CIRCLE('',#2363,1.845723663079E-02);
#2363 = AXIS2_PLACEMENT_3D('',#2364,#2365,#2366);
#2364 = CARTESIAN_POINT('',(0.157433773267,-0.557605316981,1.101));
#2365 = DIRECTION('',(0.,0.,1.));
#2366 = DIRECTION('',(0.856442230493,-0.516242874846,0.));
#2367 = ORIENTED_EDGE('',*,*,#2368,.F.);
#2368 = EDGE_CURVE('',#2369,#2360,#2371,.T.);
#2369 = VERTEX_POINT('',#2370);
#2370 = CARTESIAN_POINT('',(0.165539430168,-0.57466272847,1.101));
#2371 = LINE('',#2372,#2373);
#2372 = CARTESIAN_POINT('',(0.165539430168,-0.57466272847,1.101));
#2373 = VECTOR('',#2374,1.);
#2374 = DIRECTION('',(0.790180259812,0.61287450347,0.));
#2375 = ORIENTED_EDGE('',*,*,#2376,.F.);
#2376 = EDGE_CURVE('',#2377,#2369,#2379,.T.);
#2377 = VERTEX_POINT('',#2378);
#2378 = CARTESIAN_POINT('',(0.15239037553,-0.5810530376,1.101));
#2379 = CIRCLE('',#2380,5.354742300745E-02);
#2380 = AXIS2_PLACEMENT_3D('',#2381,#2382,#2383);
#2381 = CARTESIAN_POINT('',(0.135778190539,-0.530147617255,1.101));
#2382 = DIRECTION('',(0.,0.,1.));
#2383 = DIRECTION('',(0.437104600192,-0.89941067844,0.));
#2384 = ORIENTED_EDGE('',*,*,#2385,.F.);
#2385 = EDGE_CURVE('',#2386,#2377,#2388,.T.);
#2386 = VERTEX_POINT('',#2387);
#2387 = CARTESIAN_POINT('',(0.130246746047,-0.585300651463,1.101));
#2388 = CIRCLE('',#2389,0.163103251975);
#2389 = AXIS2_PLACEMENT_3D('',#2390,#2391,#2392);
#2390 = CARTESIAN_POINT('',(0.110665601122,-0.423377059704,1.101));
#2391 = DIRECTION('',(0.,0.,1.));
#2392 = DIRECTION('',(0.188386471544,-0.982094973686,0.));
#2393 = ORIENTED_EDGE('',*,*,#2394,.F.);
#2394 = EDGE_CURVE('',#2395,#2386,#2397,.T.);
#2395 = VERTEX_POINT('',#2396);
#2396 = CARTESIAN_POINT('',(9.544893790237E-02,-0.586294874554,1.101));
#2397 = CIRCLE('',#2398,0.226946529117);
#2398 = AXIS2_PLACEMENT_3D('',#2399,#2400,#2401);
#2399 = CARTESIAN_POINT('',(0.106385391889,-0.359612010064,1.101));
#2400 = DIRECTION('',(0.,0.,1.));
#2401 = DIRECTION('',(2.855977390654E-02,-0.99959208646,0.));
#2402 = ORIENTED_EDGE('',*,*,#2403,.F.);
#2403 = EDGE_CURVE('',#2404,#2395,#2406,.T.);
#2404 = VERTEX_POINT('',#2405);
#2405 = CARTESIAN_POINT('',(7.357602992517E-02,-0.584306428373,1.101));
#2406 = CIRCLE('',#2407,0.20711058785);
#2407 = AXIS2_PLACEMENT_3D('',#2408,#2409,#2410);
#2408 = CARTESIAN_POINT('',(0.103237018778,-0.379330768013,1.101));
#2409 = DIRECTION('',(0.,0.,1.));
#2410 = DIRECTION('',(-9.05357460665E-02,-0.995893206466,0.));
#2411 = ORIENTED_EDGE('',*,*,#2412,.F.);
#2412 = EDGE_CURVE('',#2413,#2404,#2415,.T.);
#2413 = VERTEX_POINT('',#2414);
#2414 = CARTESIAN_POINT('',(4.965665476793E-02,-0.577322481156,1.101));
#2415 = CIRCLE('',#2416,0.109451005945);
#2416 = AXIS2_PLACEMENT_3D('',#2417,#2418,#2419);
#2417 = CARTESIAN_POINT('',(9.209343497554E-02,-0.476433223115,1.101));
#2418 = DIRECTION('',(0.,0.,1.));
#2419 = DIRECTION('',(-0.280276001093,-0.959919456627,0.));
#2420 = ORIENTED_EDGE('',*,*,#2421,.F.);
#2421 = EDGE_CURVE('',#2422,#2413,#2424,.T.);
#2422 = VERTEX_POINT('',#2423);
#2423 = CARTESIAN_POINT('',(3.977244486883E-02,-0.568398858935,1.101));
#2424 = CIRCLE('',#2425,3.578480640563E-02);
#2425 = AXIS2_PLACEMENT_3D('',#2426,#2427,#2428);
#2426 = CARTESIAN_POINT('',(6.827587187207E-02,-0.546763077957,1.101));
#2427 = DIRECTION('',(0.,0.,1.));
#2428 = DIRECTION('',(-0.670118697948,-0.742253952944,0.));
#2429 = ORIENTED_EDGE('',*,*,#2430,.F.);
#2430 = EDGE_CURVE('',#2431,#2422,#2433,.T.);
#2431 = VERTEX_POINT('',#2432);
#2432 = CARTESIAN_POINT('',(3.577507829959E-02,-0.55568998114,1.101));
#2433 = CIRCLE('',#2434,2.932977740844E-02);
#2434 = AXIS2_PLACEMENT_3D('',#2435,#2436,#2437);
#2435 = CARTESIAN_POINT('',(6.502104103671E-02,-0.553474240536,1.101));
#2436 = DIRECTION('',(0.,0.,1.));
#2437 = DIRECTION('',(-0.95392611006,-0.300041624689,0.));
#2438 = ORIENTED_EDGE('',*,*,#2439,.F.);
#2439 = EDGE_CURVE('',#2440,#2431,#2442,.T.);
#2440 = VERTEX_POINT('',#2441);
#2441 = CARTESIAN_POINT('',(3.977244486883E-02,-0.542981103342,1.101));
#2442 = CIRCLE('',#2443,2.932977741336E-02);
#2443 = AXIS2_PLACEMENT_3D('',#2444,#2445,#2446);
#2444 = CARTESIAN_POINT('',(6.502104104118E-02,-0.557905721744,1.101));
#2445 = DIRECTION('',(0.,0.,1.));
#2446 = DIRECTION('',(-0.953926110076,0.300041624638,0.));
#2447 = ORIENTED_EDGE('',*,*,#2448,.F.);
#2448 = EDGE_CURVE('',#2449,#2440,#2451,.T.);
#2449 = VERTEX_POINT('',#2450);
#2450 = CARTESIAN_POINT('',(4.965665476793E-02,-0.534057481122,1.101));
#2451 = CIRCLE('',#2452,3.578480640566E-02);
#2452 = AXIS2_PLACEMENT_3D('',#2453,#2454,#2455);
#2453 = CARTESIAN_POINT('',(6.827587187207E-02,-0.564616884322,1.101));
#2454 = DIRECTION('',(0.,0.,1.));
#2455 = DIRECTION('',(-0.670118697948,0.742253952944,0.));
#2456 = ORIENTED_EDGE('',*,*,#2457,.F.);
#2457 = EDGE_CURVE('',#2458,#2449,#2460,.T.);
#2458 = VERTEX_POINT('',#2459);
#2459 = CARTESIAN_POINT('',(7.357602992517E-02,-0.527073533905,1.101));
#2460 = CIRCLE('',#2461,0.109451005945);
#2461 = AXIS2_PLACEMENT_3D('',#2462,#2463,#2464);
#2462 = CARTESIAN_POINT('',(9.209343497554E-02,-0.634946739162,1.101));
#2463 = DIRECTION('',(0.,0.,1.));
#2464 = DIRECTION('',(-0.280276001093,0.959919456627,0.));
#2465 = ORIENTED_EDGE('',*,*,#2466,.F.);
#2466 = EDGE_CURVE('',#2467,#2458,#2469,.T.);
#2467 = VERTEX_POINT('',#2468);
#2468 = CARTESIAN_POINT('',(9.544893790237E-02,-0.525085087726,1.101));
#2469 = CIRCLE('',#2470,0.20711058785);
#2470 = AXIS2_PLACEMENT_3D('',#2471,#2472,#2473);
#2471 = CARTESIAN_POINT('',(0.103237018778,-0.732049194265,1.101));
#2472 = DIRECTION('',(0.,0.,1.));
#2473 = DIRECTION('',(-9.05357460665E-02,0.995893206466,0.));
#2474 = ORIENTED_EDGE('',*,*,#2475,.F.);
#2475 = EDGE_CURVE('',#2476,#2467,#2478,.T.);
#2476 = VERTEX_POINT('',#2477);
#2477 = CARTESIAN_POINT('',(0.130246746047,-0.526079310817,1.101));
#2478 = CIRCLE('',#2479,0.226946529118);
#2479 = AXIS2_PLACEMENT_3D('',#2480,#2481,#2482);
#2480 = CARTESIAN_POINT('',(0.106385391874,-0.751767952215,1.101));
#2481 = DIRECTION('',(0.,0.,1.));
#2482 = DIRECTION('',(2.855977397362E-02,0.999592086459,-0.));
#2483 = ORIENTED_EDGE('',*,*,#2484,.F.);
#2484 = EDGE_CURVE('',#2485,#2476,#2487,.T.);
#2485 = VERTEX_POINT('',#2486);
#2486 = CARTESIAN_POINT('',(0.15239037553,-0.530326924682,1.101));
#2487 = CIRCLE('',#2488,0.163103251974);
#2488 = AXIS2_PLACEMENT_3D('',#2489,#2490,#2491);
#2489 = CARTESIAN_POINT('',(0.110665601122,-0.688002902576,1.101));
#2490 = DIRECTION('',(0.,0.,1.));
#2491 = DIRECTION('',(0.188386471544,0.982094973686,-0.));
#2492 = ORIENTED_EDGE('',*,*,#2493,.F.);
#2493 = EDGE_CURVE('',#2494,#2485,#2496,.T.);
#2494 = VERTEX_POINT('',#2495);
#2495 = CARTESIAN_POINT('',(0.165539430168,-0.536717233803,1.101));
#2496 = CIRCLE('',#2497,5.354742299636E-02);
#2497 = AXIS2_PLACEMENT_3D('',#2498,#2499,#2500);
#2498 = CARTESIAN_POINT('',(0.135778190565,-0.581232345023,1.101));
#2499 = DIRECTION('',(0.,0.,1.));
#2500 = DIRECTION('',(0.437104599804,0.899410678628,-0.));
#2501 = ORIENTED_EDGE('',*,*,#2502,.F.);
#2502 = EDGE_CURVE('',#2503,#2494,#2505,.T.);
#2503 = VERTEX_POINT('',#2504);
#2504 = CARTESIAN_POINT('',(0.169243703891,-0.539590318639,1.101));
#2505 = LINE('',#2506,#2507);
#2506 = CARTESIAN_POINT('',(0.169243703892,-0.539590318638,1.101));
#2507 = VECTOR('',#2508,1.);
#2508 = DIRECTION('',(-0.79018025957,0.612874503782,0.));
#2509 = ORIENTED_EDGE('',*,*,#2510,.F.);
#2510 = EDGE_CURVE('',#2342,#2503,#2511,.T.);
#2511 = CIRCLE('',#2512,1.845723663075E-02);
#2512 = AXIS2_PLACEMENT_3D('',#2513,#2514,#2515);
#2513 = CARTESIAN_POINT('',(0.157433773267,-0.553774645294,1.101));
#2514 = DIRECTION('',(0.,0.,1.));
#2515 = DIRECTION('',(0.856442230493,0.516242874846,-0.));
#2516 = PLANE('',#2517);
#2517 = AXIS2_PLACEMENT_3D('',#2518,#2519,#2520);
#2518 = CARTESIAN_POINT('',(0.14496729765,-0.281377729896,1.101));
#2519 = DIRECTION('',(0.,0.,1.));
#2520 = DIRECTION('',(0.,-1.,0.));
#2521 = ADVANCED_FACE('',(#2522),#2548,.T.);
#2522 = FACE_BOUND('',#2523,.T.);
#2523 = EDGE_LOOP('',(#2524,#2525,#2533,#2542));
#2524 = ORIENTED_EDGE('',*,*,#2241,.T.);
#2525 = ORIENTED_EDGE('',*,*,#2526,.T.);
#2526 = EDGE_CURVE('',#2233,#2527,#2529,.T.);
#2527 = VERTEX_POINT('',#2528);
#2528 = CARTESIAN_POINT('',(0.208173271777,-0.55568998114,1.1));
#2529 = LINE('',#2530,#2531);
#2530 = CARTESIAN_POINT('',(0.208173271777,-0.55568998114,1.101));
#2531 = VECTOR('',#2532,1.);
#2532 = DIRECTION('',(0.,0.,-1.));
#2533 = ORIENTED_EDGE('',*,*,#2534,.T.);
#2534 = EDGE_CURVE('',#2527,#2535,#2537,.T.);
#2535 = VERTEX_POINT('',#2536);
#2536 = CARTESIAN_POINT('',(0.202532218777,-0.528699225626,1.1));
#2537 = CIRCLE('',#2538,7.365106552565E-02);
#2538 = AXIS2_PLACEMENT_3D('',#2539,#2540,#2541);
#2539 = CARTESIAN_POINT('',(0.134533781834,-0.556995727643,1.1));
#2540 = DIRECTION('',(0.,0.,1.));
#2541 = DIRECTION('',(0.978850032024,0.204579116254,-0.));
#2542 = ORIENTED_EDGE('',*,*,#2543,.F.);
#2543 = EDGE_CURVE('',#2242,#2535,#2544,.T.);
#2544 = LINE('',#2545,#2546);
#2545 = CARTESIAN_POINT('',(0.202532218777,-0.528699225626,1.101));
#2546 = VECTOR('',#2547,1.);
#2547 = DIRECTION('',(0.,0.,-1.));
#2548 = CYLINDRICAL_SURFACE('',#2549,7.365106552565E-02);
#2549 = AXIS2_PLACEMENT_3D('',#2550,#2551,#2552);
#2550 = CARTESIAN_POINT('',(0.134533781834,-0.556995727643,1.1012));
#2551 = DIRECTION('',(0.,0.,-1.));
#2552 = DIRECTION('',(0.978850032024,0.204579116254,0.));
#2553 = ADVANCED_FACE('',(#2554),#2573,.T.);
#2554 = FACE_BOUND('',#2555,.T.);
#2555 = EDGE_LOOP('',(#2556,#2557,#2565,#2572));
#2556 = ORIENTED_EDGE('',*,*,#2232,.T.);
#2557 = ORIENTED_EDGE('',*,*,#2558,.T.);
#2558 = EDGE_CURVE('',#2224,#2559,#2561,.T.);
#2559 = VERTEX_POINT('',#2560);
#2560 = CARTESIAN_POINT('',(0.202532218777,-0.58268073665,1.1));
#2561 = LINE('',#2562,#2563);
#2562 = CARTESIAN_POINT('',(0.202532218777,-0.58268073665,1.101));
#2563 = VECTOR('',#2564,1.);
#2564 = DIRECTION('',(0.,0.,-1.));
#2565 = ORIENTED_EDGE('',*,*,#2566,.T.);
#2566 = EDGE_CURVE('',#2559,#2527,#2567,.T.);
#2567 = CIRCLE('',#2568,7.365106551343E-02);
#2568 = AXIS2_PLACEMENT_3D('',#2569,#2570,#2571);
#2569 = CARTESIAN_POINT('',(0.134533781846,-0.554384234635,1.1));
#2570 = DIRECTION('',(0.,0.,1.));
#2571 = DIRECTION('',(0.978850032017,-0.204579116288,0.));
#2572 = ORIENTED_EDGE('',*,*,#2526,.F.);
#2573 = CYLINDRICAL_SURFACE('',#2574,7.365106551343E-02);
#2574 = AXIS2_PLACEMENT_3D('',#2575,#2576,#2577);
#2575 = CARTESIAN_POINT('',(0.134533781846,-0.554384234635,1.1012));
#2576 = DIRECTION('',(0.,0.,-1.));
#2577 = DIRECTION('',(0.978850032017,-0.204579116288,0.));
#2578 = ADVANCED_FACE('',(#2579),#2598,.T.);
#2579 = FACE_BOUND('',#2580,.T.);
#2580 = EDGE_LOOP('',(#2581,#2582,#2590,#2597));
#2581 = ORIENTED_EDGE('',*,*,#2223,.T.);
#2582 = ORIENTED_EDGE('',*,*,#2583,.T.);
#2583 = EDGE_CURVE('',#2215,#2584,#2586,.T.);
#2584 = VERTEX_POINT('',#2585);
#2585 = CARTESIAN_POINT('',(0.193860991689,-0.595258914473,1.1));
#2586 = LINE('',#2587,#2588);
#2587 = CARTESIAN_POINT('',(0.193860991689,-0.595258914473,1.101));
#2588 = VECTOR('',#2589,1.);
#2589 = DIRECTION('',(0.,0.,-1.));
#2590 = ORIENTED_EDGE('',*,*,#2591,.T.);
#2591 = EDGE_CURVE('',#2584,#2559,#2592,.T.);
#2592 = CIRCLE('',#2593,4.605005320182E-02);
#2593 = AXIS2_PLACEMENT_3D('',#2594,#2595,#2596);
#2594 = CARTESIAN_POINT('',(0.160808105824,-0.563194695539,1.1));
#2595 = DIRECTION('',(0.,0.,1.));
#2596 = DIRECTION('',(0.823316120809,-0.567583091023,0.));
#2597 = ORIENTED_EDGE('',*,*,#2558,.F.);
#2598 = CYLINDRICAL_SURFACE('',#2599,4.605005320182E-02);
#2599 = AXIS2_PLACEMENT_3D('',#2600,#2601,#2602);
#2600 = CARTESIAN_POINT('',(0.160808105824,-0.563194695539,1.1012));
#2601 = DIRECTION('',(0.,0.,-1.));
#2602 = DIRECTION('',(0.823316120809,-0.567583091023,0.));
#2603 = ADVANCED_FACE('',(#2604),#2623,.T.);
#2604 = FACE_BOUND('',#2605,.T.);
#2605 = EDGE_LOOP('',(#2606,#2607,#2615,#2622));
#2606 = ORIENTED_EDGE('',*,*,#2214,.T.);
#2607 = ORIENTED_EDGE('',*,*,#2608,.T.);
#2608 = EDGE_CURVE('',#2206,#2609,#2611,.T.);
#2609 = VERTEX_POINT('',#2610);
#2610 = CARTESIAN_POINT('',(0.176398705889,-0.608456045222,1.1));
#2611 = LINE('',#2612,#2613);
#2612 = CARTESIAN_POINT('',(0.176398705889,-0.608456045222,1.101));
#2613 = VECTOR('',#2614,1.);
#2614 = DIRECTION('',(0.,0.,-1.));
#2615 = ORIENTED_EDGE('',*,*,#2616,.T.);
#2616 = EDGE_CURVE('',#2609,#2584,#2617,.T.);
#2617 = CIRCLE('',#2618,6.320507664517E-02);
#2618 = AXIS2_PLACEMENT_3D('',#2619,#2620,#2621);
#2619 = CARTESIAN_POINT('',(0.147597107665,-0.552194605021,1.1));
#2620 = DIRECTION('',(0.,0.,1.));
#2621 = DIRECTION('',(0.602932076813,-0.797792523624,0.));
#2622 = ORIENTED_EDGE('',*,*,#2583,.F.);
#2623 = CYLINDRICAL_SURFACE('',#2624,6.320507664517E-02);
#2624 = AXIS2_PLACEMENT_3D('',#2625,#2626,#2627);
#2625 = CARTESIAN_POINT('',(0.147597107665,-0.552194605021,1.1012));
#2626 = DIRECTION('',(0.,0.,-1.));
#2627 = DIRECTION('',(0.602932076813,-0.797792523624,0.));
#2628 = ADVANCED_FACE('',(#2629),#2648,.T.);
#2629 = FACE_BOUND('',#2630,.T.);
#2630 = EDGE_LOOP('',(#2631,#2632,#2640,#2647));
#2631 = ORIENTED_EDGE('',*,*,#2205,.T.);
#2632 = ORIENTED_EDGE('',*,*,#2633,.T.);
#2633 = EDGE_CURVE('',#2197,#2634,#2636,.T.);
#2634 = VERTEX_POINT('',#2635);
#2635 = CARTESIAN_POINT('',(0.153900564435,-0.617159657168,1.1));
#2636 = LINE('',#2637,#2638);
#2637 = CARTESIAN_POINT('',(0.153900564435,-0.617159657168,1.101));
#2638 = VECTOR('',#2639,1.);
#2639 = DIRECTION('',(0.,0.,-1.));
#2640 = ORIENTED_EDGE('',*,*,#2641,.T.);
#2641 = EDGE_CURVE('',#2634,#2609,#2642,.T.);
#2642 = CIRCLE('',#2643,0.120846782711);
#2643 = AXIS2_PLACEMENT_3D('',#2644,#2645,#2646);
#2644 = CARTESIAN_POINT('',(0.121765668226,-0.500663763088,1.1));
#2645 = DIRECTION('',(0.,0.,1.));
#2646 = DIRECTION('',(0.3608013594,-0.932642685628,0.));
#2647 = ORIENTED_EDGE('',*,*,#2608,.F.);
#2648 = CYLINDRICAL_SURFACE('',#2649,0.120846782711);
#2649 = AXIS2_PLACEMENT_3D('',#2650,#2651,#2652);
#2650 = CARTESIAN_POINT('',(0.121765668226,-0.500663763088,1.1012));
#2651 = DIRECTION('',(0.,0.,-1.));
#2652 = DIRECTION('',(0.3608013594,-0.932642685628,0.));
#2653 = ADVANCED_FACE('',(#2654),#2673,.T.);
#2654 = FACE_BOUND('',#2655,.T.);
#2655 = EDGE_LOOP('',(#2656,#2657,#2665,#2672));
#2656 = ORIENTED_EDGE('',*,*,#2196,.T.);
#2657 = ORIENTED_EDGE('',*,*,#2658,.T.);
#2658 = EDGE_CURVE('',#2188,#2659,#2661,.T.);
#2659 = VERTEX_POINT('',#2660);
#2660 = CARTESIAN_POINT('',(0.130163245477,-0.621118313164,1.1));
#2661 = LINE('',#2662,#2663);
#2662 = CARTESIAN_POINT('',(0.130163245477,-0.621118313164,1.101));
#2663 = VECTOR('',#2664,1.);
#2664 = DIRECTION('',(0.,0.,-1.));
#2665 = ORIENTED_EDGE('',*,*,#2666,.T.);
#2666 = EDGE_CURVE('',#2659,#2634,#2667,.T.);
#2667 = CIRCLE('',#2668,0.262483520944);
#2668 = AXIS2_PLACEMENT_3D('',#2669,#2670,#2671);
#2669 = CARTESIAN_POINT('',(9.889941778416E-02,-0.360503325404,1.1));
#2670 = DIRECTION('',(0.,0.,1.));
#2671 = DIRECTION('',(0.164497482784,-0.986377502865,0.));
#2672 = ORIENTED_EDGE('',*,*,#2633,.F.);
#2673 = CYLINDRICAL_SURFACE('',#2674,0.262483520944);
#2674 = AXIS2_PLACEMENT_3D('',#2675,#2676,#2677);
#2675 = CARTESIAN_POINT('',(9.889941778416E-02,-0.360503325404,1.1012));
#2676 = DIRECTION('',(0.,0.,-1.));
#2677 = DIRECTION('',(0.164497482784,-0.986377502865,0.));
#2678 = ADVANCED_FACE('',(#2679),#2698,.T.);
#2679 = FACE_BOUND('',#2680,.T.);
#2680 = EDGE_LOOP('',(#2681,#2682,#2690,#2697));
#2681 = ORIENTED_EDGE('',*,*,#2187,.T.);
#2682 = ORIENTED_EDGE('',*,*,#2683,.T.);
#2683 = EDGE_CURVE('',#2179,#2684,#2686,.T.);
#2684 = VERTEX_POINT('',#2685);
#2685 = CARTESIAN_POINT('',(0.103164766203,-0.622400112611,1.1));
#2686 = LINE('',#2687,#2688);
#2687 = CARTESIAN_POINT('',(0.103164766203,-0.622400112611,1.101));
#2688 = VECTOR('',#2689,1.);
#2689 = DIRECTION('',(0.,0.,-1.));
#2690 = ORIENTED_EDGE('',*,*,#2691,.T.);
#2691 = EDGE_CURVE('',#2684,#2659,#2692,.T.);
#2692 = CIRCLE('',#2693,0.202489822977);
#2693 = AXIS2_PLACEMENT_3D('',#2694,#2695,#2696);
#2694 = CARTESIAN_POINT('',(0.107082679182,-0.419948196425,1.1));
#2695 = DIRECTION('',(0.,0.,1.));
#2696 = DIRECTION('',(4.742331068854E-02,-0.998874881856,0.));
#2697 = ORIENTED_EDGE('',*,*,#2658,.F.);
#2698 = CYLINDRICAL_SURFACE('',#2699,0.202489822977);
#2699 = AXIS2_PLACEMENT_3D('',#2700,#2701,#2702);
#2700 = CARTESIAN_POINT('',(0.107082679182,-0.419948196425,1.1012));
#2701 = DIRECTION('',(0.,0.,-1.));
#2702 = DIRECTION('',(4.742331068854E-02,-0.998874881856,0.));
#2703 = ADVANCED_FACE('',(#2704),#2723,.T.);
#2704 = FACE_BOUND('',#2705,.T.);
#2705 = EDGE_LOOP('',(#2706,#2707,#2715,#2722));
#2706 = ORIENTED_EDGE('',*,*,#2178,.T.);
#2707 = ORIENTED_EDGE('',*,*,#2708,.T.);
#2708 = EDGE_CURVE('',#2170,#2709,#2711,.T.);
#2709 = VERTEX_POINT('',#2710);
#2710 = CARTESIAN_POINT('',(6.386946066738E-02,-0.618502749124,1.1));
#2711 = LINE('',#2712,#2713);
#2712 = CARTESIAN_POINT('',(6.386946066738E-02,-0.618502749124,1.101));
#2713 = VECTOR('',#2714,1.);
#2714 = DIRECTION('',(0.,0.,-1.));
#2715 = ORIENTED_EDGE('',*,*,#2716,.T.);
#2716 = EDGE_CURVE('',#2709,#2684,#2717,.T.);
#2717 = CIRCLE('',#2718,0.190009146242);
#2718 = AXIS2_PLACEMENT_3D('',#2719,#2720,#2721);
#2719 = CARTESIAN_POINT('',(0.102168955106,-0.432393575839,1.1));
#2720 = DIRECTION('',(0.,0.,1.));
#2721 = DIRECTION('',(-9.869715022937E-02,-0.995117516948,0.));
#2722 = ORIENTED_EDGE('',*,*,#2683,.F.);
#2723 = CYLINDRICAL_SURFACE('',#2724,0.190009146242);
#2724 = AXIS2_PLACEMENT_3D('',#2725,#2726,#2727);
#2725 = CARTESIAN_POINT('',(0.102168955106,-0.432393575839,1.1012));
#2726 = DIRECTION('',(0.,0.,-1.));
#2727 = DIRECTION('',(-9.869715022937E-02,-0.995117516948,-0.));
#2728 = ADVANCED_FACE('',(#2729),#2748,.T.);
#2729 = FACE_BOUND('',#2730,.T.);
#2730 = EDGE_LOOP('',(#2731,#2732,#2740,#2747));
#2731 = ORIENTED_EDGE('',*,*,#2169,.T.);
#2732 = ORIENTED_EDGE('',*,*,#2733,.T.);
#2733 = EDGE_CURVE('',#2161,#2734,#2736,.T.);
#2734 = VERTEX_POINT('',#2735);
#2735 = CARTESIAN_POINT('',(3.778048647091E-02,-0.610292062016,1.1));
#2736 = LINE('',#2737,#2738);
#2737 = CARTESIAN_POINT('',(3.778048647091E-02,-0.610292062016,1.101));
#2738 = VECTOR('',#2739,1.);
#2739 = DIRECTION('',(0.,0.,-1.));
#2740 = ORIENTED_EDGE('',*,*,#2741,.T.);
#2741 = EDGE_CURVE('',#2734,#2709,#2742,.T.);
#2742 = CIRCLE('',#2743,0.162363235775);
#2743 = AXIS2_PLACEMENT_3D('',#2744,#2745,#2746);
#2744 = CARTESIAN_POINT('',(9.939361463079E-02,-0.460073412143,1.1));
#2745 = DIRECTION('',(0.,0.,1.));
#2746 = DIRECTION('',(-0.300202428494,-0.953875516997,0.));
#2747 = ORIENTED_EDGE('',*,*,#2708,.F.);
#2748 = CYLINDRICAL_SURFACE('',#2749,0.162363235775);
#2749 = AXIS2_PLACEMENT_3D('',#2750,#2751,#2752);
#2750 = CARTESIAN_POINT('',(9.939361463079E-02,-0.460073412143,1.1012));
#2751 = DIRECTION('',(0.,0.,-1.));
#2752 = DIRECTION('',(-0.300202428494,-0.953875516997,-0.));
#2753 = ADVANCED_FACE('',(#2754),#2773,.T.);
#2754 = FACE_BOUND('',#2755,.T.);
#2755 = EDGE_LOOP('',(#2756,#2757,#2765,#2772));
#2756 = ORIENTED_EDGE('',*,*,#2160,.T.);
#2757 = ORIENTED_EDGE('',*,*,#2758,.T.);
#2758 = EDGE_CURVE('',#2153,#2759,#2761,.T.);
#2759 = VERTEX_POINT('',#2760);
#2760 = CARTESIAN_POINT('',(1.491686762191E-02,-0.593254436179,1.1));
#2761 = LINE('',#2762,#2763);
#2762 = CARTESIAN_POINT('',(1.491686762191E-02,-0.593254436179,1.101));
#2763 = VECTOR('',#2764,1.);
#2764 = DIRECTION('',(0.,0.,-1.));
#2765 = ORIENTED_EDGE('',*,*,#2766,.T.);
#2766 = EDGE_CURVE('',#2759,#2734,#2767,.T.);
#2767 = CIRCLE('',#2768,7.449249012047E-02);
#2768 = AXIS2_PLACEMENT_3D('',#2769,#2770,#2771);
#2769 = CARTESIAN_POINT('',(7.003709401644E-02,-0.543145637288,1.1));
#2770 = DIRECTION('',(0.,0.,1.));
#2771 = DIRECTION('',(-0.597526159314,-0.801849417868,0.));
#2772 = ORIENTED_EDGE('',*,*,#2733,.F.);
#2773 = CYLINDRICAL_SURFACE('',#2774,7.449249012047E-02);
#2774 = AXIS2_PLACEMENT_3D('',#2775,#2776,#2777);
#2775 = CARTESIAN_POINT('',(7.003709401644E-02,-0.543145637288,1.1012));
#2776 = DIRECTION('',(0.,0.,-1.));
#2777 = DIRECTION('',(-0.597526159314,-0.801849417868,-0.));
#2778 = ADVANCED_FACE('',(#2779),#2797,.T.);
#2779 = FACE_BOUND('',#2780,.T.);
#2780 = EDGE_LOOP('',(#2781,#2782,#2790,#2796));
#2781 = ORIENTED_EDGE('',*,*,#2152,.T.);
#2782 = ORIENTED_EDGE('',*,*,#2783,.T.);
#2783 = EDGE_CURVE('',#2142,#2784,#2786,.T.);
#2784 = VERTEX_POINT('',#2785);
#2785 = CARTESIAN_POINT('',(1.396514871547E-02,-0.591983104334,1.1));
#2786 = LINE('',#2787,#2788);
#2787 = CARTESIAN_POINT('',(1.396514871547E-02,-0.591983104334,1.101));
#2788 = VECTOR('',#2789,1.);
#2789 = DIRECTION('',(0.,0.,-1.));
#2790 = ORIENTED_EDGE('',*,*,#2791,.T.);
#2791 = EDGE_CURVE('',#2784,#2759,#2792,.T.);
#2792 = LINE('',#2793,#2794);
#2793 = CARTESIAN_POINT('',(1.396514871629E-02,-0.591983104333,1.1));
#2794 = VECTOR('',#2795,1.);
#2795 = DIRECTION('',(0.599282431094,-0.80053767418,0.));
#2796 = ORIENTED_EDGE('',*,*,#2758,.F.);
#2797 = PLANE('',#2798);
#2798 = AXIS2_PLACEMENT_3D('',#2799,#2800,#2801);
#2799 = CARTESIAN_POINT('',(1.396514871547E-02,-0.591983104334,1.1012));
#2800 = DIRECTION('',(-0.80053767418,-0.599282431094,0.));
#2801 = DIRECTION('',(-0.,0.,-1.));
#2802 = ADVANCED_FACE('',(#2803),#2829,.F.);
#2803 = FACE_BOUND('',#2804,.F.);
#2804 = EDGE_LOOP('',(#2805,#2813,#2822,#2828));
#2805 = ORIENTED_EDGE('',*,*,#2806,.T.);
#2806 = EDGE_CURVE('',#2431,#2807,#2809,.T.);
#2807 = VERTEX_POINT('',#2808);
#2808 = CARTESIAN_POINT('',(3.577507829959E-02,-0.55568998114,1.1));
#2809 = LINE('',#2810,#2811);
#2810 = CARTESIAN_POINT('',(3.577507829959E-02,-0.55568998114,1.101));
#2811 = VECTOR('',#2812,1.);
#2812 = DIRECTION('',(0.,0.,-1.));
#2813 = ORIENTED_EDGE('',*,*,#2814,.F.);
#2814 = EDGE_CURVE('',#2815,#2807,#2817,.T.);
#2815 = VERTEX_POINT('',#2816);
#2816 = CARTESIAN_POINT('',(3.977244486883E-02,-0.568398858935,1.1));
#2817 = CIRCLE('',#2818,2.932977740844E-02);
#2818 = AXIS2_PLACEMENT_3D('',#2819,#2820,#2821);
#2819 = CARTESIAN_POINT('',(6.502104103671E-02,-0.553474240536,1.1));
#2820 = DIRECTION('',(0.,0.,-1.));
#2821 = DIRECTION('',(-0.95392611006,-0.300041624689,-0.));
#2822 = ORIENTED_EDGE('',*,*,#2823,.F.);
#2823 = EDGE_CURVE('',#2422,#2815,#2824,.T.);
#2824 = LINE('',#2825,#2826);
#2825 = CARTESIAN_POINT('',(3.977244486883E-02,-0.568398858935,1.101));
#2826 = VECTOR('',#2827,1.);
#2827 = DIRECTION('',(0.,0.,-1.));
#2828 = ORIENTED_EDGE('',*,*,#2430,.F.);
#2829 = CYLINDRICAL_SURFACE('',#2830,2.932977740844E-02);
#2830 = AXIS2_PLACEMENT_3D('',#2831,#2832,#2833);
#2831 = CARTESIAN_POINT('',(6.502104103671E-02,-0.553474240536,1.1012));
#2832 = DIRECTION('',(0.,0.,-1.));
#2833 = DIRECTION('',(-0.95392611006,-0.300041624689,-0.));
#2834 = ADVANCED_FACE('',(#2835),#2854,.F.);
#2835 = FACE_BOUND('',#2836,.F.);
#2836 = EDGE_LOOP('',(#2837,#2838,#2847,#2853));
#2837 = ORIENTED_EDGE('',*,*,#2823,.T.);
#2838 = ORIENTED_EDGE('',*,*,#2839,.F.);
#2839 = EDGE_CURVE('',#2840,#2815,#2842,.T.);
#2840 = VERTEX_POINT('',#2841);
#2841 = CARTESIAN_POINT('',(4.965665476793E-02,-0.577322481156,1.1));
#2842 = CIRCLE('',#2843,3.578480640563E-02);
#2843 = AXIS2_PLACEMENT_3D('',#2844,#2845,#2846);
#2844 = CARTESIAN_POINT('',(6.827587187207E-02,-0.546763077957,1.1));
#2845 = DIRECTION('',(0.,0.,-1.));
#2846 = DIRECTION('',(-0.670118697948,-0.742253952944,-0.));
#2847 = ORIENTED_EDGE('',*,*,#2848,.F.);
#2848 = EDGE_CURVE('',#2413,#2840,#2849,.T.);
#2849 = LINE('',#2850,#2851);
#2850 = CARTESIAN_POINT('',(4.965665476793E-02,-0.577322481156,1.101));
#2851 = VECTOR('',#2852,1.);
#2852 = DIRECTION('',(0.,0.,-1.));
#2853 = ORIENTED_EDGE('',*,*,#2421,.F.);
#2854 = CYLINDRICAL_SURFACE('',#2855,3.578480640563E-02);
#2855 = AXIS2_PLACEMENT_3D('',#2856,#2857,#2858);
#2856 = CARTESIAN_POINT('',(6.827587187207E-02,-0.546763077957,1.1012));
#2857 = DIRECTION('',(0.,0.,-1.));
#2858 = DIRECTION('',(-0.670118697948,-0.742253952944,-0.));
#2859 = ADVANCED_FACE('',(#2860),#2879,.F.);
#2860 = FACE_BOUND('',#2861,.F.);
#2861 = EDGE_LOOP('',(#2862,#2863,#2872,#2878));
#2862 = ORIENTED_EDGE('',*,*,#2848,.T.);
#2863 = ORIENTED_EDGE('',*,*,#2864,.F.);
#2864 = EDGE_CURVE('',#2865,#2840,#2867,.T.);
#2865 = VERTEX_POINT('',#2866);
#2866 = CARTESIAN_POINT('',(7.357602992517E-02,-0.584306428373,1.1));
#2867 = CIRCLE('',#2868,0.109451005945);
#2868 = AXIS2_PLACEMENT_3D('',#2869,#2870,#2871);
#2869 = CARTESIAN_POINT('',(9.209343497554E-02,-0.476433223115,1.1));
#2870 = DIRECTION('',(0.,0.,-1.));
#2871 = DIRECTION('',(-0.280276001093,-0.959919456627,-0.));
#2872 = ORIENTED_EDGE('',*,*,#2873,.F.);
#2873 = EDGE_CURVE('',#2404,#2865,#2874,.T.);
#2874 = LINE('',#2875,#2876);
#2875 = CARTESIAN_POINT('',(7.357602992517E-02,-0.584306428373,1.101));
#2876 = VECTOR('',#2877,1.);
#2877 = DIRECTION('',(0.,0.,-1.));
#2878 = ORIENTED_EDGE('',*,*,#2412,.F.);
#2879 = CYLINDRICAL_SURFACE('',#2880,0.109451005945);
#2880 = AXIS2_PLACEMENT_3D('',#2881,#2882,#2883);
#2881 = CARTESIAN_POINT('',(9.209343497554E-02,-0.476433223115,1.1012));
#2882 = DIRECTION('',(0.,0.,-1.));
#2883 = DIRECTION('',(-0.280276001093,-0.959919456627,-0.));
#2884 = ADVANCED_FACE('',(#2885),#2904,.F.);
#2885 = FACE_BOUND('',#2886,.F.);
#2886 = EDGE_LOOP('',(#2887,#2888,#2897,#2903));
#2887 = ORIENTED_EDGE('',*,*,#2873,.T.);
#2888 = ORIENTED_EDGE('',*,*,#2889,.F.);
#2889 = EDGE_CURVE('',#2890,#2865,#2892,.T.);
#2890 = VERTEX_POINT('',#2891);
#2891 = CARTESIAN_POINT('',(9.544893790237E-02,-0.586294874554,1.1));
#2892 = CIRCLE('',#2893,0.20711058785);
#2893 = AXIS2_PLACEMENT_3D('',#2894,#2895,#2896);
#2894 = CARTESIAN_POINT('',(0.103237018778,-0.379330768013,1.1));
#2895 = DIRECTION('',(0.,0.,-1.));
#2896 = DIRECTION('',(-9.05357460665E-02,-0.995893206466,-0.));
#2897 = ORIENTED_EDGE('',*,*,#2898,.F.);
#2898 = EDGE_CURVE('',#2395,#2890,#2899,.T.);
#2899 = LINE('',#2900,#2901);
#2900 = CARTESIAN_POINT('',(9.544893790237E-02,-0.586294874554,1.101));
#2901 = VECTOR('',#2902,1.);
#2902 = DIRECTION('',(0.,0.,-1.));
#2903 = ORIENTED_EDGE('',*,*,#2403,.F.);
#2904 = CYLINDRICAL_SURFACE('',#2905,0.20711058785);
#2905 = AXIS2_PLACEMENT_3D('',#2906,#2907,#2908);
#2906 = CARTESIAN_POINT('',(0.103237018778,-0.379330768013,1.1012));
#2907 = DIRECTION('',(0.,0.,-1.));
#2908 = DIRECTION('',(-9.05357460665E-02,-0.995893206466,-0.));
#2909 = ADVANCED_FACE('',(#2910),#2929,.F.);
#2910 = FACE_BOUND('',#2911,.F.);
#2911 = EDGE_LOOP('',(#2912,#2913,#2922,#2928));
#2912 = ORIENTED_EDGE('',*,*,#2898,.T.);
#2913 = ORIENTED_EDGE('',*,*,#2914,.F.);
#2914 = EDGE_CURVE('',#2915,#2890,#2917,.T.);
#2915 = VERTEX_POINT('',#2916);
#2916 = CARTESIAN_POINT('',(0.130246746047,-0.585300651463,1.1));
#2917 = CIRCLE('',#2918,0.226946529117);
#2918 = AXIS2_PLACEMENT_3D('',#2919,#2920,#2921);
#2919 = CARTESIAN_POINT('',(0.106385391889,-0.359612010064,1.1));
#2920 = DIRECTION('',(0.,0.,-1.));
#2921 = DIRECTION('',(2.855977390654E-02,-0.99959208646,0.));
#2922 = ORIENTED_EDGE('',*,*,#2923,.F.);
#2923 = EDGE_CURVE('',#2386,#2915,#2924,.T.);
#2924 = LINE('',#2925,#2926);
#2925 = CARTESIAN_POINT('',(0.130246746047,-0.585300651463,1.101));
#2926 = VECTOR('',#2927,1.);
#2927 = DIRECTION('',(0.,0.,-1.));
#2928 = ORIENTED_EDGE('',*,*,#2394,.F.);
#2929 = CYLINDRICAL_SURFACE('',#2930,0.226946529117);
#2930 = AXIS2_PLACEMENT_3D('',#2931,#2932,#2933);
#2931 = CARTESIAN_POINT('',(0.106385391889,-0.359612010064,1.1012));
#2932 = DIRECTION('',(0.,0.,-1.));
#2933 = DIRECTION('',(2.855977390654E-02,-0.99959208646,0.));
#2934 = ADVANCED_FACE('',(#2935),#2954,.F.);
#2935 = FACE_BOUND('',#2936,.F.);
#2936 = EDGE_LOOP('',(#2937,#2938,#2947,#2953));
#2937 = ORIENTED_EDGE('',*,*,#2923,.T.);
#2938 = ORIENTED_EDGE('',*,*,#2939,.F.);
#2939 = EDGE_CURVE('',#2940,#2915,#2942,.T.);
#2940 = VERTEX_POINT('',#2941);
#2941 = CARTESIAN_POINT('',(0.15239037553,-0.5810530376,1.1));
#2942 = CIRCLE('',#2943,0.163103251975);
#2943 = AXIS2_PLACEMENT_3D('',#2944,#2945,#2946);
#2944 = CARTESIAN_POINT('',(0.110665601122,-0.423377059704,1.1));
#2945 = DIRECTION('',(0.,0.,-1.));
#2946 = DIRECTION('',(0.188386471544,-0.982094973686,0.));
#2947 = ORIENTED_EDGE('',*,*,#2948,.F.);
#2948 = EDGE_CURVE('',#2377,#2940,#2949,.T.);
#2949 = LINE('',#2950,#2951);
#2950 = CARTESIAN_POINT('',(0.15239037553,-0.5810530376,1.101));
#2951 = VECTOR('',#2952,1.);
#2952 = DIRECTION('',(0.,0.,-1.));
#2953 = ORIENTED_EDGE('',*,*,#2385,.F.);
#2954 = CYLINDRICAL_SURFACE('',#2955,0.163103251975);
#2955 = AXIS2_PLACEMENT_3D('',#2956,#2957,#2958);
#2956 = CARTESIAN_POINT('',(0.110665601122,-0.423377059704,1.1012));
#2957 = DIRECTION('',(0.,0.,-1.));
#2958 = DIRECTION('',(0.188386471544,-0.982094973686,0.));
#2959 = ADVANCED_FACE('',(#2960),#2979,.F.);
#2960 = FACE_BOUND('',#2961,.F.);
#2961 = EDGE_LOOP('',(#2962,#2963,#2972,#2978));
#2962 = ORIENTED_EDGE('',*,*,#2948,.T.);
#2963 = ORIENTED_EDGE('',*,*,#2964,.F.);
#2964 = EDGE_CURVE('',#2965,#2940,#2967,.T.);
#2965 = VERTEX_POINT('',#2966);
#2966 = CARTESIAN_POINT('',(0.165539430168,-0.57466272847,1.1));
#2967 = CIRCLE('',#2968,5.354742300745E-02);
#2968 = AXIS2_PLACEMENT_3D('',#2969,#2970,#2971);
#2969 = CARTESIAN_POINT('',(0.135778190539,-0.530147617255,1.1));
#2970 = DIRECTION('',(0.,0.,-1.));
#2971 = DIRECTION('',(0.437104600192,-0.89941067844,0.));
#2972 = ORIENTED_EDGE('',*,*,#2973,.F.);
#2973 = EDGE_CURVE('',#2369,#2965,#2974,.T.);
#2974 = LINE('',#2975,#2976);
#2975 = CARTESIAN_POINT('',(0.165539430168,-0.57466272847,1.101));
#2976 = VECTOR('',#2977,1.);
#2977 = DIRECTION('',(0.,0.,-1.));
#2978 = ORIENTED_EDGE('',*,*,#2376,.F.);
#2979 = CYLINDRICAL_SURFACE('',#2980,5.354742300745E-02);
#2980 = AXIS2_PLACEMENT_3D('',#2981,#2982,#2983);
#2981 = CARTESIAN_POINT('',(0.135778190539,-0.530147617255,1.1012));
#2982 = DIRECTION('',(0.,0.,-1.));
#2983 = DIRECTION('',(0.437104600192,-0.89941067844,0.));
#2984 = ADVANCED_FACE('',(#2985),#3003,.T.);
#2985 = FACE_BOUND('',#2986,.T.);
#2986 = EDGE_LOOP('',(#2987,#2988,#2996,#3002));
#2987 = ORIENTED_EDGE('',*,*,#2368,.T.);
#2988 = ORIENTED_EDGE('',*,*,#2989,.T.);
#2989 = EDGE_CURVE('',#2360,#2990,#2992,.T.);
#2990 = VERTEX_POINT('',#2991);
#2991 = CARTESIAN_POINT('',(0.169243703891,-0.571789643639,1.1));
#2992 = LINE('',#2993,#2994);
#2993 = CARTESIAN_POINT('',(0.169243703891,-0.571789643639,1.101));
#2994 = VECTOR('',#2995,1.);
#2995 = DIRECTION('',(0.,0.,-1.));
#2996 = ORIENTED_EDGE('',*,*,#2997,.T.);
#2997 = EDGE_CURVE('',#2990,#2965,#2998,.T.);
#2998 = LINE('',#2999,#3000);
#2999 = CARTESIAN_POINT('',(0.169243703891,-0.571789643639,1.1));
#3000 = VECTOR('',#3001,1.);
#3001 = DIRECTION('',(-0.790180259812,-0.61287450347,0.));
#3002 = ORIENTED_EDGE('',*,*,#2973,.F.);
#3003 = PLANE('',#3004);
#3004 = AXIS2_PLACEMENT_3D('',#3005,#3006,#3007);
#3005 = CARTESIAN_POINT('',(0.169243703891,-0.571789643639,1.1012));
#3006 = DIRECTION('',(-0.61287450347,0.790180259812,0.));
#3007 = DIRECTION('',(0.,0.,1.));
#3008 = ADVANCED_FACE('',(#3009),#3028,.F.);
#3009 = FACE_BOUND('',#3010,.F.);
#3010 = EDGE_LOOP('',(#3011,#3012,#3021,#3027));
#3011 = ORIENTED_EDGE('',*,*,#2989,.T.);
#3012 = ORIENTED_EDGE('',*,*,#3013,.F.);
#3013 = EDGE_CURVE('',#3014,#2990,#3016,.T.);
#3014 = VERTEX_POINT('',#3015);
#3015 = CARTESIAN_POINT('',(0.175491547556,-0.561424527865,1.1));
#3016 = CIRCLE('',#3017,1.845723663079E-02);
#3017 = AXIS2_PLACEMENT_3D('',#3018,#3019,#3020);
#3018 = CARTESIAN_POINT('',(0.157433773267,-0.557605316981,1.1));
#3019 = DIRECTION('',(0.,0.,-1.));
#3020 = DIRECTION('',(0.856442230493,-0.516242874846,0.));
#3021 = ORIENTED_EDGE('',*,*,#3022,.F.);
#3022 = EDGE_CURVE('',#2351,#3014,#3023,.T.);
#3023 = LINE('',#3024,#3025);
#3024 = CARTESIAN_POINT('',(0.175491547556,-0.561424527865,1.101));
#3025 = VECTOR('',#3026,1.);
#3026 = DIRECTION('',(0.,0.,-1.));
#3027 = ORIENTED_EDGE('',*,*,#2359,.F.);
#3028 = CYLINDRICAL_SURFACE('',#3029,1.845723663079E-02);
#3029 = AXIS2_PLACEMENT_3D('',#3030,#3031,#3032);
#3030 = CARTESIAN_POINT('',(0.157433773267,-0.557605316981,1.1012));
#3031 = DIRECTION('',(0.,0.,-1.));
#3032 = DIRECTION('',(0.856442230493,-0.516242874846,0.));
#3033 = ADVANCED_FACE('',(#3034),#3053,.F.);
#3034 = FACE_BOUND('',#3035,.F.);
#3035 = EDGE_LOOP('',(#3036,#3037,#3046,#3052));
#3036 = ORIENTED_EDGE('',*,*,#3022,.T.);
#3037 = ORIENTED_EDGE('',*,*,#3038,.F.);
#3038 = EDGE_CURVE('',#3039,#3014,#3041,.T.);
#3039 = VERTEX_POINT('',#3040);
#3040 = CARTESIAN_POINT('',(0.17601608209,-0.55568998114,1.1));
#3041 = CIRCLE('',#3042,1.753450448554E-02);
#3042 = AXIS2_PLACEMENT_3D('',#3043,#3044,#3045);
#3043 = CARTESIAN_POINT('',(0.158529223574,-0.556981734523,1.1));
#3044 = DIRECTION('',(0.,0.,-1.));
#3045 = DIRECTION('',(0.995842759033,-9.108896355588E-02,0.));
#3046 = ORIENTED_EDGE('',*,*,#3047,.F.);
#3047 = EDGE_CURVE('',#2340,#3039,#3048,.T.);
#3048 = LINE('',#3049,#3050);
#3049 = CARTESIAN_POINT('',(0.17601608209,-0.55568998114,1.101));
#3050 = VECTOR('',#3051,1.);
#3051 = DIRECTION('',(0.,0.,-1.));
#3052 = ORIENTED_EDGE('',*,*,#2350,.F.);
#3053 = CYLINDRICAL_SURFACE('',#3054,1.753450448554E-02);
#3054 = AXIS2_PLACEMENT_3D('',#3055,#3056,#3057);
#3055 = CARTESIAN_POINT('',(0.158529223574,-0.556981734523,1.1012));
#3056 = DIRECTION('',(0.,0.,-1.));
#3057 = DIRECTION('',(0.995842759033,-9.108896355588E-02,0.));
#3058 = ADVANCED_FACE('',(#3059),#3078,.T.);
#3059 = FACE_BOUND('',#3060,.T.);
#3060 = EDGE_LOOP('',(#3061,#3062,#3070,#3077));
#3061 = ORIENTED_EDGE('',*,*,#2141,.T.);
#3062 = ORIENTED_EDGE('',*,*,#3063,.T.);
#3063 = EDGE_CURVE('',#2144,#3064,#3066,.T.);
#3064 = VERTEX_POINT('',#3065);
#3065 = CARTESIAN_POINT('',(2.68992378562E-03,-0.55568998114,1.1));
#3066 = LINE('',#3067,#3068);
#3067 = CARTESIAN_POINT('',(2.68992378562E-03,-0.55568998114,1.101));
#3068 = VECTOR('',#3069,1.);
#3069 = DIRECTION('',(0.,0.,-1.));
#3070 = ORIENTED_EDGE('',*,*,#3071,.T.);
#3071 = EDGE_CURVE('',#3064,#2784,#3072,.T.);
#3072 = CIRCLE('',#3073,6.572876307475E-02);
#3073 = AXIS2_PLACEMENT_3D('',#3074,#3075,#3076);
#3074 = CARTESIAN_POINT('',(6.841661895363E-02,-0.555168600612,1.1));
#3075 = DIRECTION('',(0.,0.,1.));
#3076 = DIRECTION('',(-0.954975888559,-0.296683420957,0.));
#3077 = ORIENTED_EDGE('',*,*,#2783,.F.);
#3078 = CYLINDRICAL_SURFACE('',#3079,6.572876307475E-02);
#3079 = AXIS2_PLACEMENT_3D('',#3080,#3081,#3082);
#3080 = CARTESIAN_POINT('',(6.841661895363E-02,-0.555168600612,1.1012));
#3081 = DIRECTION('',(0.,0.,-1.));
#3082 = DIRECTION('',(-0.954975888559,-0.296683420957,-0.));
#3083 = ADVANCED_FACE('',(#3084),#3103,.T.);
#3084 = FACE_BOUND('',#3085,.T.);
#3085 = EDGE_LOOP('',(#3086,#3087,#3088,#3097));
#3086 = ORIENTED_EDGE('',*,*,#2250,.T.);
#3087 = ORIENTED_EDGE('',*,*,#2543,.T.);
#3088 = ORIENTED_EDGE('',*,*,#3089,.T.);
#3089 = EDGE_CURVE('',#2535,#3090,#3092,.T.);
#3090 = VERTEX_POINT('',#3091);
#3091 = CARTESIAN_POINT('',(0.193860991689,-0.516121047807,1.1));
#3092 = CIRCLE('',#3093,4.605005319022E-02);
#3093 = AXIS2_PLACEMENT_3D('',#3094,#3095,#3096);
#3094 = CARTESIAN_POINT('',(0.160808105838,-0.548185266739,1.1));
#3095 = DIRECTION('',(0.,0.,1.));
#3096 = DIRECTION('',(0.823316120711,0.567583091166,-0.));
#3097 = ORIENTED_EDGE('',*,*,#3098,.F.);
#3098 = EDGE_CURVE('',#2251,#3090,#3099,.T.);
#3099 = LINE('',#3100,#3101);
#3100 = CARTESIAN_POINT('',(0.193860991689,-0.516121047807,1.101));
#3101 = VECTOR('',#3102,1.);
#3102 = DIRECTION('',(0.,0.,-1.));
#3103 = CYLINDRICAL_SURFACE('',#3104,4.605005319022E-02);
#3104 = AXIS2_PLACEMENT_3D('',#3105,#3106,#3107);
#3105 = CARTESIAN_POINT('',(0.160808105838,-0.548185266739,1.1012));
#3106 = DIRECTION('',(0.,0.,-1.));
#3107 = DIRECTION('',(0.823316120711,0.567583091166,0.));
#3108 = ADVANCED_FACE('',(#3109),#3128,.T.);
#3109 = FACE_BOUND('',#3110,.T.);
#3110 = EDGE_LOOP('',(#3111,#3112,#3113,#3122));
#3111 = ORIENTED_EDGE('',*,*,#2259,.T.);
#3112 = ORIENTED_EDGE('',*,*,#3098,.T.);
#3113 = ORIENTED_EDGE('',*,*,#3114,.T.);
#3114 = EDGE_CURVE('',#3090,#3115,#3117,.T.);
#3115 = VERTEX_POINT('',#3116);
#3116 = CARTESIAN_POINT('',(0.176398705889,-0.502923917058,1.1));
#3117 = CIRCLE('',#3118,6.320507664923E-02);
#3118 = AXIS2_PLACEMENT_3D('',#3119,#3120,#3121);
#3119 = CARTESIAN_POINT('',(0.147597107658,-0.559185357259,1.1));
#3120 = DIRECTION('',(0.,0.,1.));
#3121 = DIRECTION('',(0.602932076881,0.797792523573,-0.));
#3122 = ORIENTED_EDGE('',*,*,#3123,.F.);
#3123 = EDGE_CURVE('',#2260,#3115,#3124,.T.);
#3124 = LINE('',#3125,#3126);
#3125 = CARTESIAN_POINT('',(0.176398705889,-0.502923917058,1.101));
#3126 = VECTOR('',#3127,1.);
#3127 = DIRECTION('',(0.,0.,-1.));
#3128 = CYLINDRICAL_SURFACE('',#3129,6.320507664923E-02);
#3129 = AXIS2_PLACEMENT_3D('',#3130,#3131,#3132);
#3130 = CARTESIAN_POINT('',(0.147597107658,-0.559185357259,1.1012));
#3131 = DIRECTION('',(0.,0.,-1.));
#3132 = DIRECTION('',(0.602932076881,0.797792523573,0.));
#3133 = ADVANCED_FACE('',(#3134),#3153,.T.);
#3134 = FACE_BOUND('',#3135,.T.);
#3135 = EDGE_LOOP('',(#3136,#3137,#3138,#3147));
#3136 = ORIENTED_EDGE('',*,*,#2268,.T.);
#3137 = ORIENTED_EDGE('',*,*,#3123,.T.);
#3138 = ORIENTED_EDGE('',*,*,#3139,.T.);
#3139 = EDGE_CURVE('',#3115,#3140,#3142,.T.);
#3140 = VERTEX_POINT('',#3141);
#3141 = CARTESIAN_POINT('',(0.153900564435,-0.49422030511,1.1));
#3142 = CIRCLE('',#3143,0.120846782715);
#3143 = AXIS2_PLACEMENT_3D('',#3144,#3145,#3146);
#3144 = CARTESIAN_POINT('',(0.121765668214,-0.61071619919,1.1));
#3145 = DIRECTION('',(0.,0.,1.));
#3146 = DIRECTION('',(0.360801359484,0.932642685595,-0.));
#3147 = ORIENTED_EDGE('',*,*,#3148,.F.);
#3148 = EDGE_CURVE('',#2269,#3140,#3149,.T.);
#3149 = LINE('',#3150,#3151);
#3150 = CARTESIAN_POINT('',(0.153900564435,-0.49422030511,1.101));
#3151 = VECTOR('',#3152,1.);
#3152 = DIRECTION('',(0.,0.,-1.));
#3153 = CYLINDRICAL_SURFACE('',#3154,0.120846782715);
#3154 = AXIS2_PLACEMENT_3D('',#3155,#3156,#3157);
#3155 = CARTESIAN_POINT('',(0.121765668214,-0.61071619919,1.1012));
#3156 = DIRECTION('',(0.,0.,-1.));
#3157 = DIRECTION('',(0.360801359484,0.932642685595,0.));
#3158 = ADVANCED_FACE('',(#3159),#3178,.T.);
#3159 = FACE_BOUND('',#3160,.T.);
#3160 = EDGE_LOOP('',(#3161,#3162,#3163,#3172));
#3161 = ORIENTED_EDGE('',*,*,#2277,.T.);
#3162 = ORIENTED_EDGE('',*,*,#3148,.T.);
#3163 = ORIENTED_EDGE('',*,*,#3164,.T.);
#3164 = EDGE_CURVE('',#3140,#3165,#3167,.T.);
#3165 = VERTEX_POINT('',#3166);
#3166 = CARTESIAN_POINT('',(0.130163245477,-0.490261649113,1.1));
#3167 = CIRCLE('',#3168,0.262483520944);
#3168 = AXIS2_PLACEMENT_3D('',#3169,#3170,#3171);
#3169 = CARTESIAN_POINT('',(9.889941778416E-02,-0.750876636871,1.1));
#3170 = DIRECTION('',(0.,0.,1.));
#3171 = DIRECTION('',(0.164497482784,0.986377502865,-0.));
#3172 = ORIENTED_EDGE('',*,*,#3173,.F.);
#3173 = EDGE_CURVE('',#2278,#3165,#3174,.T.);
#3174 = LINE('',#3175,#3176);
#3175 = CARTESIAN_POINT('',(0.130163245477,-0.490261649113,1.101));
#3176 = VECTOR('',#3177,1.);
#3177 = DIRECTION('',(0.,0.,-1.));
#3178 = CYLINDRICAL_SURFACE('',#3179,0.262483520944);
#3179 = AXIS2_PLACEMENT_3D('',#3180,#3181,#3182);
#3180 = CARTESIAN_POINT('',(9.889941778416E-02,-0.750876636871,1.1012));
#3181 = DIRECTION('',(0.,0.,-1.));
#3182 = DIRECTION('',(0.164497482784,0.986377502865,0.));
#3183 = ADVANCED_FACE('',(#3184),#3203,.T.);
#3184 = FACE_BOUND('',#3185,.T.);
#3185 = EDGE_LOOP('',(#3186,#3187,#3188,#3197));
#3186 = ORIENTED_EDGE('',*,*,#2286,.T.);
#3187 = ORIENTED_EDGE('',*,*,#3173,.T.);
#3188 = ORIENTED_EDGE('',*,*,#3189,.T.);
#3189 = EDGE_CURVE('',#3165,#3190,#3192,.T.);
#3190 = VERTEX_POINT('',#3191);
#3191 = CARTESIAN_POINT('',(0.103164766203,-0.488979849667,1.1));
#3192 = CIRCLE('',#3193,0.202489822977);
#3193 = AXIS2_PLACEMENT_3D('',#3194,#3195,#3196);
#3194 = CARTESIAN_POINT('',(0.107082679182,-0.691431765851,1.1));
#3195 = DIRECTION('',(0.,0.,1.));
#3196 = DIRECTION('',(4.742331068854E-02,0.998874881856,-0.));
#3197 = ORIENTED_EDGE('',*,*,#3198,.F.);
#3198 = EDGE_CURVE('',#2287,#3190,#3199,.T.);
#3199 = LINE('',#3200,#3201);
#3200 = CARTESIAN_POINT('',(0.103164766203,-0.488979849667,1.101));
#3201 = VECTOR('',#3202,1.);
#3202 = DIRECTION('',(0.,0.,-1.));
#3203 = CYLINDRICAL_SURFACE('',#3204,0.202489822977);
#3204 = AXIS2_PLACEMENT_3D('',#3205,#3206,#3207);
#3205 = CARTESIAN_POINT('',(0.107082679182,-0.691431765851,1.1012));
#3206 = DIRECTION('',(0.,0.,-1.));
#3207 = DIRECTION('',(4.742331068854E-02,0.998874881856,0.));
#3208 = ADVANCED_FACE('',(#3209),#3228,.T.);
#3209 = FACE_BOUND('',#3210,.T.);
#3210 = EDGE_LOOP('',(#3211,#3212,#3213,#3222));
#3211 = ORIENTED_EDGE('',*,*,#2295,.T.);
#3212 = ORIENTED_EDGE('',*,*,#3198,.T.);
#3213 = ORIENTED_EDGE('',*,*,#3214,.T.);
#3214 = EDGE_CURVE('',#3190,#3215,#3217,.T.);
#3215 = VERTEX_POINT('',#3216);
#3216 = CARTESIAN_POINT('',(6.386946066738E-02,-0.492877213155,1.1));
#3217 = CIRCLE('',#3218,0.190009146244);
#3218 = AXIS2_PLACEMENT_3D('',#3219,#3220,#3221);
#3219 = CARTESIAN_POINT('',(0.102168955128,-0.678986386439,1.1));
#3220 = DIRECTION('',(0.,0.,1.));
#3221 = DIRECTION('',(-9.869715034658E-02,0.995117516936,0.));
#3222 = ORIENTED_EDGE('',*,*,#3223,.F.);
#3223 = EDGE_CURVE('',#2296,#3215,#3224,.T.);
#3224 = LINE('',#3225,#3226);
#3225 = CARTESIAN_POINT('',(6.386946066738E-02,-0.492877213155,1.101));
#3226 = VECTOR('',#3227,1.);
#3227 = DIRECTION('',(0.,0.,-1.));
#3228 = CYLINDRICAL_SURFACE('',#3229,0.190009146244);
#3229 = AXIS2_PLACEMENT_3D('',#3230,#3231,#3232);
#3230 = CARTESIAN_POINT('',(0.102168955128,-0.678986386439,1.1012));
#3231 = DIRECTION('',(0.,0.,-1.));
#3232 = DIRECTION('',(-9.869715034658E-02,0.995117516936,0.));
#3233 = ADVANCED_FACE('',(#3234),#3253,.T.);
#3234 = FACE_BOUND('',#3235,.T.);
#3235 = EDGE_LOOP('',(#3236,#3237,#3238,#3247));
#3236 = ORIENTED_EDGE('',*,*,#2304,.T.);
#3237 = ORIENTED_EDGE('',*,*,#3223,.T.);
#3238 = ORIENTED_EDGE('',*,*,#3239,.T.);
#3239 = EDGE_CURVE('',#3215,#3240,#3242,.T.);
#3240 = VERTEX_POINT('',#3241);
#3241 = CARTESIAN_POINT('',(3.778048647091E-02,-0.501087900261,1.1));
#3242 = CIRCLE('',#3243,0.16236323577);
#3243 = AXIS2_PLACEMENT_3D('',#3244,#3245,#3246);
#3244 = CARTESIAN_POINT('',(9.939361461617E-02,-0.651306550137,1.1));
#3245 = DIRECTION('',(0.,0.,1.));
#3246 = DIRECTION('',(-0.300202428416,0.953875517022,0.));
#3247 = ORIENTED_EDGE('',*,*,#3248,.F.);
#3248 = EDGE_CURVE('',#2305,#3240,#3249,.T.);
#3249 = LINE('',#3250,#3251);
#3250 = CARTESIAN_POINT('',(3.778048647091E-02,-0.501087900261,1.101));
#3251 = VECTOR('',#3252,1.);
#3252 = DIRECTION('',(0.,0.,-1.));
#3253 = CYLINDRICAL_SURFACE('',#3254,0.16236323577);
#3254 = AXIS2_PLACEMENT_3D('',#3255,#3256,#3257);
#3255 = CARTESIAN_POINT('',(9.939361461617E-02,-0.651306550137,1.1012));
#3256 = DIRECTION('',(0.,0.,-1.));
#3257 = DIRECTION('',(-0.300202428416,0.953875517022,0.));
#3258 = ADVANCED_FACE('',(#3259),#3278,.T.);
#3259 = FACE_BOUND('',#3260,.T.);
#3260 = EDGE_LOOP('',(#3261,#3262,#3263,#3272));
#3261 = ORIENTED_EDGE('',*,*,#2313,.T.);
#3262 = ORIENTED_EDGE('',*,*,#3248,.T.);
#3263 = ORIENTED_EDGE('',*,*,#3264,.T.);
#3264 = EDGE_CURVE('',#3240,#3265,#3267,.T.);
#3265 = VERTEX_POINT('',#3266);
#3266 = CARTESIAN_POINT('',(1.491686762191E-02,-0.518125526094,1.1));
#3267 = CIRCLE('',#3268,7.449249011317E-02);
#3268 = AXIS2_PLACEMENT_3D('',#3269,#3270,#3271);
#3269 = CARTESIAN_POINT('',(7.003709400509E-02,-0.56823432499,1.1));
#3270 = DIRECTION('',(0.,0.,1.));
#3271 = DIRECTION('',(-0.597526159209,0.801849417947,0.));
#3272 = ORIENTED_EDGE('',*,*,#3273,.F.);
#3273 = EDGE_CURVE('',#2314,#3265,#3274,.T.);
#3274 = LINE('',#3275,#3276);
#3275 = CARTESIAN_POINT('',(1.491686762191E-02,-0.518125526094,1.101));
#3276 = VECTOR('',#3277,1.);
#3277 = DIRECTION('',(0.,0.,-1.));
#3278 = CYLINDRICAL_SURFACE('',#3279,7.449249011317E-02);
#3279 = AXIS2_PLACEMENT_3D('',#3280,#3281,#3282);
#3280 = CARTESIAN_POINT('',(7.003709400509E-02,-0.56823432499,1.1012));
#3281 = DIRECTION('',(0.,0.,-1.));
#3282 = DIRECTION('',(-0.597526159209,0.801849417947,0.));
#3283 = ADVANCED_FACE('',(#3284),#3302,.T.);
#3284 = FACE_BOUND('',#3285,.T.);
#3285 = EDGE_LOOP('',(#3286,#3287,#3288,#3296));
#3286 = ORIENTED_EDGE('',*,*,#2322,.T.);
#3287 = ORIENTED_EDGE('',*,*,#3273,.T.);
#3288 = ORIENTED_EDGE('',*,*,#3289,.T.);
#3289 = EDGE_CURVE('',#3265,#3290,#3292,.T.);
#3290 = VERTEX_POINT('',#3291);
#3291 = CARTESIAN_POINT('',(1.396514871547E-02,-0.519396857944,1.1));
#3292 = LINE('',#3293,#3294);
#3293 = CARTESIAN_POINT('',(1.49168676223E-02,-0.518125526094,1.1));
#3294 = VECTOR('',#3295,1.);
#3295 = DIRECTION('',(-0.599282430389,-0.800537674708,0.));
#3296 = ORIENTED_EDGE('',*,*,#3297,.F.);
#3297 = EDGE_CURVE('',#2323,#3290,#3298,.T.);
#3298 = LINE('',#3299,#3300);
#3299 = CARTESIAN_POINT('',(1.396514871547E-02,-0.519396857944,1.101));
#3300 = VECTOR('',#3301,1.);
#3301 = DIRECTION('',(0.,0.,-1.));
#3302 = PLANE('',#3303);
#3303 = AXIS2_PLACEMENT_3D('',#3304,#3305,#3306);
#3304 = CARTESIAN_POINT('',(1.491686762191E-02,-0.518125526094,1.1012));
#3305 = DIRECTION('',(-0.800537674708,0.599282430389,0.));
#3306 = DIRECTION('',(0.,0.,1.));
#3307 = ADVANCED_FACE('',(#3308),#3320,.T.);
#3308 = FACE_BOUND('',#3309,.T.);
#3309 = EDGE_LOOP('',(#3310,#3311,#3312,#3319));
#3310 = ORIENTED_EDGE('',*,*,#2330,.T.);
#3311 = ORIENTED_EDGE('',*,*,#3297,.T.);
#3312 = ORIENTED_EDGE('',*,*,#3313,.T.);
#3313 = EDGE_CURVE('',#3290,#3064,#3314,.T.);
#3314 = CIRCLE('',#3315,6.572876308247E-02);
#3315 = AXIS2_PLACEMENT_3D('',#3316,#3317,#3318);
#3316 = CARTESIAN_POINT('',(6.841661896149E-02,-0.556211361666,1.1));
#3317 = DIRECTION('',(0.,0.,1.));
#3318 = DIRECTION('',(-0.95497588857,0.296683420922,0.));
#3319 = ORIENTED_EDGE('',*,*,#3063,.F.);
#3320 = CYLINDRICAL_SURFACE('',#3321,6.572876308247E-02);
#3321 = AXIS2_PLACEMENT_3D('',#3322,#3323,#3324);
#3322 = CARTESIAN_POINT('',(6.841661896149E-02,-0.556211361666,1.1012));
#3323 = DIRECTION('',(0.,0.,-1.));
#3324 = DIRECTION('',(-0.95497588857,0.296683420922,0.));
#3325 = ADVANCED_FACE('',(#3326),#3345,.F.);
#3326 = FACE_BOUND('',#3327,.F.);
#3327 = EDGE_LOOP('',(#3328,#3329,#3338,#3344));
#3328 = ORIENTED_EDGE('',*,*,#3047,.T.);
#3329 = ORIENTED_EDGE('',*,*,#3330,.F.);
#3330 = EDGE_CURVE('',#3331,#3039,#3333,.T.);
#3331 = VERTEX_POINT('',#3332);
#3332 = CARTESIAN_POINT('',(0.175491547556,-0.54995543441,1.1));
#3333 = CIRCLE('',#3334,1.753450449972E-02);
#3334 = AXIS2_PLACEMENT_3D('',#3335,#3336,#3337);
#3335 = CARTESIAN_POINT('',(0.15852922356,-0.554398227757,1.1));
#3336 = DIRECTION('',(0.,0.,-1.));
#3337 = DIRECTION('',(0.99584275904,9.108896348225E-02,0.));
#3338 = ORIENTED_EDGE('',*,*,#3339,.F.);
#3339 = EDGE_CURVE('',#2342,#3331,#3340,.T.);
#3340 = LINE('',#3341,#3342);
#3341 = CARTESIAN_POINT('',(0.175491547556,-0.54995543441,1.101));
#3342 = VECTOR('',#3343,1.);
#3343 = DIRECTION('',(0.,0.,-1.));
#3344 = ORIENTED_EDGE('',*,*,#2339,.F.);
#3345 = CYLINDRICAL_SURFACE('',#3346,1.753450449972E-02);
#3346 = AXIS2_PLACEMENT_3D('',#3347,#3348,#3349);
#3347 = CARTESIAN_POINT('',(0.15852922356,-0.554398227757,1.1012));
#3348 = DIRECTION('',(0.,0.,-1.));
#3349 = DIRECTION('',(0.99584275904,9.108896348225E-02,0.));
#3350 = ADVANCED_FACE('',(#3351),#3370,.F.);
#3351 = FACE_BOUND('',#3352,.F.);
#3352 = EDGE_LOOP('',(#3353,#3361,#3368,#3369));
#3353 = ORIENTED_EDGE('',*,*,#3354,.T.);
#3354 = EDGE_CURVE('',#2440,#3355,#3357,.T.);
#3355 = VERTEX_POINT('',#3356);
#3356 = CARTESIAN_POINT('',(3.977244486883E-02,-0.542981103342,1.1));
#3357 = LINE('',#3358,#3359);
#3358 = CARTESIAN_POINT('',(3.977244486883E-02,-0.542981103342,1.101));
#3359 = VECTOR('',#3360,1.);
#3360 = DIRECTION('',(0.,0.,-1.));
#3361 = ORIENTED_EDGE('',*,*,#3362,.F.);
#3362 = EDGE_CURVE('',#2807,#3355,#3363,.T.);
#3363 = CIRCLE('',#3364,2.932977741336E-02);
#3364 = AXIS2_PLACEMENT_3D('',#3365,#3366,#3367);
#3365 = CARTESIAN_POINT('',(6.502104104118E-02,-0.557905721744,1.1));
#3366 = DIRECTION('',(0.,0.,-1.));
#3367 = DIRECTION('',(-0.953926110076,0.300041624638,0.));
#3368 = ORIENTED_EDGE('',*,*,#2806,.F.);
#3369 = ORIENTED_EDGE('',*,*,#2439,.F.);
#3370 = CYLINDRICAL_SURFACE('',#3371,2.932977741336E-02);
#3371 = AXIS2_PLACEMENT_3D('',#3372,#3373,#3374);
#3372 = CARTESIAN_POINT('',(6.502104104118E-02,-0.557905721744,1.1012));
#3373 = DIRECTION('',(0.,0.,-1.));
#3374 = DIRECTION('',(-0.953926110076,0.300041624638,0.));
#3375 = ADVANCED_FACE('',(#3376),#3395,.F.);
#3376 = FACE_BOUND('',#3377,.F.);
#3377 = EDGE_LOOP('',(#3378,#3386,#3393,#3394));
#3378 = ORIENTED_EDGE('',*,*,#3379,.T.);
#3379 = EDGE_CURVE('',#2449,#3380,#3382,.T.);
#3380 = VERTEX_POINT('',#3381);
#3381 = CARTESIAN_POINT('',(4.965665476793E-02,-0.534057481122,1.1));
#3382 = LINE('',#3383,#3384);
#3383 = CARTESIAN_POINT('',(4.965665476793E-02,-0.534057481122,1.101));
#3384 = VECTOR('',#3385,1.);
#3385 = DIRECTION('',(0.,0.,-1.));
#3386 = ORIENTED_EDGE('',*,*,#3387,.F.);
#3387 = EDGE_CURVE('',#3355,#3380,#3388,.T.);
#3388 = CIRCLE('',#3389,3.578480640566E-02);
#3389 = AXIS2_PLACEMENT_3D('',#3390,#3391,#3392);
#3390 = CARTESIAN_POINT('',(6.827587187207E-02,-0.564616884322,1.1));
#3391 = DIRECTION('',(0.,0.,-1.));
#3392 = DIRECTION('',(-0.670118697948,0.742253952944,0.));
#3393 = ORIENTED_EDGE('',*,*,#3354,.F.);
#3394 = ORIENTED_EDGE('',*,*,#2448,.F.);
#3395 = CYLINDRICAL_SURFACE('',#3396,3.578480640566E-02);
#3396 = AXIS2_PLACEMENT_3D('',#3397,#3398,#3399);
#3397 = CARTESIAN_POINT('',(6.827587187207E-02,-0.564616884322,1.1012));
#3398 = DIRECTION('',(0.,0.,-1.));
#3399 = DIRECTION('',(-0.670118697948,0.742253952944,0.));
#3400 = ADVANCED_FACE('',(#3401),#3420,.F.);
#3401 = FACE_BOUND('',#3402,.F.);
#3402 = EDGE_LOOP('',(#3403,#3411,#3418,#3419));
#3403 = ORIENTED_EDGE('',*,*,#3404,.T.);
#3404 = EDGE_CURVE('',#2458,#3405,#3407,.T.);
#3405 = VERTEX_POINT('',#3406);
#3406 = CARTESIAN_POINT('',(7.357602992517E-02,-0.527073533905,1.1));
#3407 = LINE('',#3408,#3409);
#3408 = CARTESIAN_POINT('',(7.357602992517E-02,-0.527073533905,1.101));
#3409 = VECTOR('',#3410,1.);
#3410 = DIRECTION('',(0.,0.,-1.));
#3411 = ORIENTED_EDGE('',*,*,#3412,.F.);
#3412 = EDGE_CURVE('',#3380,#3405,#3413,.T.);
#3413 = CIRCLE('',#3414,0.109451005945);
#3414 = AXIS2_PLACEMENT_3D('',#3415,#3416,#3417);
#3415 = CARTESIAN_POINT('',(9.209343497554E-02,-0.634946739162,1.1));
#3416 = DIRECTION('',(0.,0.,-1.));
#3417 = DIRECTION('',(-0.280276001093,0.959919456627,0.));
#3418 = ORIENTED_EDGE('',*,*,#3379,.F.);
#3419 = ORIENTED_EDGE('',*,*,#2457,.F.);
#3420 = CYLINDRICAL_SURFACE('',#3421,0.109451005945);
#3421 = AXIS2_PLACEMENT_3D('',#3422,#3423,#3424);
#3422 = CARTESIAN_POINT('',(9.209343497554E-02,-0.634946739162,1.1012));
#3423 = DIRECTION('',(0.,0.,-1.));
#3424 = DIRECTION('',(-0.280276001093,0.959919456627,0.));
#3425 = ADVANCED_FACE('',(#3426),#3445,.F.);
#3426 = FACE_BOUND('',#3427,.F.);
#3427 = EDGE_LOOP('',(#3428,#3436,#3443,#3444));
#3428 = ORIENTED_EDGE('',*,*,#3429,.T.);
#3429 = EDGE_CURVE('',#2467,#3430,#3432,.T.);
#3430 = VERTEX_POINT('',#3431);
#3431 = CARTESIAN_POINT('',(9.544893790237E-02,-0.525085087726,1.1));
#3432 = LINE('',#3433,#3434);
#3433 = CARTESIAN_POINT('',(9.544893790237E-02,-0.525085087726,1.101));
#3434 = VECTOR('',#3435,1.);
#3435 = DIRECTION('',(0.,0.,-1.));
#3436 = ORIENTED_EDGE('',*,*,#3437,.F.);
#3437 = EDGE_CURVE('',#3405,#3430,#3438,.T.);
#3438 = CIRCLE('',#3439,0.20711058785);
#3439 = AXIS2_PLACEMENT_3D('',#3440,#3441,#3442);
#3440 = CARTESIAN_POINT('',(0.103237018778,-0.732049194265,1.1));
#3441 = DIRECTION('',(0.,0.,-1.));
#3442 = DIRECTION('',(-9.05357460665E-02,0.995893206466,0.));
#3443 = ORIENTED_EDGE('',*,*,#3404,.F.);
#3444 = ORIENTED_EDGE('',*,*,#2466,.F.);
#3445 = CYLINDRICAL_SURFACE('',#3446,0.20711058785);
#3446 = AXIS2_PLACEMENT_3D('',#3447,#3448,#3449);
#3447 = CARTESIAN_POINT('',(0.103237018778,-0.732049194265,1.1012));
#3448 = DIRECTION('',(0.,0.,-1.));
#3449 = DIRECTION('',(-9.05357460665E-02,0.995893206466,0.));
#3450 = ADVANCED_FACE('',(#3451),#3470,.F.);
#3451 = FACE_BOUND('',#3452,.F.);
#3452 = EDGE_LOOP('',(#3453,#3461,#3468,#3469));
#3453 = ORIENTED_EDGE('',*,*,#3454,.T.);
#3454 = EDGE_CURVE('',#2476,#3455,#3457,.T.);
#3455 = VERTEX_POINT('',#3456);
#3456 = CARTESIAN_POINT('',(0.130246746047,-0.526079310817,1.1));
#3457 = LINE('',#3458,#3459);
#3458 = CARTESIAN_POINT('',(0.130246746047,-0.526079310817,1.101));
#3459 = VECTOR('',#3460,1.);
#3460 = DIRECTION('',(0.,0.,-1.));
#3461 = ORIENTED_EDGE('',*,*,#3462,.F.);
#3462 = EDGE_CURVE('',#3430,#3455,#3463,.T.);
#3463 = CIRCLE('',#3464,0.226946529118);
#3464 = AXIS2_PLACEMENT_3D('',#3465,#3466,#3467);
#3465 = CARTESIAN_POINT('',(0.106385391874,-0.751767952215,1.1));
#3466 = DIRECTION('',(0.,0.,-1.));
#3467 = DIRECTION('',(2.855977397362E-02,0.999592086459,0.));
#3468 = ORIENTED_EDGE('',*,*,#3429,.F.);
#3469 = ORIENTED_EDGE('',*,*,#2475,.F.);
#3470 = CYLINDRICAL_SURFACE('',#3471,0.226946529118);
#3471 = AXIS2_PLACEMENT_3D('',#3472,#3473,#3474);
#3472 = CARTESIAN_POINT('',(0.106385391874,-0.751767952215,1.1012));
#3473 = DIRECTION('',(0.,0.,-1.));
#3474 = DIRECTION('',(2.855977397362E-02,0.999592086459,0.));
#3475 = ADVANCED_FACE('',(#3476),#3495,.F.);
#3476 = FACE_BOUND('',#3477,.F.);
#3477 = EDGE_LOOP('',(#3478,#3486,#3493,#3494));
#3478 = ORIENTED_EDGE('',*,*,#3479,.T.);
#3479 = EDGE_CURVE('',#2485,#3480,#3482,.T.);
#3480 = VERTEX_POINT('',#3481);
#3481 = CARTESIAN_POINT('',(0.15239037553,-0.530326924682,1.1));
#3482 = LINE('',#3483,#3484);
#3483 = CARTESIAN_POINT('',(0.15239037553,-0.530326924682,1.101));
#3484 = VECTOR('',#3485,1.);
#3485 = DIRECTION('',(0.,0.,-1.));
#3486 = ORIENTED_EDGE('',*,*,#3487,.F.);
#3487 = EDGE_CURVE('',#3455,#3480,#3488,.T.);
#3488 = CIRCLE('',#3489,0.163103251974);
#3489 = AXIS2_PLACEMENT_3D('',#3490,#3491,#3492);
#3490 = CARTESIAN_POINT('',(0.110665601122,-0.688002902576,1.1));
#3491 = DIRECTION('',(0.,0.,-1.));
#3492 = DIRECTION('',(0.188386471544,0.982094973686,0.));
#3493 = ORIENTED_EDGE('',*,*,#3454,.F.);
#3494 = ORIENTED_EDGE('',*,*,#2484,.F.);
#3495 = CYLINDRICAL_SURFACE('',#3496,0.163103251974);
#3496 = AXIS2_PLACEMENT_3D('',#3497,#3498,#3499);
#3497 = CARTESIAN_POINT('',(0.110665601122,-0.688002902576,1.1012));
#3498 = DIRECTION('',(0.,0.,-1.));
#3499 = DIRECTION('',(0.188386471544,0.982094973686,0.));
#3500 = ADVANCED_FACE('',(#3501),#3520,.F.);
#3501 = FACE_BOUND('',#3502,.F.);
#3502 = EDGE_LOOP('',(#3503,#3511,#3518,#3519));
#3503 = ORIENTED_EDGE('',*,*,#3504,.T.);
#3504 = EDGE_CURVE('',#2494,#3505,#3507,.T.);
#3505 = VERTEX_POINT('',#3506);
#3506 = CARTESIAN_POINT('',(0.165539430168,-0.536717233803,1.1));
#3507 = LINE('',#3508,#3509);
#3508 = CARTESIAN_POINT('',(0.165539430168,-0.536717233803,1.101));
#3509 = VECTOR('',#3510,1.);
#3510 = DIRECTION('',(0.,0.,-1.));
#3511 = ORIENTED_EDGE('',*,*,#3512,.F.);
#3512 = EDGE_CURVE('',#3480,#3505,#3513,.T.);
#3513 = CIRCLE('',#3514,5.354742299636E-02);
#3514 = AXIS2_PLACEMENT_3D('',#3515,#3516,#3517);
#3515 = CARTESIAN_POINT('',(0.135778190565,-0.581232345023,1.1));
#3516 = DIRECTION('',(0.,0.,-1.));
#3517 = DIRECTION('',(0.437104599804,0.899410678628,0.));
#3518 = ORIENTED_EDGE('',*,*,#3479,.F.);
#3519 = ORIENTED_EDGE('',*,*,#2493,.F.);
#3520 = CYLINDRICAL_SURFACE('',#3521,5.354742299636E-02);
#3521 = AXIS2_PLACEMENT_3D('',#3522,#3523,#3524);
#3522 = CARTESIAN_POINT('',(0.135778190565,-0.581232345023,1.1012));
#3523 = DIRECTION('',(0.,0.,-1.));
#3524 = DIRECTION('',(0.437104599804,0.899410678628,0.));
#3525 = ADVANCED_FACE('',(#3526),#3544,.T.);
#3526 = FACE_BOUND('',#3527,.T.);
#3527 = EDGE_LOOP('',(#3528,#3529,#3530,#3538));
#3528 = ORIENTED_EDGE('',*,*,#2502,.T.);
#3529 = ORIENTED_EDGE('',*,*,#3504,.T.);
#3530 = ORIENTED_EDGE('',*,*,#3531,.T.);
#3531 = EDGE_CURVE('',#3505,#3532,#3534,.T.);
#3532 = VERTEX_POINT('',#3533);
#3533 = CARTESIAN_POINT('',(0.169243703891,-0.539590318639,1.1));
#3534 = LINE('',#3535,#3536);
#3535 = CARTESIAN_POINT('',(0.165539430168,-0.536717233803,1.1));
#3536 = VECTOR('',#3537,1.);
#3537 = DIRECTION('',(0.79018025957,-0.612874503782,0.));
#3538 = ORIENTED_EDGE('',*,*,#3539,.F.);
#3539 = EDGE_CURVE('',#2503,#3532,#3540,.T.);
#3540 = LINE('',#3541,#3542);
#3541 = CARTESIAN_POINT('',(0.169243703891,-0.539590318639,1.101));
#3542 = VECTOR('',#3543,1.);
#3543 = DIRECTION('',(0.,0.,-1.));
#3544 = PLANE('',#3545);
#3545 = AXIS2_PLACEMENT_3D('',#3546,#3547,#3548);
#3546 = CARTESIAN_POINT('',(0.165539430168,-0.536717233803,1.1012));
#3547 = DIRECTION('',(-0.612874503782,-0.79018025957,0.));
#3548 = DIRECTION('',(-0.,0.,-1.));
#3549 = ADVANCED_FACE('',(#3550),#3562,.F.);
#3550 = FACE_BOUND('',#3551,.F.);
#3551 = EDGE_LOOP('',(#3552,#3553,#3560,#3561));
#3552 = ORIENTED_EDGE('',*,*,#3339,.T.);
#3553 = ORIENTED_EDGE('',*,*,#3554,.F.);
#3554 = EDGE_CURVE('',#3532,#3331,#3555,.T.);
#3555 = CIRCLE('',#3556,1.845723663075E-02);
#3556 = AXIS2_PLACEMENT_3D('',#3557,#3558,#3559);
#3557 = CARTESIAN_POINT('',(0.157433773267,-0.553774645294,1.1));
#3558 = DIRECTION('',(0.,0.,-1.));
#3559 = DIRECTION('',(0.856442230493,0.516242874846,0.));
#3560 = ORIENTED_EDGE('',*,*,#3539,.F.);
#3561 = ORIENTED_EDGE('',*,*,#2510,.F.);
#3562 = CYLINDRICAL_SURFACE('',#3563,1.845723663075E-02);
#3563 = AXIS2_PLACEMENT_3D('',#3564,#3565,#3566);
#3564 = CARTESIAN_POINT('',(0.157433773267,-0.553774645294,1.1012));
#3565 = DIRECTION('',(0.,0.,-1.));
#3566 = DIRECTION('',(0.856442230493,0.516242874846,0.));
#3567 = ADVANCED_FACE('',(#3568,#3592),#3614,.F.);
#3568 = FACE_BOUND('',#3569,.T.);
#3569 = EDGE_LOOP('',(#3570,#3571,#3572,#3573,#3574,#3575,#3576,#3577,
    #3578,#3579,#3580,#3581,#3582,#3583,#3584,#3585,#3586,#3587,#3588,
    #3589,#3590,#3591));
#3570 = ORIENTED_EDGE('',*,*,#3071,.F.);
#3571 = ORIENTED_EDGE('',*,*,#3313,.F.);
#3572 = ORIENTED_EDGE('',*,*,#3289,.F.);
#3573 = ORIENTED_EDGE('',*,*,#3264,.F.);
#3574 = ORIENTED_EDGE('',*,*,#3239,.F.);
#3575 = ORIENTED_EDGE('',*,*,#3214,.F.);
#3576 = ORIENTED_EDGE('',*,*,#3189,.F.);
#3577 = ORIENTED_EDGE('',*,*,#3164,.F.);
#3578 = ORIENTED_EDGE('',*,*,#3139,.F.);
#3579 = ORIENTED_EDGE('',*,*,#3114,.F.);
#3580 = ORIENTED_EDGE('',*,*,#3089,.F.);
#3581 = ORIENTED_EDGE('',*,*,#2534,.F.);
#3582 = ORIENTED_EDGE('',*,*,#2566,.F.);
#3583 = ORIENTED_EDGE('',*,*,#2591,.F.);
#3584 = ORIENTED_EDGE('',*,*,#2616,.F.);
#3585 = ORIENTED_EDGE('',*,*,#2641,.F.);
#3586 = ORIENTED_EDGE('',*,*,#2666,.F.);
#3587 = ORIENTED_EDGE('',*,*,#2691,.F.);
#3588 = ORIENTED_EDGE('',*,*,#2716,.F.);
#3589 = ORIENTED_EDGE('',*,*,#2741,.F.);
#3590 = ORIENTED_EDGE('',*,*,#2766,.F.);
#3591 = ORIENTED_EDGE('',*,*,#2791,.F.);
#3592 = FACE_BOUND('',#3593,.T.);
#3593 = EDGE_LOOP('',(#3594,#3595,#3596,#3597,#3598,#3599,#3600,#3601,
    #3602,#3603,#3604,#3605,#3606,#3607,#3608,#3609,#3610,#3611,#3612,
    #3613));
#3594 = ORIENTED_EDGE('',*,*,#3330,.F.);
#3595 = ORIENTED_EDGE('',*,*,#3554,.F.);
#3596 = ORIENTED_EDGE('',*,*,#3531,.F.);
#3597 = ORIENTED_EDGE('',*,*,#3512,.F.);
#3598 = ORIENTED_EDGE('',*,*,#3487,.F.);
#3599 = ORIENTED_EDGE('',*,*,#3462,.F.);
#3600 = ORIENTED_EDGE('',*,*,#3437,.F.);
#3601 = ORIENTED_EDGE('',*,*,#3412,.F.);
#3602 = ORIENTED_EDGE('',*,*,#3387,.F.);
#3603 = ORIENTED_EDGE('',*,*,#3362,.F.);
#3604 = ORIENTED_EDGE('',*,*,#2814,.F.);
#3605 = ORIENTED_EDGE('',*,*,#2839,.F.);
#3606 = ORIENTED_EDGE('',*,*,#2864,.F.);
#3607 = ORIENTED_EDGE('',*,*,#2889,.F.);
#3608 = ORIENTED_EDGE('',*,*,#2914,.F.);
#3609 = ORIENTED_EDGE('',*,*,#2939,.F.);
#3610 = ORIENTED_EDGE('',*,*,#2964,.F.);
#3611 = ORIENTED_EDGE('',*,*,#2997,.F.);
#3612 = ORIENTED_EDGE('',*,*,#3013,.F.);
#3613 = ORIENTED_EDGE('',*,*,#3038,.F.);
#3614 = PLANE('',#3615);
#3615 = AXIS2_PLACEMENT_3D('',#3616,#3617,#3618);
#3616 = CARTESIAN_POINT('',(0.164646771177,-4.762760748212E-03,1.1));
#3617 = DIRECTION('',(0.,0.,1.));
#3618 = DIRECTION('',(1.,0.,-0.));
#3619 = MANIFOLD_SOLID_BREP('',#3620);
#3620 = CLOSED_SHELL('',(#3621,#3661,#3692,#3716,#3740,#3757));
#3621 = ADVANCED_FACE('',(#3622),#3656,.F.);
#3622 = FACE_BOUND('',#3623,.T.);
#3623 = EDGE_LOOP('',(#3624,#3634,#3642,#3650));
#3624 = ORIENTED_EDGE('',*,*,#3625,.F.);
#3625 = EDGE_CURVE('',#3626,#3628,#3630,.T.);
#3626 = VERTEX_POINT('',#3627);
#3627 = CARTESIAN_POINT('',(0.203819254698,-0.100053103531,1.1));
#3628 = VERTEX_POINT('',#3629);
#3629 = CARTESIAN_POINT('',(6.96308290244E-03,-0.100053103531,1.1));
#3630 = LINE('',#3631,#3632);
#3631 = CARTESIAN_POINT('',(0.203819254698,-0.100053103531,1.1));
#3632 = VECTOR('',#3633,1.);
#3633 = DIRECTION('',(-1.,0.,0.));
#3634 = ORIENTED_EDGE('',*,*,#3635,.F.);
#3635 = EDGE_CURVE('',#3636,#3626,#3638,.T.);
#3636 = VERTEX_POINT('',#3637);
#3637 = CARTESIAN_POINT('',(0.203819254698,-0.135845134766,1.1));
#3638 = LINE('',#3639,#3640);
#3639 = CARTESIAN_POINT('',(0.203819254698,-0.135845134766,1.1));
#3640 = VECTOR('',#3641,1.);
#3641 = DIRECTION('',(0.,1.,0.));
#3642 = ORIENTED_EDGE('',*,*,#3643,.F.);
#3643 = EDGE_CURVE('',#3644,#3636,#3646,.T.);
#3644 = VERTEX_POINT('',#3645);
#3645 = CARTESIAN_POINT('',(6.96308290244E-03,-0.135845134766,1.1));
#3646 = LINE('',#3647,#3648);
#3647 = CARTESIAN_POINT('',(6.96308290244E-03,-0.135845134766,1.1));
#3648 = VECTOR('',#3649,1.);
#3649 = DIRECTION('',(1.,0.,0.));
#3650 = ORIENTED_EDGE('',*,*,#3651,.F.);
#3651 = EDGE_CURVE('',#3628,#3644,#3652,.T.);
#3652 = LINE('',#3653,#3654);
#3653 = CARTESIAN_POINT('',(6.96308290244E-03,-0.100053103531,1.1));
#3654 = VECTOR('',#3655,1.);
#3655 = DIRECTION('',(0.,-1.,0.));
#3656 = PLANE('',#3657);
#3657 = AXIS2_PLACEMENT_3D('',#3658,#3659,#3660);
#3658 = CARTESIAN_POINT('',(0.164646771177,-4.762760748212E-03,1.1));
#3659 = DIRECTION('',(0.,0.,1.));
#3660 = DIRECTION('',(1.,0.,-0.));
#3661 = ADVANCED_FACE('',(#3662),#3687,.T.);
#3662 = FACE_BOUND('',#3663,.T.);
#3663 = EDGE_LOOP('',(#3664,#3674,#3680,#3681));
#3664 = ORIENTED_EDGE('',*,*,#3665,.T.);
#3665 = EDGE_CURVE('',#3666,#3668,#3670,.T.);
#3666 = VERTEX_POINT('',#3667);
#3667 = CARTESIAN_POINT('',(0.203819254698,-0.100053103531,1.101));
#3668 = VERTEX_POINT('',#3669);
#3669 = CARTESIAN_POINT('',(0.203819254698,-0.135845134766,1.101));
#3670 = LINE('',#3671,#3672);
#3671 = CARTESIAN_POINT('',(0.203819254698,-0.100053103531,1.101));
#3672 = VECTOR('',#3673,1.);
#3673 = DIRECTION('',(0.,-1.,0.));
#3674 = ORIENTED_EDGE('',*,*,#3675,.T.);
#3675 = EDGE_CURVE('',#3668,#3636,#3676,.T.);
#3676 = LINE('',#3677,#3678);
#3677 = CARTESIAN_POINT('',(0.203819254698,-0.135845134766,1.101));
#3678 = VECTOR('',#3679,1.);
#3679 = DIRECTION('',(0.,0.,-1.));
#3680 = ORIENTED_EDGE('',*,*,#3635,.T.);
#3681 = ORIENTED_EDGE('',*,*,#3682,.F.);
#3682 = EDGE_CURVE('',#3666,#3626,#3683,.T.);
#3683 = LINE('',#3684,#3685);
#3684 = CARTESIAN_POINT('',(0.203819254698,-0.100053103531,1.101));
#3685 = VECTOR('',#3686,1.);
#3686 = DIRECTION('',(0.,0.,-1.));
#3687 = PLANE('',#3688);
#3688 = AXIS2_PLACEMENT_3D('',#3689,#3690,#3691);
#3689 = CARTESIAN_POINT('',(0.203819254698,-0.135845134766,1.1012));
#3690 = DIRECTION('',(1.,0.,0.));
#3691 = DIRECTION('',(0.,0.,1.));
#3692 = ADVANCED_FACE('',(#3693),#3711,.T.);
#3693 = FACE_BOUND('',#3694,.T.);
#3694 = EDGE_LOOP('',(#3695,#3703,#3704,#3705));
#3695 = ORIENTED_EDGE('',*,*,#3696,.T.);
#3696 = EDGE_CURVE('',#3697,#3666,#3699,.T.);
#3697 = VERTEX_POINT('',#3698);
#3698 = CARTESIAN_POINT('',(6.96308290244E-03,-0.100053103531,1.101));
#3699 = LINE('',#3700,#3701);
#3700 = CARTESIAN_POINT('',(6.96308290244E-03,-0.100053103531,1.101));
#3701 = VECTOR('',#3702,1.);
#3702 = DIRECTION('',(1.,0.,0.));
#3703 = ORIENTED_EDGE('',*,*,#3682,.T.);
#3704 = ORIENTED_EDGE('',*,*,#3625,.T.);
#3705 = ORIENTED_EDGE('',*,*,#3706,.F.);
#3706 = EDGE_CURVE('',#3697,#3628,#3707,.T.);
#3707 = LINE('',#3708,#3709);
#3708 = CARTESIAN_POINT('',(6.96308290244E-03,-0.100053103531,1.101));
#3709 = VECTOR('',#3710,1.);
#3710 = DIRECTION('',(0.,0.,-1.));
#3711 = PLANE('',#3712);
#3712 = AXIS2_PLACEMENT_3D('',#3713,#3714,#3715);
#3713 = CARTESIAN_POINT('',(0.203819254698,-0.100053103531,1.1012));
#3714 = DIRECTION('',(0.,1.,0.));
#3715 = DIRECTION('',(0.,-0.,1.));
#3716 = ADVANCED_FACE('',(#3717),#3735,.T.);
#3717 = FACE_BOUND('',#3718,.T.);
#3718 = EDGE_LOOP('',(#3719,#3727,#3728,#3729));
#3719 = ORIENTED_EDGE('',*,*,#3720,.T.);
#3720 = EDGE_CURVE('',#3721,#3697,#3723,.T.);
#3721 = VERTEX_POINT('',#3722);
#3722 = CARTESIAN_POINT('',(6.96308290244E-03,-0.135845134766,1.101));
#3723 = LINE('',#3724,#3725);
#3724 = CARTESIAN_POINT('',(6.96308290244E-03,-0.135845134766,1.101));
#3725 = VECTOR('',#3726,1.);
#3726 = DIRECTION('',(0.,1.,0.));
#3727 = ORIENTED_EDGE('',*,*,#3706,.T.);
#3728 = ORIENTED_EDGE('',*,*,#3651,.T.);
#3729 = ORIENTED_EDGE('',*,*,#3730,.F.);
#3730 = EDGE_CURVE('',#3721,#3644,#3731,.T.);
#3731 = LINE('',#3732,#3733);
#3732 = CARTESIAN_POINT('',(6.96308290244E-03,-0.135845134766,1.101));
#3733 = VECTOR('',#3734,1.);
#3734 = DIRECTION('',(0.,0.,-1.));
#3735 = PLANE('',#3736);
#3736 = AXIS2_PLACEMENT_3D('',#3737,#3738,#3739);
#3737 = CARTESIAN_POINT('',(6.96308290244E-03,-0.100053103531,1.1012));
#3738 = DIRECTION('',(-1.,0.,0.));
#3739 = DIRECTION('',(0.,0.,-1.));
#3740 = ADVANCED_FACE('',(#3741),#3752,.T.);
#3741 = FACE_BOUND('',#3742,.T.);
#3742 = EDGE_LOOP('',(#3743,#3749,#3750,#3751));
#3743 = ORIENTED_EDGE('',*,*,#3744,.T.);
#3744 = EDGE_CURVE('',#3668,#3721,#3745,.T.);
#3745 = LINE('',#3746,#3747);
#3746 = CARTESIAN_POINT('',(0.203819254698,-0.135845134766,1.101));
#3747 = VECTOR('',#3748,1.);
#3748 = DIRECTION('',(-1.,0.,0.));
#3749 = ORIENTED_EDGE('',*,*,#3730,.T.);
#3750 = ORIENTED_EDGE('',*,*,#3643,.T.);
#3751 = ORIENTED_EDGE('',*,*,#3675,.F.);
#3752 = PLANE('',#3753);
#3753 = AXIS2_PLACEMENT_3D('',#3754,#3755,#3756);
#3754 = CARTESIAN_POINT('',(6.96308290244E-03,-0.135845134766,1.1012));
#3755 = DIRECTION('',(0.,-1.,0.));
#3756 = DIRECTION('',(0.,0.,-1.));
#3757 = ADVANCED_FACE('',(#3758),#3764,.T.);
#3758 = FACE_BOUND('',#3759,.T.);
#3759 = EDGE_LOOP('',(#3760,#3761,#3762,#3763));
#3760 = ORIENTED_EDGE('',*,*,#3696,.F.);
#3761 = ORIENTED_EDGE('',*,*,#3720,.F.);
#3762 = ORIENTED_EDGE('',*,*,#3744,.F.);
#3763 = ORIENTED_EDGE('',*,*,#3665,.F.);
#3764 = PLANE('',#3765);
#3765 = AXIS2_PLACEMENT_3D('',#3766,#3767,#3768);
#3766 = CARTESIAN_POINT('',(0.14496729765,-0.281377729896,1.101));
#3767 = DIRECTION('',(0.,0.,1.));
#3768 = DIRECTION('',(0.,-1.,0.));
#3769 = MANIFOLD_SOLID_BREP('',#3770);
#3770 = CLOSED_SHELL('',(#3771,#3938,#3969,#3993,#4017,#4041,#4065,#4089
    ,#4113,#4137,#4161,#4185,#4210,#4235,#4260,#4284,#4309,#4334,#4359,
    #4384,#4401));
#3771 = ADVANCED_FACE('',(#3772),#3933,.T.);
#3772 = FACE_BOUND('',#3773,.T.);
#3773 = EDGE_LOOP('',(#3774,#3784,#3792,#3800,#3808,#3816,#3824,#3832,
    #3840,#3848,#3856,#3865,#3874,#3883,#3891,#3900,#3909,#3918,#3927));
#3774 = ORIENTED_EDGE('',*,*,#3775,.F.);
#3775 = EDGE_CURVE('',#3776,#3778,#3780,.T.);
#3776 = VERTEX_POINT('',#3777);
#3777 = CARTESIAN_POINT('',(0.203819254698,8.317213265315E-03,1.101));
#3778 = VERTEX_POINT('',#3779);
#3779 = CARTESIAN_POINT('',(0.203819254698,-1.156724853057E-02,1.101));
#3780 = LINE('',#3781,#3782);
#3781 = CARTESIAN_POINT('',(0.203819254698,8.317213265315E-03,1.101));
#3782 = VECTOR('',#3783,1.);
#3783 = DIRECTION('',(0.,-1.,0.));
#3784 = ORIENTED_EDGE('',*,*,#3785,.F.);
#3785 = EDGE_CURVE('',#3786,#3776,#3788,.T.);
#3786 = VERTEX_POINT('',#3787);
#3787 = CARTESIAN_POINT('',(0.175981008182,8.317213265315E-03,1.101));
#3788 = LINE('',#3789,#3790);
#3789 = CARTESIAN_POINT('',(0.175981008182,8.317213265315E-03,1.101));
#3790 = VECTOR('',#3791,1.);
#3791 = DIRECTION('',(1.,0.,0.));
#3792 = ORIENTED_EDGE('',*,*,#3793,.F.);
#3793 = EDGE_CURVE('',#3794,#3786,#3796,.T.);
#3794 = VERTEX_POINT('',#3795);
#3795 = CARTESIAN_POINT('',(0.175981008182,-1.156724853057E-02,1.101));
#3796 = LINE('',#3797,#3798);
#3797 = CARTESIAN_POINT('',(0.175981008182,-1.156724853057E-02,1.101));
#3798 = VECTOR('',#3799,1.);
#3799 = DIRECTION('',(0.,1.,0.));
#3800 = ORIENTED_EDGE('',*,*,#3801,.F.);
#3801 = EDGE_CURVE('',#3802,#3794,#3804,.T.);
#3802 = VERTEX_POINT('',#3803);
#3803 = CARTESIAN_POINT('',(6.96308290244E-03,-1.156724853057E-02,1.101)
  );
#3804 = LINE('',#3805,#3806);
#3805 = CARTESIAN_POINT('',(6.96308290244E-03,-1.156724853057E-02,1.101)
  );
#3806 = VECTOR('',#3807,1.);
#3807 = DIRECTION('',(1.,0.,0.));
#3808 = ORIENTED_EDGE('',*,*,#3809,.F.);
#3809 = EDGE_CURVE('',#3810,#3802,#3812,.T.);
#3810 = VERTEX_POINT('',#3811);
#3811 = CARTESIAN_POINT('',(6.96308290244E-03,-4.835350285773E-02,1.101)
  );
#3812 = LINE('',#3813,#3814);
#3813 = CARTESIAN_POINT('',(6.96308290244E-03,-4.835350285773E-02,1.101)
  );
#3814 = VECTOR('',#3815,1.);
#3815 = DIRECTION('',(0.,1.,0.));
#3816 = ORIENTED_EDGE('',*,*,#3817,.F.);
#3817 = EDGE_CURVE('',#3818,#3810,#3820,.T.);
#3818 = VERTEX_POINT('',#3819);
#3819 = CARTESIAN_POINT('',(0.175981008182,-4.835350285773E-02,1.101));
#3820 = LINE('',#3821,#3822);
#3821 = CARTESIAN_POINT('',(0.175981008182,-4.835350285773E-02,1.101));
#3822 = VECTOR('',#3823,1.);
#3823 = DIRECTION('',(-1.,0.,0.));
#3824 = ORIENTED_EDGE('',*,*,#3825,.F.);
#3825 = EDGE_CURVE('',#3826,#3818,#3828,.T.);
#3826 = VERTEX_POINT('',#3827);
#3827 = CARTESIAN_POINT('',(0.175981008182,-7.619174937428E-02,1.101));
#3828 = LINE('',#3829,#3830);
#3829 = CARTESIAN_POINT('',(0.175981008182,-7.619174937428E-02,1.101));
#3830 = VECTOR('',#3831,1.);
#3831 = DIRECTION('',(0.,1.,0.));
#3832 = ORIENTED_EDGE('',*,*,#3833,.F.);
#3833 = EDGE_CURVE('',#3834,#3826,#3836,.T.);
#3834 = VERTEX_POINT('',#3835);
#3835 = CARTESIAN_POINT('',(0.203819254698,-7.619174937428E-02,1.101));
#3836 = LINE('',#3837,#3838);
#3837 = CARTESIAN_POINT('',(0.203819254698,-7.619174937428E-02,1.101));
#3838 = VECTOR('',#3839,1.);
#3839 = DIRECTION('',(-1.,0.,0.));
#3840 = ORIENTED_EDGE('',*,*,#3841,.F.);
#3841 = EDGE_CURVE('',#3842,#3834,#3844,.T.);
#3842 = VERTEX_POINT('',#3843);
#3843 = CARTESIAN_POINT('',(0.203819254698,-4.835350285773E-02,1.101));
#3844 = LINE('',#3845,#3846);
#3845 = CARTESIAN_POINT('',(0.203819254698,-4.835350285773E-02,1.101));
#3846 = VECTOR('',#3847,1.);
#3847 = DIRECTION('',(0.,-1.,0.));
#3848 = ORIENTED_EDGE('',*,*,#3849,.F.);
#3849 = EDGE_CURVE('',#3850,#3842,#3852,.T.);
#3850 = VERTEX_POINT('',#3851);
#3851 = CARTESIAN_POINT('',(0.272420647899,-4.835350285773E-02,1.101));
#3852 = LINE('',#3853,#3854);
#3853 = CARTESIAN_POINT('',(0.272420647899,-4.835350285773E-02,1.101));
#3854 = VECTOR('',#3855,1.);
#3855 = DIRECTION('',(-1.,0.,0.));
#3856 = ORIENTED_EDGE('',*,*,#3857,.F.);
#3857 = EDGE_CURVE('',#3858,#3850,#3860,.T.);
#3858 = VERTEX_POINT('',#3859);
#3859 = CARTESIAN_POINT('',(0.28037443262,-4.9788608209E-02,1.101));
#3860 = CIRCLE('',#3861,2.000971864423E-02);
#3861 = AXIS2_PLACEMENT_3D('',#3862,#3863,#3864);
#3862 = CARTESIAN_POINT('',(0.272917759443,-6.83570455522E-02,1.101));
#3863 = DIRECTION('',(0.,0.,1.));
#3864 = DIRECTION('',(0.177563345913,0.984109373082,-0.));
#3865 = ORIENTED_EDGE('',*,*,#3866,.F.);
#3866 = EDGE_CURVE('',#3867,#3858,#3869,.T.);
#3867 = VERTEX_POINT('',#3868);
#3868 = CARTESIAN_POINT('',(0.288673952341,-6.374608950647E-02,1.101));
#3869 = CIRCLE('',#3870,1.522728064895E-02);
#3870 = AXIS2_PLACEMENT_3D('',#3871,#3872,#3873);
#3871 = CARTESIAN_POINT('',(0.273451789837,-6.335131785208E-02,1.101));
#3872 = DIRECTION('',(0.,0.,1.));
#3873 = DIRECTION('',(0.859522989688,0.511097084904,-0.));
#3874 = ORIENTED_EDGE('',*,*,#3875,.F.);
#3875 = EDGE_CURVE('',#3876,#3867,#3878,.T.);
#3876 = VERTEX_POINT('',#3877);
#3877 = CARTESIAN_POINT('',(0.285345548067,-7.818019555352E-02,1.101));
#3878 = CIRCLE('',#3879,3.184638772089E-02);
#3879 = AXIS2_PLACEMENT_3D('',#3880,#3881,#3882);
#3880 = CARTESIAN_POINT('',(0.2568286056,-6.400358089524E-02,1.101));
#3881 = DIRECTION('',(0.,0.,1.));
#3882 = DIRECTION('',(0.974428800284,-0.224696491244,0.));
#3883 = ORIENTED_EDGE('',*,*,#3884,.F.);
#3884 = EDGE_CURVE('',#3885,#3876,#3887,.T.);
#3885 = VERTEX_POINT('',#3886);
#3886 = CARTESIAN_POINT('',(0.318154910032,-7.818019555352E-02,1.101));
#3887 = LINE('',#3888,#3889);
#3888 = CARTESIAN_POINT('',(0.318154910032,-7.818019555352E-02,1.101));
#3889 = VECTOR('',#3890,1.);
#3890 = DIRECTION('',(-1.,0.,0.));
#3891 = ORIENTED_EDGE('',*,*,#3892,.F.);
#3892 = EDGE_CURVE('',#3893,#3885,#3895,.T.);
#3893 = VERTEX_POINT('',#3894);
#3894 = CARTESIAN_POINT('',(0.323649293602,-5.549056107944E-02,1.101));
#3895 = CIRCLE('',#3896,6.532749866441E-02);
#3896 = AXIS2_PLACEMENT_3D('',#3897,#3898,#3899);
#3897 = CARTESIAN_POINT('',(0.258431403304,-5.170785478238E-02,1.101));
#3898 = DIRECTION('',(0.,0.,-1.));
#3899 = DIRECTION('',(0.971910234092,-0.23535185758,0.));
#3900 = ORIENTED_EDGE('',*,*,#3901,.F.);
#3901 = EDGE_CURVE('',#3902,#3893,#3904,.T.);
#3902 = VERTEX_POINT('',#3903);
#3903 = CARTESIAN_POINT('',(0.317898540481,-3.286940594467E-02,1.101));
#3904 = CIRCLE('',#3905,4.592275544233E-02);
#3905 = AXIS2_PLACEMENT_3D('',#3906,#3907,#3908);
#3906 = CARTESIAN_POINT('',(0.277728008181,-5.512312029039E-02,1.101));
#3907 = DIRECTION('',(0.,0.,-1.));
#3908 = DIRECTION('',(0.969172500805,0.246383164366,0.));
#3909 = ORIENTED_EDGE('',*,*,#3910,.F.);
#3910 = EDGE_CURVE('',#3911,#3902,#3913,.T.);
#3911 = VERTEX_POINT('',#3912);
#3912 = CARTESIAN_POINT('',(0.309206902226,-2.25037025202E-02,1.101));
#3913 = CIRCLE('',#3914,4.393259286637E-02);
#3914 = AXIS2_PLACEMENT_3D('',#3915,#3916,#3917);
#3915 = CARTESIAN_POINT('',(0.280289819538,-5.557748435379E-02,1.101));
#3916 = DIRECTION('',(0.,0.,-1.));
#3917 = DIRECTION('',(0.766270793305,0.642517759543,0.));
#3918 = ORIENTED_EDGE('',*,*,#3919,.F.);
#3919 = EDGE_CURVE('',#3920,#3911,#3922,.T.);
#3920 = VERTEX_POINT('',#3921);
#3921 = CARTESIAN_POINT('',(0.278775030248,-1.156724853057E-02,1.101));
#3922 = CIRCLE('',#3923,4.696720896352E-02);
#3923 = AXIS2_PLACEMENT_3D('',#3924,#3925,#3926);
#3924 = CARTESIAN_POINT('',(0.279077619892,-5.853348275612E-02,1.101));
#3925 = DIRECTION('',(0.,0.,-1.));
#3926 = DIRECTION('',(0.344254649178,0.938876315879,0.));
#3927 = ORIENTED_EDGE('',*,*,#3928,.F.);
#3928 = EDGE_CURVE('',#3778,#3920,#3929,.T.);
#3929 = LINE('',#3930,#3931);
#3930 = CARTESIAN_POINT('',(0.203819254698,-1.156724853057E-02,1.101));
#3931 = VECTOR('',#3932,1.);
#3932 = DIRECTION('',(1.,0.,0.));
#3933 = PLANE('',#3934);
#3934 = AXIS2_PLACEMENT_3D('',#3935,#3936,#3937);
#3935 = CARTESIAN_POINT('',(0.14496729765,-0.281377729896,1.101));
#3936 = DIRECTION('',(0.,0.,1.));
#3937 = DIRECTION('',(0.,-1.,0.));
#3938 = ADVANCED_FACE('',(#3939),#3964,.T.);
#3939 = FACE_BOUND('',#3940,.T.);
#3940 = EDGE_LOOP('',(#3941,#3942,#3950,#3958));
#3941 = ORIENTED_EDGE('',*,*,#3849,.T.);
#3942 = ORIENTED_EDGE('',*,*,#3943,.T.);
#3943 = EDGE_CURVE('',#3842,#3944,#3946,.T.);
#3944 = VERTEX_POINT('',#3945);
#3945 = CARTESIAN_POINT('',(0.203819254698,-4.835350285773E-02,1.1));
#3946 = LINE('',#3947,#3948);
#3947 = CARTESIAN_POINT('',(0.203819254698,-4.835350285773E-02,1.101));
#3948 = VECTOR('',#3949,1.);
#3949 = DIRECTION('',(0.,0.,-1.));
#3950 = ORIENTED_EDGE('',*,*,#3951,.T.);
#3951 = EDGE_CURVE('',#3944,#3952,#3954,.T.);
#3952 = VERTEX_POINT('',#3953);
#3953 = CARTESIAN_POINT('',(0.272420647899,-4.835350285773E-02,1.1));
#3954 = LINE('',#3955,#3956);
#3955 = CARTESIAN_POINT('',(0.203819254698,-4.835350285773E-02,1.1));
#3956 = VECTOR('',#3957,1.);
#3957 = DIRECTION('',(1.,0.,0.));
#3958 = ORIENTED_EDGE('',*,*,#3959,.F.);
#3959 = EDGE_CURVE('',#3850,#3952,#3960,.T.);
#3960 = LINE('',#3961,#3962);
#3961 = CARTESIAN_POINT('',(0.272420647899,-4.835350285773E-02,1.101));
#3962 = VECTOR('',#3963,1.);
#3963 = DIRECTION('',(0.,0.,-1.));
#3964 = PLANE('',#3965);
#3965 = AXIS2_PLACEMENT_3D('',#3966,#3967,#3968);
#3966 = CARTESIAN_POINT('',(0.203819254698,-4.835350285773E-02,1.1012));
#3967 = DIRECTION('',(0.,-1.,0.));
#3968 = DIRECTION('',(0.,0.,-1.));
#3969 = ADVANCED_FACE('',(#3970),#3988,.T.);
#3970 = FACE_BOUND('',#3971,.T.);
#3971 = EDGE_LOOP('',(#3972,#3973,#3981,#3987));
#3972 = ORIENTED_EDGE('',*,*,#3841,.T.);
#3973 = ORIENTED_EDGE('',*,*,#3974,.T.);
#3974 = EDGE_CURVE('',#3834,#3975,#3977,.T.);
#3975 = VERTEX_POINT('',#3976);
#3976 = CARTESIAN_POINT('',(0.203819254698,-7.619174937428E-02,1.1));
#3977 = LINE('',#3978,#3979);
#3978 = CARTESIAN_POINT('',(0.203819254698,-7.619174937428E-02,1.101));
#3979 = VECTOR('',#3980,1.);
#3980 = DIRECTION('',(0.,0.,-1.));
#3981 = ORIENTED_EDGE('',*,*,#3982,.T.);
#3982 = EDGE_CURVE('',#3975,#3944,#3983,.T.);
#3983 = LINE('',#3984,#3985);
#3984 = CARTESIAN_POINT('',(0.203819254698,-7.619174937428E-02,1.1));
#3985 = VECTOR('',#3986,1.);
#3986 = DIRECTION('',(0.,1.,0.));
#3987 = ORIENTED_EDGE('',*,*,#3943,.F.);
#3988 = PLANE('',#3989);
#3989 = AXIS2_PLACEMENT_3D('',#3990,#3991,#3992);
#3990 = CARTESIAN_POINT('',(0.203819254698,-7.619174937428E-02,1.1012));
#3991 = DIRECTION('',(1.,0.,0.));
#3992 = DIRECTION('',(0.,0.,1.));
#3993 = ADVANCED_FACE('',(#3994),#4012,.T.);
#3994 = FACE_BOUND('',#3995,.T.);
#3995 = EDGE_LOOP('',(#3996,#3997,#4005,#4011));
#3996 = ORIENTED_EDGE('',*,*,#3833,.T.);
#3997 = ORIENTED_EDGE('',*,*,#3998,.T.);
#3998 = EDGE_CURVE('',#3826,#3999,#4001,.T.);
#3999 = VERTEX_POINT('',#4000);
#4000 = CARTESIAN_POINT('',(0.175981008182,-7.619174937428E-02,1.1));
#4001 = LINE('',#4002,#4003);
#4002 = CARTESIAN_POINT('',(0.175981008182,-7.619174937428E-02,1.101));
#4003 = VECTOR('',#4004,1.);
#4004 = DIRECTION('',(0.,0.,-1.));
#4005 = ORIENTED_EDGE('',*,*,#4006,.T.);
#4006 = EDGE_CURVE('',#3999,#3975,#4007,.T.);
#4007 = LINE('',#4008,#4009);
#4008 = CARTESIAN_POINT('',(0.175981008182,-7.619174937428E-02,1.1));
#4009 = VECTOR('',#4010,1.);
#4010 = DIRECTION('',(1.,0.,0.));
#4011 = ORIENTED_EDGE('',*,*,#3974,.F.);
#4012 = PLANE('',#4013);
#4013 = AXIS2_PLACEMENT_3D('',#4014,#4015,#4016);
#4014 = CARTESIAN_POINT('',(0.175981008182,-7.619174937428E-02,1.1012));
#4015 = DIRECTION('',(0.,-1.,0.));
#4016 = DIRECTION('',(0.,0.,-1.));
#4017 = ADVANCED_FACE('',(#4018),#4036,.T.);
#4018 = FACE_BOUND('',#4019,.T.);
#4019 = EDGE_LOOP('',(#4020,#4021,#4029,#4035));
#4020 = ORIENTED_EDGE('',*,*,#3825,.T.);
#4021 = ORIENTED_EDGE('',*,*,#4022,.T.);
#4022 = EDGE_CURVE('',#3818,#4023,#4025,.T.);
#4023 = VERTEX_POINT('',#4024);
#4024 = CARTESIAN_POINT('',(0.175981008182,-4.835350285773E-02,1.1));
#4025 = LINE('',#4026,#4027);
#4026 = CARTESIAN_POINT('',(0.175981008182,-4.835350285773E-02,1.101));
#4027 = VECTOR('',#4028,1.);
#4028 = DIRECTION('',(0.,0.,-1.));
#4029 = ORIENTED_EDGE('',*,*,#4030,.T.);
#4030 = EDGE_CURVE('',#4023,#3999,#4031,.T.);
#4031 = LINE('',#4032,#4033);
#4032 = CARTESIAN_POINT('',(0.175981008182,-4.835350285773E-02,1.1));
#4033 = VECTOR('',#4034,1.);
#4034 = DIRECTION('',(0.,-1.,0.));
#4035 = ORIENTED_EDGE('',*,*,#3998,.F.);
#4036 = PLANE('',#4037);
#4037 = AXIS2_PLACEMENT_3D('',#4038,#4039,#4040);
#4038 = CARTESIAN_POINT('',(0.175981008182,-4.835350285773E-02,1.1012));
#4039 = DIRECTION('',(-1.,0.,0.));
#4040 = DIRECTION('',(0.,0.,-1.));
#4041 = ADVANCED_FACE('',(#4042),#4060,.T.);
#4042 = FACE_BOUND('',#4043,.T.);
#4043 = EDGE_LOOP('',(#4044,#4045,#4053,#4059));
#4044 = ORIENTED_EDGE('',*,*,#3817,.T.);
#4045 = ORIENTED_EDGE('',*,*,#4046,.T.);
#4046 = EDGE_CURVE('',#3810,#4047,#4049,.T.);
#4047 = VERTEX_POINT('',#4048);
#4048 = CARTESIAN_POINT('',(6.96308290244E-03,-4.835350285773E-02,1.1));
#4049 = LINE('',#4050,#4051);
#4050 = CARTESIAN_POINT('',(6.96308290244E-03,-4.835350285773E-02,1.101)
  );
#4051 = VECTOR('',#4052,1.);
#4052 = DIRECTION('',(0.,0.,-1.));
#4053 = ORIENTED_EDGE('',*,*,#4054,.T.);
#4054 = EDGE_CURVE('',#4047,#4023,#4055,.T.);
#4055 = LINE('',#4056,#4057);
#4056 = CARTESIAN_POINT('',(6.96308290244E-03,-4.835350285773E-02,1.1));
#4057 = VECTOR('',#4058,1.);
#4058 = DIRECTION('',(1.,0.,0.));
#4059 = ORIENTED_EDGE('',*,*,#4022,.F.);
#4060 = PLANE('',#4061);
#4061 = AXIS2_PLACEMENT_3D('',#4062,#4063,#4064);
#4062 = CARTESIAN_POINT('',(6.96308290244E-03,-4.835350285773E-02,1.1012
    ));
#4063 = DIRECTION('',(0.,-1.,0.));
#4064 = DIRECTION('',(0.,0.,-1.));
#4065 = ADVANCED_FACE('',(#4066),#4084,.T.);
#4066 = FACE_BOUND('',#4067,.T.);
#4067 = EDGE_LOOP('',(#4068,#4069,#4077,#4083));
#4068 = ORIENTED_EDGE('',*,*,#3809,.T.);
#4069 = ORIENTED_EDGE('',*,*,#4070,.T.);
#4070 = EDGE_CURVE('',#3802,#4071,#4073,.T.);
#4071 = VERTEX_POINT('',#4072);
#4072 = CARTESIAN_POINT('',(6.96308290244E-03,-1.156724853057E-02,1.1));
#4073 = LINE('',#4074,#4075);
#4074 = CARTESIAN_POINT('',(6.96308290244E-03,-1.156724853057E-02,1.101)
  );
#4075 = VECTOR('',#4076,1.);
#4076 = DIRECTION('',(0.,0.,-1.));
#4077 = ORIENTED_EDGE('',*,*,#4078,.T.);
#4078 = EDGE_CURVE('',#4071,#4047,#4079,.T.);
#4079 = LINE('',#4080,#4081);
#4080 = CARTESIAN_POINT('',(6.96308290244E-03,-1.156724853057E-02,1.1));
#4081 = VECTOR('',#4082,1.);
#4082 = DIRECTION('',(0.,-1.,0.));
#4083 = ORIENTED_EDGE('',*,*,#4046,.F.);
#4084 = PLANE('',#4085);
#4085 = AXIS2_PLACEMENT_3D('',#4086,#4087,#4088);
#4086 = CARTESIAN_POINT('',(6.96308290244E-03,-1.156724853057E-02,1.1012
    ));
#4087 = DIRECTION('',(-1.,0.,0.));
#4088 = DIRECTION('',(0.,0.,-1.));
#4089 = ADVANCED_FACE('',(#4090),#4108,.T.);
#4090 = FACE_BOUND('',#4091,.T.);
#4091 = EDGE_LOOP('',(#4092,#4093,#4101,#4107));
#4092 = ORIENTED_EDGE('',*,*,#3801,.T.);
#4093 = ORIENTED_EDGE('',*,*,#4094,.T.);
#4094 = EDGE_CURVE('',#3794,#4095,#4097,.T.);
#4095 = VERTEX_POINT('',#4096);
#4096 = CARTESIAN_POINT('',(0.175981008182,-1.156724853057E-02,1.1));
#4097 = LINE('',#4098,#4099);
#4098 = CARTESIAN_POINT('',(0.175981008182,-1.156724853057E-02,1.101));
#4099 = VECTOR('',#4100,1.);
#4100 = DIRECTION('',(0.,0.,-1.));
#4101 = ORIENTED_EDGE('',*,*,#4102,.T.);
#4102 = EDGE_CURVE('',#4095,#4071,#4103,.T.);
#4103 = LINE('',#4104,#4105);
#4104 = CARTESIAN_POINT('',(0.175981008182,-1.156724853057E-02,1.1));
#4105 = VECTOR('',#4106,1.);
#4106 = DIRECTION('',(-1.,0.,0.));
#4107 = ORIENTED_EDGE('',*,*,#4070,.F.);
#4108 = PLANE('',#4109);
#4109 = AXIS2_PLACEMENT_3D('',#4110,#4111,#4112);
#4110 = CARTESIAN_POINT('',(0.175981008182,-1.156724853057E-02,1.1012));
#4111 = DIRECTION('',(0.,1.,0.));
#4112 = DIRECTION('',(0.,-0.,1.));
#4113 = ADVANCED_FACE('',(#4114),#4132,.T.);
#4114 = FACE_BOUND('',#4115,.T.);
#4115 = EDGE_LOOP('',(#4116,#4117,#4125,#4131));
#4116 = ORIENTED_EDGE('',*,*,#3793,.T.);
#4117 = ORIENTED_EDGE('',*,*,#4118,.T.);
#4118 = EDGE_CURVE('',#3786,#4119,#4121,.T.);
#4119 = VERTEX_POINT('',#4120);
#4120 = CARTESIAN_POINT('',(0.175981008182,8.317213265315E-03,1.1));
#4121 = LINE('',#4122,#4123);
#4122 = CARTESIAN_POINT('',(0.175981008182,8.317213265315E-03,1.101));
#4123 = VECTOR('',#4124,1.);
#4124 = DIRECTION('',(0.,0.,-1.));
#4125 = ORIENTED_EDGE('',*,*,#4126,.T.);
#4126 = EDGE_CURVE('',#4119,#4095,#4127,.T.);
#4127 = LINE('',#4128,#4129);
#4128 = CARTESIAN_POINT('',(0.175981008182,8.317213265315E-03,1.1));
#4129 = VECTOR('',#4130,1.);
#4130 = DIRECTION('',(0.,-1.,0.));
#4131 = ORIENTED_EDGE('',*,*,#4094,.F.);
#4132 = PLANE('',#4133);
#4133 = AXIS2_PLACEMENT_3D('',#4134,#4135,#4136);
#4134 = CARTESIAN_POINT('',(0.175981008182,8.317213265315E-03,1.1012));
#4135 = DIRECTION('',(-1.,0.,0.));
#4136 = DIRECTION('',(0.,0.,-1.));
#4137 = ADVANCED_FACE('',(#4138),#4156,.T.);
#4138 = FACE_BOUND('',#4139,.T.);
#4139 = EDGE_LOOP('',(#4140,#4141,#4149,#4155));
#4140 = ORIENTED_EDGE('',*,*,#3785,.T.);
#4141 = ORIENTED_EDGE('',*,*,#4142,.T.);
#4142 = EDGE_CURVE('',#3776,#4143,#4145,.T.);
#4143 = VERTEX_POINT('',#4144);
#4144 = CARTESIAN_POINT('',(0.203819254698,8.317213265315E-03,1.1));
#4145 = LINE('',#4146,#4147);
#4146 = CARTESIAN_POINT('',(0.203819254698,8.317213265315E-03,1.101));
#4147 = VECTOR('',#4148,1.);
#4148 = DIRECTION('',(0.,0.,-1.));
#4149 = ORIENTED_EDGE('',*,*,#4150,.T.);
#4150 = EDGE_CURVE('',#4143,#4119,#4151,.T.);
#4151 = LINE('',#4152,#4153);
#4152 = CARTESIAN_POINT('',(0.203819254698,8.317213265315E-03,1.1));
#4153 = VECTOR('',#4154,1.);
#4154 = DIRECTION('',(-1.,0.,0.));
#4155 = ORIENTED_EDGE('',*,*,#4118,.F.);
#4156 = PLANE('',#4157);
#4157 = AXIS2_PLACEMENT_3D('',#4158,#4159,#4160);
#4158 = CARTESIAN_POINT('',(0.203819254698,8.317213265315E-03,1.1012));
#4159 = DIRECTION('',(0.,1.,0.));
#4160 = DIRECTION('',(0.,-0.,1.));
#4161 = ADVANCED_FACE('',(#4162),#4180,.T.);
#4162 = FACE_BOUND('',#4163,.T.);
#4163 = EDGE_LOOP('',(#4164,#4165,#4173,#4179));
#4164 = ORIENTED_EDGE('',*,*,#3775,.T.);
#4165 = ORIENTED_EDGE('',*,*,#4166,.T.);
#4166 = EDGE_CURVE('',#3778,#4167,#4169,.T.);
#4167 = VERTEX_POINT('',#4168);
#4168 = CARTESIAN_POINT('',(0.203819254698,-1.156724853057E-02,1.1));
#4169 = LINE('',#4170,#4171);
#4170 = CARTESIAN_POINT('',(0.203819254698,-1.156724853057E-02,1.101));
#4171 = VECTOR('',#4172,1.);
#4172 = DIRECTION('',(0.,0.,-1.));
#4173 = ORIENTED_EDGE('',*,*,#4174,.T.);
#4174 = EDGE_CURVE('',#4167,#4143,#4175,.T.);
#4175 = LINE('',#4176,#4177);
#4176 = CARTESIAN_POINT('',(0.203819254698,-1.156724853057E-02,1.1));
#4177 = VECTOR('',#4178,1.);
#4178 = DIRECTION('',(0.,1.,0.));
#4179 = ORIENTED_EDGE('',*,*,#4142,.F.);
#4180 = PLANE('',#4181);
#4181 = AXIS2_PLACEMENT_3D('',#4182,#4183,#4184);
#4182 = CARTESIAN_POINT('',(0.203819254698,-1.156724853057E-02,1.1012));
#4183 = DIRECTION('',(1.,0.,0.));
#4184 = DIRECTION('',(0.,0.,1.));
#4185 = ADVANCED_FACE('',(#4186),#4205,.F.);
#4186 = FACE_BOUND('',#4187,.F.);
#4187 = EDGE_LOOP('',(#4188,#4196,#4203,#4204));
#4188 = ORIENTED_EDGE('',*,*,#4189,.T.);
#4189 = EDGE_CURVE('',#3858,#4190,#4192,.T.);
#4190 = VERTEX_POINT('',#4191);
#4191 = CARTESIAN_POINT('',(0.28037443262,-4.9788608209E-02,1.1));
#4192 = LINE('',#4193,#4194);
#4193 = CARTESIAN_POINT('',(0.28037443262,-4.9788608209E-02,1.101));
#4194 = VECTOR('',#4195,1.);
#4195 = DIRECTION('',(0.,0.,-1.));
#4196 = ORIENTED_EDGE('',*,*,#4197,.F.);
#4197 = EDGE_CURVE('',#3952,#4190,#4198,.T.);
#4198 = CIRCLE('',#4199,2.000971864423E-02);
#4199 = AXIS2_PLACEMENT_3D('',#4200,#4201,#4202);
#4200 = CARTESIAN_POINT('',(0.272917759443,-6.83570455522E-02,1.1));
#4201 = DIRECTION('',(0.,0.,-1.));
#4202 = DIRECTION('',(0.177563345913,0.984109373082,0.));
#4203 = ORIENTED_EDGE('',*,*,#3959,.F.);
#4204 = ORIENTED_EDGE('',*,*,#3857,.F.);
#4205 = CYLINDRICAL_SURFACE('',#4206,2.000971864423E-02);
#4206 = AXIS2_PLACEMENT_3D('',#4207,#4208,#4209);
#4207 = CARTESIAN_POINT('',(0.272917759443,-6.83570455522E-02,1.1012));
#4208 = DIRECTION('',(0.,0.,-1.));
#4209 = DIRECTION('',(0.177563345913,0.984109373082,0.));
#4210 = ADVANCED_FACE('',(#4211),#4230,.F.);
#4211 = FACE_BOUND('',#4212,.F.);
#4212 = EDGE_LOOP('',(#4213,#4221,#4228,#4229));
#4213 = ORIENTED_EDGE('',*,*,#4214,.T.);
#4214 = EDGE_CURVE('',#3867,#4215,#4217,.T.);
#4215 = VERTEX_POINT('',#4216);
#4216 = CARTESIAN_POINT('',(0.288673952341,-6.374608950647E-02,1.1));
#4217 = LINE('',#4218,#4219);
#4218 = CARTESIAN_POINT('',(0.288673952341,-6.374608950647E-02,1.101));
#4219 = VECTOR('',#4220,1.);
#4220 = DIRECTION('',(0.,0.,-1.));
#4221 = ORIENTED_EDGE('',*,*,#4222,.F.);
#4222 = EDGE_CURVE('',#4190,#4215,#4223,.T.);
#4223 = CIRCLE('',#4224,1.522728064895E-02);
#4224 = AXIS2_PLACEMENT_3D('',#4225,#4226,#4227);
#4225 = CARTESIAN_POINT('',(0.273451789837,-6.335131785208E-02,1.1));
#4226 = DIRECTION('',(0.,0.,-1.));
#4227 = DIRECTION('',(0.859522989688,0.511097084904,0.));
#4228 = ORIENTED_EDGE('',*,*,#4189,.F.);
#4229 = ORIENTED_EDGE('',*,*,#3866,.F.);
#4230 = CYLINDRICAL_SURFACE('',#4231,1.522728064895E-02);
#4231 = AXIS2_PLACEMENT_3D('',#4232,#4233,#4234);
#4232 = CARTESIAN_POINT('',(0.273451789837,-6.335131785208E-02,1.1012));
#4233 = DIRECTION('',(0.,0.,-1.));
#4234 = DIRECTION('',(0.859522989688,0.511097084904,0.));
#4235 = ADVANCED_FACE('',(#4236),#4255,.F.);
#4236 = FACE_BOUND('',#4237,.F.);
#4237 = EDGE_LOOP('',(#4238,#4246,#4253,#4254));
#4238 = ORIENTED_EDGE('',*,*,#4239,.T.);
#4239 = EDGE_CURVE('',#3876,#4240,#4242,.T.);
#4240 = VERTEX_POINT('',#4241);
#4241 = CARTESIAN_POINT('',(0.285345548067,-7.818019555352E-02,1.1));
#4242 = LINE('',#4243,#4244);
#4243 = CARTESIAN_POINT('',(0.285345548067,-7.818019555352E-02,1.101));
#4244 = VECTOR('',#4245,1.);
#4245 = DIRECTION('',(0.,0.,-1.));
#4246 = ORIENTED_EDGE('',*,*,#4247,.F.);
#4247 = EDGE_CURVE('',#4215,#4240,#4248,.T.);
#4248 = CIRCLE('',#4249,3.184638772089E-02);
#4249 = AXIS2_PLACEMENT_3D('',#4250,#4251,#4252);
#4250 = CARTESIAN_POINT('',(0.2568286056,-6.400358089524E-02,1.1));
#4251 = DIRECTION('',(0.,0.,-1.));
#4252 = DIRECTION('',(0.974428800284,-0.224696491244,0.));
#4253 = ORIENTED_EDGE('',*,*,#4214,.F.);
#4254 = ORIENTED_EDGE('',*,*,#3875,.F.);
#4255 = CYLINDRICAL_SURFACE('',#4256,3.184638772089E-02);
#4256 = AXIS2_PLACEMENT_3D('',#4257,#4258,#4259);
#4257 = CARTESIAN_POINT('',(0.2568286056,-6.400358089524E-02,1.1012));
#4258 = DIRECTION('',(0.,0.,-1.));
#4259 = DIRECTION('',(0.974428800284,-0.224696491244,0.));
#4260 = ADVANCED_FACE('',(#4261),#4279,.T.);
#4261 = FACE_BOUND('',#4262,.T.);
#4262 = EDGE_LOOP('',(#4263,#4264,#4265,#4273));
#4263 = ORIENTED_EDGE('',*,*,#3884,.T.);
#4264 = ORIENTED_EDGE('',*,*,#4239,.T.);
#4265 = ORIENTED_EDGE('',*,*,#4266,.T.);
#4266 = EDGE_CURVE('',#4240,#4267,#4269,.T.);
#4267 = VERTEX_POINT('',#4268);
#4268 = CARTESIAN_POINT('',(0.318154910032,-7.818019555352E-02,1.1));
#4269 = LINE('',#4270,#4271);
#4270 = CARTESIAN_POINT('',(0.285345548067,-7.818019555352E-02,1.1));
#4271 = VECTOR('',#4272,1.);
#4272 = DIRECTION('',(1.,0.,0.));
#4273 = ORIENTED_EDGE('',*,*,#4274,.F.);
#4274 = EDGE_CURVE('',#3885,#4267,#4275,.T.);
#4275 = LINE('',#4276,#4277);
#4276 = CARTESIAN_POINT('',(0.318154910032,-7.818019555352E-02,1.101));
#4277 = VECTOR('',#4278,1.);
#4278 = DIRECTION('',(0.,0.,-1.));
#4279 = PLANE('',#4280);
#4280 = AXIS2_PLACEMENT_3D('',#4281,#4282,#4283);
#4281 = CARTESIAN_POINT('',(0.285345548067,-7.818019555352E-02,1.1012));
#4282 = DIRECTION('',(0.,-1.,0.));
#4283 = DIRECTION('',(0.,0.,-1.));
#4284 = ADVANCED_FACE('',(#4285),#4304,.T.);
#4285 = FACE_BOUND('',#4286,.T.);
#4286 = EDGE_LOOP('',(#4287,#4288,#4289,#4298));
#4287 = ORIENTED_EDGE('',*,*,#3892,.T.);
#4288 = ORIENTED_EDGE('',*,*,#4274,.T.);
#4289 = ORIENTED_EDGE('',*,*,#4290,.T.);
#4290 = EDGE_CURVE('',#4267,#4291,#4293,.T.);
#4291 = VERTEX_POINT('',#4292);
#4292 = CARTESIAN_POINT('',(0.323649293602,-5.549056107944E-02,1.1));
#4293 = CIRCLE('',#4294,6.532749866441E-02);
#4294 = AXIS2_PLACEMENT_3D('',#4295,#4296,#4297);
#4295 = CARTESIAN_POINT('',(0.258431403304,-5.170785478238E-02,1.1));
#4296 = DIRECTION('',(0.,0.,1.));
#4297 = DIRECTION('',(0.971910234092,-0.23535185758,0.));
#4298 = ORIENTED_EDGE('',*,*,#4299,.F.);
#4299 = EDGE_CURVE('',#3893,#4291,#4300,.T.);
#4300 = LINE('',#4301,#4302);
#4301 = CARTESIAN_POINT('',(0.323649293602,-5.549056107944E-02,1.101));
#4302 = VECTOR('',#4303,1.);
#4303 = DIRECTION('',(0.,0.,-1.));
#4304 = CYLINDRICAL_SURFACE('',#4305,6.532749866441E-02);
#4305 = AXIS2_PLACEMENT_3D('',#4306,#4307,#4308);
#4306 = CARTESIAN_POINT('',(0.258431403304,-5.170785478238E-02,1.1012));
#4307 = DIRECTION('',(0.,0.,-1.));
#4308 = DIRECTION('',(0.971910234092,-0.23535185758,0.));
#4309 = ADVANCED_FACE('',(#4310),#4329,.T.);
#4310 = FACE_BOUND('',#4311,.T.);
#4311 = EDGE_LOOP('',(#4312,#4313,#4314,#4323));
#4312 = ORIENTED_EDGE('',*,*,#3901,.T.);
#4313 = ORIENTED_EDGE('',*,*,#4299,.T.);
#4314 = ORIENTED_EDGE('',*,*,#4315,.T.);
#4315 = EDGE_CURVE('',#4291,#4316,#4318,.T.);
#4316 = VERTEX_POINT('',#4317);
#4317 = CARTESIAN_POINT('',(0.317898540481,-3.286940594467E-02,1.1));
#4318 = CIRCLE('',#4319,4.592275544233E-02);
#4319 = AXIS2_PLACEMENT_3D('',#4320,#4321,#4322);
#4320 = CARTESIAN_POINT('',(0.277728008181,-5.512312029039E-02,1.1));
#4321 = DIRECTION('',(0.,0.,1.));
#4322 = DIRECTION('',(0.969172500805,0.246383164366,-0.));
#4323 = ORIENTED_EDGE('',*,*,#4324,.F.);
#4324 = EDGE_CURVE('',#3902,#4316,#4325,.T.);
#4325 = LINE('',#4326,#4327);
#4326 = CARTESIAN_POINT('',(0.317898540481,-3.286940594467E-02,1.101));
#4327 = VECTOR('',#4328,1.);
#4328 = DIRECTION('',(0.,0.,-1.));
#4329 = CYLINDRICAL_SURFACE('',#4330,4.592275544233E-02);
#4330 = AXIS2_PLACEMENT_3D('',#4331,#4332,#4333);
#4331 = CARTESIAN_POINT('',(0.277728008181,-5.512312029039E-02,1.1012));
#4332 = DIRECTION('',(0.,0.,-1.));
#4333 = DIRECTION('',(0.969172500805,0.246383164366,0.));
#4334 = ADVANCED_FACE('',(#4335),#4354,.T.);
#4335 = FACE_BOUND('',#4336,.T.);
#4336 = EDGE_LOOP('',(#4337,#4338,#4339,#4348));
#4337 = ORIENTED_EDGE('',*,*,#3910,.T.);
#4338 = ORIENTED_EDGE('',*,*,#4324,.T.);
#4339 = ORIENTED_EDGE('',*,*,#4340,.T.);
#4340 = EDGE_CURVE('',#4316,#4341,#4343,.T.);
#4341 = VERTEX_POINT('',#4342);
#4342 = CARTESIAN_POINT('',(0.309206902226,-2.25037025202E-02,1.1));
#4343 = CIRCLE('',#4344,4.393259286637E-02);
#4344 = AXIS2_PLACEMENT_3D('',#4345,#4346,#4347);
#4345 = CARTESIAN_POINT('',(0.280289819538,-5.557748435379E-02,1.1));
#4346 = DIRECTION('',(0.,0.,1.));
#4347 = DIRECTION('',(0.766270793305,0.642517759543,-0.));
#4348 = ORIENTED_EDGE('',*,*,#4349,.F.);
#4349 = EDGE_CURVE('',#3911,#4341,#4350,.T.);
#4350 = LINE('',#4351,#4352);
#4351 = CARTESIAN_POINT('',(0.309206902226,-2.25037025202E-02,1.101));
#4352 = VECTOR('',#4353,1.);
#4353 = DIRECTION('',(0.,0.,-1.));
#4354 = CYLINDRICAL_SURFACE('',#4355,4.393259286637E-02);
#4355 = AXIS2_PLACEMENT_3D('',#4356,#4357,#4358);
#4356 = CARTESIAN_POINT('',(0.280289819538,-5.557748435379E-02,1.1012));
#4357 = DIRECTION('',(0.,0.,-1.));
#4358 = DIRECTION('',(0.766270793305,0.642517759543,0.));
#4359 = ADVANCED_FACE('',(#4360),#4379,.T.);
#4360 = FACE_BOUND('',#4361,.T.);
#4361 = EDGE_LOOP('',(#4362,#4363,#4364,#4373));
#4362 = ORIENTED_EDGE('',*,*,#3919,.T.);
#4363 = ORIENTED_EDGE('',*,*,#4349,.T.);
#4364 = ORIENTED_EDGE('',*,*,#4365,.T.);
#4365 = EDGE_CURVE('',#4341,#4366,#4368,.T.);
#4366 = VERTEX_POINT('',#4367);
#4367 = CARTESIAN_POINT('',(0.278775030248,-1.156724853057E-02,1.1));
#4368 = CIRCLE('',#4369,4.696720896352E-02);
#4369 = AXIS2_PLACEMENT_3D('',#4370,#4371,#4372);
#4370 = CARTESIAN_POINT('',(0.279077619892,-5.853348275612E-02,1.1));
#4371 = DIRECTION('',(0.,0.,1.));
#4372 = DIRECTION('',(0.344254649178,0.938876315879,-0.));
#4373 = ORIENTED_EDGE('',*,*,#4374,.F.);
#4374 = EDGE_CURVE('',#3920,#4366,#4375,.T.);
#4375 = LINE('',#4376,#4377);
#4376 = CARTESIAN_POINT('',(0.278775030248,-1.156724853057E-02,1.101));
#4377 = VECTOR('',#4378,1.);
#4378 = DIRECTION('',(0.,0.,-1.));
#4379 = CYLINDRICAL_SURFACE('',#4380,4.696720896352E-02);
#4380 = AXIS2_PLACEMENT_3D('',#4381,#4382,#4383);
#4381 = CARTESIAN_POINT('',(0.279077619892,-5.853348275612E-02,1.1012));
#4382 = DIRECTION('',(0.,0.,-1.));
#4383 = DIRECTION('',(0.344254649178,0.938876315879,0.));
#4384 = ADVANCED_FACE('',(#4385),#4396,.T.);
#4385 = FACE_BOUND('',#4386,.T.);
#4386 = EDGE_LOOP('',(#4387,#4388,#4389,#4395));
#4387 = ORIENTED_EDGE('',*,*,#3928,.T.);
#4388 = ORIENTED_EDGE('',*,*,#4374,.T.);
#4389 = ORIENTED_EDGE('',*,*,#4390,.T.);
#4390 = EDGE_CURVE('',#4366,#4167,#4391,.T.);
#4391 = LINE('',#4392,#4393);
#4392 = CARTESIAN_POINT('',(0.278775030248,-1.156724853057E-02,1.1));
#4393 = VECTOR('',#4394,1.);
#4394 = DIRECTION('',(-1.,0.,0.));
#4395 = ORIENTED_EDGE('',*,*,#4166,.F.);
#4396 = PLANE('',#4397);
#4397 = AXIS2_PLACEMENT_3D('',#4398,#4399,#4400);
#4398 = CARTESIAN_POINT('',(0.278775030248,-1.156724853057E-02,1.1012));
#4399 = DIRECTION('',(0.,1.,0.));
#4400 = DIRECTION('',(0.,-0.,1.));
#4401 = ADVANCED_FACE('',(#4402),#4423,.F.);
#4402 = FACE_BOUND('',#4403,.T.);
#4403 = EDGE_LOOP('',(#4404,#4405,#4406,#4407,#4408,#4409,#4410,#4411,
    #4412,#4413,#4414,#4415,#4416,#4417,#4418,#4419,#4420,#4421,#4422));
#4404 = ORIENTED_EDGE('',*,*,#4174,.F.);
#4405 = ORIENTED_EDGE('',*,*,#4390,.F.);
#4406 = ORIENTED_EDGE('',*,*,#4365,.F.);
#4407 = ORIENTED_EDGE('',*,*,#4340,.F.);
#4408 = ORIENTED_EDGE('',*,*,#4315,.F.);
#4409 = ORIENTED_EDGE('',*,*,#4290,.F.);
#4410 = ORIENTED_EDGE('',*,*,#4266,.F.);
#4411 = ORIENTED_EDGE('',*,*,#4247,.F.);
#4412 = ORIENTED_EDGE('',*,*,#4222,.F.);
#4413 = ORIENTED_EDGE('',*,*,#4197,.F.);
#4414 = ORIENTED_EDGE('',*,*,#3951,.F.);
#4415 = ORIENTED_EDGE('',*,*,#3982,.F.);
#4416 = ORIENTED_EDGE('',*,*,#4006,.F.);
#4417 = ORIENTED_EDGE('',*,*,#4030,.F.);
#4418 = ORIENTED_EDGE('',*,*,#4054,.F.);
#4419 = ORIENTED_EDGE('',*,*,#4078,.F.);
#4420 = ORIENTED_EDGE('',*,*,#4102,.F.);
#4421 = ORIENTED_EDGE('',*,*,#4126,.F.);
#4422 = ORIENTED_EDGE('',*,*,#4150,.F.);
#4423 = PLANE('',#4424);
#4424 = AXIS2_PLACEMENT_3D('',#4425,#4426,#4427);
#4425 = CARTESIAN_POINT('',(0.164646771177,-4.762760748212E-03,1.1));
#4426 = DIRECTION('',(0.,0.,1.));
#4427 = DIRECTION('',(1.,0.,-0.));
#4428 = MANIFOLD_SOLID_BREP('',#4429);
#4429 = CLOSED_SHELL('',(#4430,#4472,#4488,#4506));
#4430 = ADVANCED_FACE('',(#4431),#4467,.T.);
#4431 = FACE_BOUND('',#4432,.T.);
#4432 = EDGE_LOOP('',(#4433,#4443,#4452,#4460));
#4433 = ORIENTED_EDGE('',*,*,#4434,.F.);
#4434 = EDGE_CURVE('',#4435,#4437,#4439,.T.);
#4435 = VERTEX_POINT('',#4436);
#4436 = CARTESIAN_POINT('',(0.263795558441,-0.141480556521,1.1));
#4437 = VERTEX_POINT('',#4438);
#4438 = CARTESIAN_POINT('',(0.263795558441,-0.141480556521,1.101));
#4439 = LINE('',#4440,#4441);
#4440 = CARTESIAN_POINT('',(0.263795558441,-0.141480556521,1.1));
#4441 = VECTOR('',#4442,1.);
#4442 = DIRECTION('',(0.,0.,1.));
#4443 = ORIENTED_EDGE('',*,*,#4444,.T.);
#4444 = EDGE_CURVE('',#4435,#4445,#4447,.T.);
#4445 = VERTEX_POINT('',#4446);
#4446 = CARTESIAN_POINT('',(0.263795558441,-9.441768177801E-02,1.1));
#4447 = CIRCLE('',#4448,2.353143737163E-02);
#4448 = AXIS2_PLACEMENT_3D('',#4449,#4450,#4451);
#4449 = CARTESIAN_POINT('',(0.263795558441,-0.11794911915,1.1));
#4450 = DIRECTION('',(0.,0.,1.));
#4451 = DIRECTION('',(0.,-1.,0.));
#4452 = ORIENTED_EDGE('',*,*,#4453,.T.);
#4453 = EDGE_CURVE('',#4445,#4454,#4456,.T.);
#4454 = VERTEX_POINT('',#4455);
#4455 = CARTESIAN_POINT('',(0.263795558441,-9.441768177802E-02,1.101));
#4456 = LINE('',#4457,#4458);
#4457 = CARTESIAN_POINT('',(0.263795558441,-9.441768177802E-02,1.1));
#4458 = VECTOR('',#4459,1.);
#4459 = DIRECTION('',(0.,0.,1.));
#4460 = ORIENTED_EDGE('',*,*,#4461,.T.);
#4461 = EDGE_CURVE('',#4454,#4437,#4462,.T.);
#4462 = CIRCLE('',#4463,2.353143737163E-02);
#4463 = AXIS2_PLACEMENT_3D('',#4464,#4465,#4466);
#4464 = CARTESIAN_POINT('',(0.263795558441,-0.11794911915,1.101));
#4465 = DIRECTION('',(0.,0.,-1.));
#4466 = DIRECTION('',(0.,-1.,0.));
#4467 = CYLINDRICAL_SURFACE('',#4468,2.353143737163E-02);
#4468 = AXIS2_PLACEMENT_3D('',#4469,#4470,#4471);
#4469 = CARTESIAN_POINT('',(0.263795558441,-0.11794911915,1.1012));
#4470 = DIRECTION('',(0.,0.,-1.));
#4471 = DIRECTION('',(0.,-1.,0.));
#4472 = ADVANCED_FACE('',(#4473),#4483,.F.);
#4473 = FACE_BOUND('',#4474,.T.);
#4474 = EDGE_LOOP('',(#4475,#4482));
#4475 = ORIENTED_EDGE('',*,*,#4476,.F.);
#4476 = EDGE_CURVE('',#4445,#4435,#4477,.T.);
#4477 = CIRCLE('',#4478,2.353143737163E-02);
#4478 = AXIS2_PLACEMENT_3D('',#4479,#4480,#4481);
#4479 = CARTESIAN_POINT('',(0.263795558441,-0.11794911915,1.1));
#4480 = DIRECTION('',(0.,0.,1.));
#4481 = DIRECTION('',(0.,-1.,0.));
#4482 = ORIENTED_EDGE('',*,*,#4444,.F.);
#4483 = PLANE('',#4484);
#4484 = AXIS2_PLACEMENT_3D('',#4485,#4486,#4487);
#4485 = CARTESIAN_POINT('',(0.164646771177,-4.762760748212E-03,1.1));
#4486 = DIRECTION('',(0.,0.,1.));
#4487 = DIRECTION('',(1.,0.,-0.));
#4488 = ADVANCED_FACE('',(#4489),#4501,.T.);
#4489 = FACE_BOUND('',#4490,.T.);
#4490 = EDGE_LOOP('',(#4491,#4492,#4499,#4500));
#4491 = ORIENTED_EDGE('',*,*,#4434,.T.);
#4492 = ORIENTED_EDGE('',*,*,#4493,.T.);
#4493 = EDGE_CURVE('',#4437,#4454,#4494,.T.);
#4494 = CIRCLE('',#4495,2.353143737163E-02);
#4495 = AXIS2_PLACEMENT_3D('',#4496,#4497,#4498);
#4496 = CARTESIAN_POINT('',(0.263795558441,-0.11794911915,1.101));
#4497 = DIRECTION('',(0.,0.,-1.));
#4498 = DIRECTION('',(0.,-1.,0.));
#4499 = ORIENTED_EDGE('',*,*,#4453,.F.);
#4500 = ORIENTED_EDGE('',*,*,#4476,.T.);
#4501 = CYLINDRICAL_SURFACE('',#4502,2.353143737163E-02);
#4502 = AXIS2_PLACEMENT_3D('',#4503,#4504,#4505);
#4503 = CARTESIAN_POINT('',(0.263795558441,-0.11794911915,1.1012));
#4504 = DIRECTION('',(0.,0.,-1.));
#4505 = DIRECTION('',(0.,-1.,0.));
#4506 = ADVANCED_FACE('',(#4507),#4511,.T.);
#4507 = FACE_BOUND('',#4508,.T.);
#4508 = EDGE_LOOP('',(#4509,#4510));
#4509 = ORIENTED_EDGE('',*,*,#4461,.F.);
#4510 = ORIENTED_EDGE('',*,*,#4493,.F.);
#4511 = PLANE('',#4512);
#4512 = AXIS2_PLACEMENT_3D('',#4513,#4514,#4515);
#4513 = CARTESIAN_POINT('',(0.14496729765,-0.281377729896,1.101));
#4514 = DIRECTION('',(0.,0.,1.));
#4515 = DIRECTION('',(0.,-1.,0.));
#4516 = MANIFOLD_SOLID_BREP('',#4517);
#4517 = CLOSED_SHELL('',(#4518,#4653,#4685,#4710,#4735,#4759,#4783,#4807
    ,#4831,#4855,#4879,#4903,#4927,#4952,#4977,#5002,#5020));
#4518 = ADVANCED_FACE('',(#4519),#4648,.T.);
#4519 = FACE_BOUND('',#4520,.T.);
#4520 = EDGE_LOOP('',(#4521,#4531,#4539,#4547,#4555,#4563,#4572,#4581,
    #4590,#4598,#4606,#4614,#4623,#4632,#4641));
#4521 = ORIENTED_EDGE('',*,*,#4522,.F.);
#4522 = EDGE_CURVE('',#4523,#4525,#4527,.T.);
#4523 = VERTEX_POINT('',#4524);
#4524 = CARTESIAN_POINT('',(0.203819254698,-0.690448657624,1.101));
#4525 = VERTEX_POINT('',#4526);
#4526 = CARTESIAN_POINT('',(0.18492901599,-0.690448657624,1.101));
#4527 = LINE('',#4528,#4529);
#4528 = CARTESIAN_POINT('',(0.203819254698,-0.690448657624,1.101));
#4529 = VECTOR('',#4530,1.);
#4530 = DIRECTION('',(-1.,0.,0.));
#4531 = ORIENTED_EDGE('',*,*,#4532,.F.);
#4532 = EDGE_CURVE('',#4533,#4523,#4535,.T.);
#4533 = VERTEX_POINT('',#4534);
#4534 = CARTESIAN_POINT('',(0.203819254698,-0.654656626389,1.101));
#4535 = LINE('',#4536,#4537);
#4536 = CARTESIAN_POINT('',(0.203819254698,-0.654656626389,1.101));
#4537 = VECTOR('',#4538,1.);
#4538 = DIRECTION('',(0.,-1.,0.));
#4539 = ORIENTED_EDGE('',*,*,#4540,.F.);
#4540 = EDGE_CURVE('',#4541,#4533,#4543,.T.);
#4541 = VERTEX_POINT('',#4542);
#4542 = CARTESIAN_POINT('',(6.96308290244E-03,-0.654656626389,1.101));
#4543 = LINE('',#4544,#4545);
#4544 = CARTESIAN_POINT('',(6.96308290244E-03,-0.654656626389,1.101));
#4545 = VECTOR('',#4546,1.);
#4546 = DIRECTION('',(1.,0.,0.));
#4547 = ORIENTED_EDGE('',*,*,#4548,.F.);
#4548 = EDGE_CURVE('',#4549,#4541,#4551,.T.);
#4549 = VERTEX_POINT('',#4550);
#4550 = CARTESIAN_POINT('',(6.96308290244E-03,-0.691442880716,1.101));
#4551 = LINE('',#4552,#4553);
#4552 = CARTESIAN_POINT('',(6.96308290244E-03,-0.691442880716,1.101));
#4553 = VECTOR('',#4554,1.);
#4554 = DIRECTION('',(0.,1.,0.));
#4555 = ORIENTED_EDGE('',*,*,#4556,.F.);
#4556 = EDGE_CURVE('',#4557,#4549,#4559,.T.);
#4557 = VERTEX_POINT('',#4558);
#4558 = CARTESIAN_POINT('',(0.151125430935,-0.691442880716,1.101));
#4559 = LINE('',#4560,#4561);
#4560 = CARTESIAN_POINT('',(0.151125430935,-0.691442880716,1.101));
#4561 = VECTOR('',#4562,1.);
#4562 = DIRECTION('',(-1.,0.,0.));
#4563 = ORIENTED_EDGE('',*,*,#4564,.F.);
#4564 = EDGE_CURVE('',#4565,#4557,#4567,.T.);
#4565 = VERTEX_POINT('',#4566);
#4566 = CARTESIAN_POINT('',(0.172004115822,-0.703990455137,1.101));
#4567 = CIRCLE('',#4568,2.282269447264E-02);
#4568 = AXIS2_PLACEMENT_3D('',#4569,#4570,#4571);
#4569 = CARTESIAN_POINT('',(0.15162254248,-0.714260160639,1.101));
#4570 = DIRECTION('',(0.,0.,1.));
#4571 = DIRECTION('',(0.51511030984,0.857123893435,-0.));
#4572 = ORIENTED_EDGE('',*,*,#4573,.F.);
#4573 = EDGE_CURVE('',#4574,#4565,#4576,.T.);
#4574 = VERTEX_POINT('',#4575);
#4575 = CARTESIAN_POINT('',(0.167033000374,-0.734194473578,1.101));
#4576 = CIRCLE('',#4577,2.675752960862E-02);
#4577 = AXIS2_PLACEMENT_3D('',#4578,#4579,#4580);
#4578 = CARTESIAN_POINT('',(0.147861871513,-0.715528107864,1.101));
#4579 = DIRECTION('',(0.,0.,1.));
#4580 = DIRECTION('',(0.986725053267,-0.162399720611,0.));
#4581 = ORIENTED_EDGE('',*,*,#4582,.F.);
#4582 = EDGE_CURVE('',#4583,#4574,#4585,.T.);
#4583 = VERTEX_POINT('',#4584);
#4584 = CARTESIAN_POINT('',(0.146154315486,-0.739165589031,1.101));
#4585 = CIRCLE('',#4586,4.235549872389E-02);
#4586 = AXIS2_PLACEMENT_3D('',#4587,#4588,#4589);
#4587 = CARTESIAN_POINT('',(0.147103346612,-0.696820723792,1.101));
#4588 = DIRECTION('',(0.,0.,1.));
#4589 = DIRECTION('',(0.231620527439,-0.972806214654,0.));
#4590 = ORIENTED_EDGE('',*,*,#4591,.F.);
#4591 = EDGE_CURVE('',#4592,#4583,#4594,.T.);
#4592 = VERTEX_POINT('',#4593);
#4593 = CARTESIAN_POINT('',(6.96308290244E-03,-0.739165589031,1.101));
#4594 = LINE('',#4595,#4596);
#4595 = CARTESIAN_POINT('',(6.96308290244E-03,-0.739165589031,1.101));
#4596 = VECTOR('',#4597,1.);
#4597 = DIRECTION('',(1.,0.,0.));
#4598 = ORIENTED_EDGE('',*,*,#4599,.F.);
#4599 = EDGE_CURVE('',#4600,#4592,#4602,.T.);
#4600 = VERTEX_POINT('',#4601);
#4601 = CARTESIAN_POINT('',(6.96308290244E-03,-0.774957620266,1.101));
#4602 = LINE('',#4603,#4604);
#4603 = CARTESIAN_POINT('',(6.96308290244E-03,-0.774957620266,1.101));
#4604 = VECTOR('',#4605,1.);
#4605 = DIRECTION('',(0.,1.,0.));
#4606 = ORIENTED_EDGE('',*,*,#4607,.F.);
#4607 = EDGE_CURVE('',#4608,#4600,#4610,.T.);
#4608 = VERTEX_POINT('',#4609);
#4609 = CARTESIAN_POINT('',(0.165528561397,-0.774957620264,1.101));
#4610 = LINE('',#4611,#4612);
#4611 = CARTESIAN_POINT('',(0.165528561397,-0.774957620264,1.101));
#4612 = VECTOR('',#4613,1.);
#4613 = DIRECTION('',(-1.,-1.381639E-11,0.));
#4614 = ORIENTED_EDGE('',*,*,#4615,.F.);
#4615 = EDGE_CURVE('',#4616,#4608,#4618,.T.);
#4616 = VERTEX_POINT('',#4617);
#4617 = CARTESIAN_POINT('',(0.185923239081,-0.769986504818,1.101));
#4618 = CIRCLE('',#4619,3.518863701917E-02);
#4619 = AXIS2_PLACEMENT_3D('',#4620,#4621,#4622);
#4620 = CARTESIAN_POINT('',(0.167772115525,-0.739840578245,1.101));
#4621 = DIRECTION('',(0.,0.,-1.));
#4622 = DIRECTION('',(0.236812467816,-0.971555379321,0.));
#4623 = ORIENTED_EDGE('',*,*,#4624,.F.);
#4624 = EDGE_CURVE('',#4625,#4616,#4627,.T.);
#4625 = VERTEX_POINT('',#4626);
#4626 = CARTESIAN_POINT('',(0.204288952852,-0.749503987128,1.101));
#4627 = CIRCLE('',#4628,3.449851125816E-02);
#4628 = AXIS2_PLACEMENT_3D('',#4629,#4630,#4631);
#4629 = CARTESIAN_POINT('',(0.171550877881,-0.738624385748,1.101));
#4630 = DIRECTION('',(0.,0.,-1.));
#4631 = DIRECTION('',(0.744531910327,-0.667586874125,0.));
#4632 = ORIENTED_EDGE('',*,*,#4633,.F.);
#4633 = EDGE_CURVE('',#4634,#4625,#4636,.T.);
#4634 = VERTEX_POINT('',#4635);
#4635 = CARTESIAN_POINT('',(0.205807700879,-0.723258019591,1.101));
#4636 = CIRCLE('',#4637,5.050441741823E-02);
#4637 = AXIS2_PLACEMENT_3D('',#4638,#4639,#4640);
#4638 = CARTESIAN_POINT('',(0.156365978398,-0.733563952681,1.101));
#4639 = DIRECTION('',(0.,0.,-1.));
#4640 = DIRECTION('',(0.998329958409,-5.776931834638E-02,0.));
#4641 = ORIENTED_EDGE('',*,*,#4642,.F.);
#4642 = EDGE_CURVE('',#4525,#4634,#4643,.T.);
#4643 = CIRCLE('',#4644,5.011392661936E-02);
#4644 = AXIS2_PLACEMENT_3D('',#4645,#4646,#4647);
#4645 = CARTESIAN_POINT('',(0.156401496367,-0.731650432651,1.101));
#4646 = DIRECTION('',(0.,0.,-1.));
#4647 = DIRECTION('',(0.843661487721,0.53687549221,0.));
#4648 = PLANE('',#4649);
#4649 = AXIS2_PLACEMENT_3D('',#4650,#4651,#4652);
#4650 = CARTESIAN_POINT('',(0.14496729765,-0.281377729896,1.101));
#4651 = DIRECTION('',(0.,0.,1.));
#4652 = DIRECTION('',(0.,-1.,0.));
#4653 = ADVANCED_FACE('',(#4654),#4680,.F.);
#4654 = FACE_BOUND('',#4655,.F.);
#4655 = EDGE_LOOP('',(#4656,#4664,#4673,#4679));
#4656 = ORIENTED_EDGE('',*,*,#4657,.T.);
#4657 = EDGE_CURVE('',#4583,#4658,#4660,.T.);
#4658 = VERTEX_POINT('',#4659);
#4659 = CARTESIAN_POINT('',(0.146154315486,-0.739165589031,1.1));
#4660 = LINE('',#4661,#4662);
#4661 = CARTESIAN_POINT('',(0.146154315486,-0.739165589031,1.101));
#4662 = VECTOR('',#4663,1.);
#4663 = DIRECTION('',(0.,0.,-1.));
#4664 = ORIENTED_EDGE('',*,*,#4665,.F.);
#4665 = EDGE_CURVE('',#4666,#4658,#4668,.T.);
#4666 = VERTEX_POINT('',#4667);
#4667 = CARTESIAN_POINT('',(0.167033000374,-0.734194473578,1.1));
#4668 = CIRCLE('',#4669,4.235549872389E-02);
#4669 = AXIS2_PLACEMENT_3D('',#4670,#4671,#4672);
#4670 = CARTESIAN_POINT('',(0.147103346612,-0.696820723792,1.1));
#4671 = DIRECTION('',(0.,0.,-1.));
#4672 = DIRECTION('',(0.231620527439,-0.972806214654,0.));
#4673 = ORIENTED_EDGE('',*,*,#4674,.F.);
#4674 = EDGE_CURVE('',#4574,#4666,#4675,.T.);
#4675 = LINE('',#4676,#4677);
#4676 = CARTESIAN_POINT('',(0.167033000374,-0.734194473578,1.101));
#4677 = VECTOR('',#4678,1.);
#4678 = DIRECTION('',(0.,0.,-1.));
#4679 = ORIENTED_EDGE('',*,*,#4582,.F.);
#4680 = CYLINDRICAL_SURFACE('',#4681,4.235549872389E-02);
#4681 = AXIS2_PLACEMENT_3D('',#4682,#4683,#4684);
#4682 = CARTESIAN_POINT('',(0.147103346612,-0.696820723792,1.1012));
#4683 = DIRECTION('',(0.,0.,-1.));
#4684 = DIRECTION('',(0.231620527439,-0.972806214654,0.));
#4685 = ADVANCED_FACE('',(#4686),#4705,.F.);
#4686 = FACE_BOUND('',#4687,.F.);
#4687 = EDGE_LOOP('',(#4688,#4689,#4698,#4704));
#4688 = ORIENTED_EDGE('',*,*,#4674,.T.);
#4689 = ORIENTED_EDGE('',*,*,#4690,.F.);
#4690 = EDGE_CURVE('',#4691,#4666,#4693,.T.);
#4691 = VERTEX_POINT('',#4692);
#4692 = CARTESIAN_POINT('',(0.172004115822,-0.703990455137,1.1));
#4693 = CIRCLE('',#4694,2.675752960862E-02);
#4694 = AXIS2_PLACEMENT_3D('',#4695,#4696,#4697);
#4695 = CARTESIAN_POINT('',(0.147861871513,-0.715528107864,1.1));
#4696 = DIRECTION('',(0.,0.,-1.));
#4697 = DIRECTION('',(0.986725053267,-0.162399720611,0.));
#4698 = ORIENTED_EDGE('',*,*,#4699,.F.);
#4699 = EDGE_CURVE('',#4565,#4691,#4700,.T.);
#4700 = LINE('',#4701,#4702);
#4701 = CARTESIAN_POINT('',(0.172004115822,-0.703990455137,1.101));
#4702 = VECTOR('',#4703,1.);
#4703 = DIRECTION('',(0.,0.,-1.));
#4704 = ORIENTED_EDGE('',*,*,#4573,.F.);
#4705 = CYLINDRICAL_SURFACE('',#4706,2.675752960862E-02);
#4706 = AXIS2_PLACEMENT_3D('',#4707,#4708,#4709);
#4707 = CARTESIAN_POINT('',(0.147861871513,-0.715528107864,1.1012));
#4708 = DIRECTION('',(0.,0.,-1.));
#4709 = DIRECTION('',(0.986725053267,-0.162399720611,0.));
#4710 = ADVANCED_FACE('',(#4711),#4730,.F.);
#4711 = FACE_BOUND('',#4712,.F.);
#4712 = EDGE_LOOP('',(#4713,#4714,#4723,#4729));
#4713 = ORIENTED_EDGE('',*,*,#4699,.T.);
#4714 = ORIENTED_EDGE('',*,*,#4715,.F.);
#4715 = EDGE_CURVE('',#4716,#4691,#4718,.T.);
#4716 = VERTEX_POINT('',#4717);
#4717 = CARTESIAN_POINT('',(0.151125430935,-0.691442880716,1.1));
#4718 = CIRCLE('',#4719,2.282269447264E-02);
#4719 = AXIS2_PLACEMENT_3D('',#4720,#4721,#4722);
#4720 = CARTESIAN_POINT('',(0.15162254248,-0.714260160639,1.1));
#4721 = DIRECTION('',(0.,0.,-1.));
#4722 = DIRECTION('',(0.51511030984,0.857123893435,0.));
#4723 = ORIENTED_EDGE('',*,*,#4724,.F.);
#4724 = EDGE_CURVE('',#4557,#4716,#4725,.T.);
#4725 = LINE('',#4726,#4727);
#4726 = CARTESIAN_POINT('',(0.151125430935,-0.691442880716,1.101));
#4727 = VECTOR('',#4728,1.);
#4728 = DIRECTION('',(0.,0.,-1.));
#4729 = ORIENTED_EDGE('',*,*,#4564,.F.);
#4730 = CYLINDRICAL_SURFACE('',#4731,2.282269447264E-02);
#4731 = AXIS2_PLACEMENT_3D('',#4732,#4733,#4734);
#4732 = CARTESIAN_POINT('',(0.15162254248,-0.714260160639,1.1012));
#4733 = DIRECTION('',(0.,0.,-1.));
#4734 = DIRECTION('',(0.51511030984,0.857123893435,0.));
#4735 = ADVANCED_FACE('',(#4736),#4754,.T.);
#4736 = FACE_BOUND('',#4737,.T.);
#4737 = EDGE_LOOP('',(#4738,#4739,#4747,#4753));
#4738 = ORIENTED_EDGE('',*,*,#4556,.T.);
#4739 = ORIENTED_EDGE('',*,*,#4740,.T.);
#4740 = EDGE_CURVE('',#4549,#4741,#4743,.T.);
#4741 = VERTEX_POINT('',#4742);
#4742 = CARTESIAN_POINT('',(6.96308290244E-03,-0.691442880716,1.1));
#4743 = LINE('',#4744,#4745);
#4744 = CARTESIAN_POINT('',(6.96308290244E-03,-0.691442880716,1.101));
#4745 = VECTOR('',#4746,1.);
#4746 = DIRECTION('',(0.,0.,-1.));
#4747 = ORIENTED_EDGE('',*,*,#4748,.T.);
#4748 = EDGE_CURVE('',#4741,#4716,#4749,.T.);
#4749 = LINE('',#4750,#4751);
#4750 = CARTESIAN_POINT('',(6.96308290244E-03,-0.691442880716,1.1));
#4751 = VECTOR('',#4752,1.);
#4752 = DIRECTION('',(1.,0.,0.));
#4753 = ORIENTED_EDGE('',*,*,#4724,.F.);
#4754 = PLANE('',#4755);
#4755 = AXIS2_PLACEMENT_3D('',#4756,#4757,#4758);
#4756 = CARTESIAN_POINT('',(6.96308290244E-03,-0.691442880716,1.1012));
#4757 = DIRECTION('',(0.,-1.,0.));
#4758 = DIRECTION('',(0.,0.,-1.));
#4759 = ADVANCED_FACE('',(#4760),#4778,.T.);
#4760 = FACE_BOUND('',#4761,.T.);
#4761 = EDGE_LOOP('',(#4762,#4763,#4771,#4777));
#4762 = ORIENTED_EDGE('',*,*,#4548,.T.);
#4763 = ORIENTED_EDGE('',*,*,#4764,.T.);
#4764 = EDGE_CURVE('',#4541,#4765,#4767,.T.);
#4765 = VERTEX_POINT('',#4766);
#4766 = CARTESIAN_POINT('',(6.96308290244E-03,-0.654656626389,1.1));
#4767 = LINE('',#4768,#4769);
#4768 = CARTESIAN_POINT('',(6.96308290244E-03,-0.654656626389,1.101));
#4769 = VECTOR('',#4770,1.);
#4770 = DIRECTION('',(0.,0.,-1.));
#4771 = ORIENTED_EDGE('',*,*,#4772,.T.);
#4772 = EDGE_CURVE('',#4765,#4741,#4773,.T.);
#4773 = LINE('',#4774,#4775);
#4774 = CARTESIAN_POINT('',(6.96308290244E-03,-0.654656626389,1.1));
#4775 = VECTOR('',#4776,1.);
#4776 = DIRECTION('',(0.,-1.,0.));
#4777 = ORIENTED_EDGE('',*,*,#4740,.F.);
#4778 = PLANE('',#4779);
#4779 = AXIS2_PLACEMENT_3D('',#4780,#4781,#4782);
#4780 = CARTESIAN_POINT('',(6.96308290244E-03,-0.654656626389,1.1012));
#4781 = DIRECTION('',(-1.,0.,0.));
#4782 = DIRECTION('',(0.,0.,-1.));
#4783 = ADVANCED_FACE('',(#4784),#4802,.T.);
#4784 = FACE_BOUND('',#4785,.T.);
#4785 = EDGE_LOOP('',(#4786,#4787,#4795,#4801));
#4786 = ORIENTED_EDGE('',*,*,#4540,.T.);
#4787 = ORIENTED_EDGE('',*,*,#4788,.T.);
#4788 = EDGE_CURVE('',#4533,#4789,#4791,.T.);
#4789 = VERTEX_POINT('',#4790);
#4790 = CARTESIAN_POINT('',(0.203819254698,-0.654656626389,1.1));
#4791 = LINE('',#4792,#4793);
#4792 = CARTESIAN_POINT('',(0.203819254698,-0.654656626389,1.101));
#4793 = VECTOR('',#4794,1.);
#4794 = DIRECTION('',(0.,0.,-1.));
#4795 = ORIENTED_EDGE('',*,*,#4796,.T.);
#4796 = EDGE_CURVE('',#4789,#4765,#4797,.T.);
#4797 = LINE('',#4798,#4799);
#4798 = CARTESIAN_POINT('',(0.203819254698,-0.654656626389,1.1));
#4799 = VECTOR('',#4800,1.);
#4800 = DIRECTION('',(-1.,0.,0.));
#4801 = ORIENTED_EDGE('',*,*,#4764,.F.);
#4802 = PLANE('',#4803);
#4803 = AXIS2_PLACEMENT_3D('',#4804,#4805,#4806);
#4804 = CARTESIAN_POINT('',(0.203819254698,-0.654656626389,1.1012));
#4805 = DIRECTION('',(0.,1.,0.));
#4806 = DIRECTION('',(0.,-0.,1.));
#4807 = ADVANCED_FACE('',(#4808),#4826,.T.);
#4808 = FACE_BOUND('',#4809,.T.);
#4809 = EDGE_LOOP('',(#4810,#4811,#4819,#4825));
#4810 = ORIENTED_EDGE('',*,*,#4532,.T.);
#4811 = ORIENTED_EDGE('',*,*,#4812,.T.);
#4812 = EDGE_CURVE('',#4523,#4813,#4815,.T.);
#4813 = VERTEX_POINT('',#4814);
#4814 = CARTESIAN_POINT('',(0.203819254698,-0.690448657624,1.1));
#4815 = LINE('',#4816,#4817);
#4816 = CARTESIAN_POINT('',(0.203819254698,-0.690448657624,1.101));
#4817 = VECTOR('',#4818,1.);
#4818 = DIRECTION('',(0.,0.,-1.));
#4819 = ORIENTED_EDGE('',*,*,#4820,.T.);
#4820 = EDGE_CURVE('',#4813,#4789,#4821,.T.);
#4821 = LINE('',#4822,#4823);
#4822 = CARTESIAN_POINT('',(0.203819254698,-0.690448657624,1.1));
#4823 = VECTOR('',#4824,1.);
#4824 = DIRECTION('',(0.,1.,0.));
#4825 = ORIENTED_EDGE('',*,*,#4788,.F.);
#4826 = PLANE('',#4827);
#4827 = AXIS2_PLACEMENT_3D('',#4828,#4829,#4830);
#4828 = CARTESIAN_POINT('',(0.203819254698,-0.690448657624,1.1012));
#4829 = DIRECTION('',(1.,0.,0.));
#4830 = DIRECTION('',(0.,0.,1.));
#4831 = ADVANCED_FACE('',(#4832),#4850,.T.);
#4832 = FACE_BOUND('',#4833,.T.);
#4833 = EDGE_LOOP('',(#4834,#4835,#4843,#4849));
#4834 = ORIENTED_EDGE('',*,*,#4522,.T.);
#4835 = ORIENTED_EDGE('',*,*,#4836,.T.);
#4836 = EDGE_CURVE('',#4525,#4837,#4839,.T.);
#4837 = VERTEX_POINT('',#4838);
#4838 = CARTESIAN_POINT('',(0.18492901599,-0.690448657624,1.1));
#4839 = LINE('',#4840,#4841);
#4840 = CARTESIAN_POINT('',(0.18492901599,-0.690448657624,1.101));
#4841 = VECTOR('',#4842,1.);
#4842 = DIRECTION('',(0.,0.,-1.));
#4843 = ORIENTED_EDGE('',*,*,#4844,.T.);
#4844 = EDGE_CURVE('',#4837,#4813,#4845,.T.);
#4845 = LINE('',#4846,#4847);
#4846 = CARTESIAN_POINT('',(0.18492901599,-0.690448657624,1.1));
#4847 = VECTOR('',#4848,1.);
#4848 = DIRECTION('',(1.,0.,0.));
#4849 = ORIENTED_EDGE('',*,*,#4812,.F.);
#4850 = PLANE('',#4851);
#4851 = AXIS2_PLACEMENT_3D('',#4852,#4853,#4854);
#4852 = CARTESIAN_POINT('',(0.18492901599,-0.690448657624,1.1012));
#4853 = DIRECTION('',(0.,-1.,0.));
#4854 = DIRECTION('',(0.,0.,-1.));
#4855 = ADVANCED_FACE('',(#4856),#4874,.T.);
#4856 = FACE_BOUND('',#4857,.T.);
#4857 = EDGE_LOOP('',(#4858,#4859,#4860,#4868));
#4858 = ORIENTED_EDGE('',*,*,#4591,.T.);
#4859 = ORIENTED_EDGE('',*,*,#4657,.T.);
#4860 = ORIENTED_EDGE('',*,*,#4861,.T.);
#4861 = EDGE_CURVE('',#4658,#4862,#4864,.T.);
#4862 = VERTEX_POINT('',#4863);
#4863 = CARTESIAN_POINT('',(6.96308290244E-03,-0.739165589031,1.1));
#4864 = LINE('',#4865,#4866);
#4865 = CARTESIAN_POINT('',(0.146154315486,-0.739165589031,1.1));
#4866 = VECTOR('',#4867,1.);
#4867 = DIRECTION('',(-1.,0.,0.));
#4868 = ORIENTED_EDGE('',*,*,#4869,.F.);
#4869 = EDGE_CURVE('',#4592,#4862,#4870,.T.);
#4870 = LINE('',#4871,#4872);
#4871 = CARTESIAN_POINT('',(6.96308290244E-03,-0.739165589031,1.101));
#4872 = VECTOR('',#4873,1.);
#4873 = DIRECTION('',(0.,0.,-1.));
#4874 = PLANE('',#4875);
#4875 = AXIS2_PLACEMENT_3D('',#4876,#4877,#4878);
#4876 = CARTESIAN_POINT('',(0.146154315486,-0.739165589031,1.1012));
#4877 = DIRECTION('',(0.,1.,0.));
#4878 = DIRECTION('',(0.,-0.,1.));
#4879 = ADVANCED_FACE('',(#4880),#4898,.T.);
#4880 = FACE_BOUND('',#4881,.T.);
#4881 = EDGE_LOOP('',(#4882,#4883,#4884,#4892));
#4882 = ORIENTED_EDGE('',*,*,#4599,.T.);
#4883 = ORIENTED_EDGE('',*,*,#4869,.T.);
#4884 = ORIENTED_EDGE('',*,*,#4885,.T.);
#4885 = EDGE_CURVE('',#4862,#4886,#4888,.T.);
#4886 = VERTEX_POINT('',#4887);
#4887 = CARTESIAN_POINT('',(6.96308290244E-03,-0.774957620266,1.1));
#4888 = LINE('',#4889,#4890);
#4889 = CARTESIAN_POINT('',(6.96308290244E-03,-0.739165589031,1.1));
#4890 = VECTOR('',#4891,1.);
#4891 = DIRECTION('',(0.,-1.,0.));
#4892 = ORIENTED_EDGE('',*,*,#4893,.F.);
#4893 = EDGE_CURVE('',#4600,#4886,#4894,.T.);
#4894 = LINE('',#4895,#4896);
#4895 = CARTESIAN_POINT('',(6.96308290244E-03,-0.774957620266,1.101));
#4896 = VECTOR('',#4897,1.);
#4897 = DIRECTION('',(0.,0.,-1.));
#4898 = PLANE('',#4899);
#4899 = AXIS2_PLACEMENT_3D('',#4900,#4901,#4902);
#4900 = CARTESIAN_POINT('',(6.96308290244E-03,-0.739165589031,1.1012));
#4901 = DIRECTION('',(-1.,0.,0.));
#4902 = DIRECTION('',(0.,0.,-1.));
#4903 = ADVANCED_FACE('',(#4904),#4922,.T.);
#4904 = FACE_BOUND('',#4905,.T.);
#4905 = EDGE_LOOP('',(#4906,#4907,#4908,#4916));
#4906 = ORIENTED_EDGE('',*,*,#4607,.T.);
#4907 = ORIENTED_EDGE('',*,*,#4893,.T.);
#4908 = ORIENTED_EDGE('',*,*,#4909,.T.);
#4909 = EDGE_CURVE('',#4886,#4910,#4912,.T.);
#4910 = VERTEX_POINT('',#4911);
#4911 = CARTESIAN_POINT('',(0.165528561397,-0.774957620264,1.1));
#4912 = LINE('',#4913,#4914);
#4913 = CARTESIAN_POINT('',(6.96308290244E-03,-0.774957620266,1.1));
#4914 = VECTOR('',#4915,1.);
#4915 = DIRECTION('',(1.,1.381639E-11,0.));
#4916 = ORIENTED_EDGE('',*,*,#4917,.F.);
#4917 = EDGE_CURVE('',#4608,#4910,#4918,.T.);
#4918 = LINE('',#4919,#4920);
#4919 = CARTESIAN_POINT('',(0.165528561397,-0.774957620264,1.101));
#4920 = VECTOR('',#4921,1.);
#4921 = DIRECTION('',(0.,0.,-1.));
#4922 = PLANE('',#4923);
#4923 = AXIS2_PLACEMENT_3D('',#4924,#4925,#4926);
#4924 = CARTESIAN_POINT('',(6.96308290244E-03,-0.774957620266,1.1012));
#4925 = DIRECTION('',(1.381631E-11,-1.,0.));
#4926 = DIRECTION('',(0.,0.,-1.));
#4927 = ADVANCED_FACE('',(#4928),#4947,.T.);
#4928 = FACE_BOUND('',#4929,.T.);
#4929 = EDGE_LOOP('',(#4930,#4931,#4932,#4941));
#4930 = ORIENTED_EDGE('',*,*,#4615,.T.);
#4931 = ORIENTED_EDGE('',*,*,#4917,.T.);
#4932 = ORIENTED_EDGE('',*,*,#4933,.T.);
#4933 = EDGE_CURVE('',#4910,#4934,#4936,.T.);
#4934 = VERTEX_POINT('',#4935);
#4935 = CARTESIAN_POINT('',(0.185923239081,-0.769986504818,1.1));
#4936 = CIRCLE('',#4937,3.518863701917E-02);
#4937 = AXIS2_PLACEMENT_3D('',#4938,#4939,#4940);
#4938 = CARTESIAN_POINT('',(0.167772115525,-0.739840578245,1.1));
#4939 = DIRECTION('',(0.,0.,1.));
#4940 = DIRECTION('',(0.236812467816,-0.971555379321,0.));
#4941 = ORIENTED_EDGE('',*,*,#4942,.F.);
#4942 = EDGE_CURVE('',#4616,#4934,#4943,.T.);
#4943 = LINE('',#4944,#4945);
#4944 = CARTESIAN_POINT('',(0.185923239081,-0.769986504818,1.101));
#4945 = VECTOR('',#4946,1.);
#4946 = DIRECTION('',(0.,0.,-1.));
#4947 = CYLINDRICAL_SURFACE('',#4948,3.518863701917E-02);
#4948 = AXIS2_PLACEMENT_3D('',#4949,#4950,#4951);
#4949 = CARTESIAN_POINT('',(0.167772115525,-0.739840578245,1.1012));
#4950 = DIRECTION('',(0.,0.,-1.));
#4951 = DIRECTION('',(0.236812467816,-0.971555379321,0.));
#4952 = ADVANCED_FACE('',(#4953),#4972,.T.);
#4953 = FACE_BOUND('',#4954,.T.);
#4954 = EDGE_LOOP('',(#4955,#4956,#4957,#4966));
#4955 = ORIENTED_EDGE('',*,*,#4624,.T.);
#4956 = ORIENTED_EDGE('',*,*,#4942,.T.);
#4957 = ORIENTED_EDGE('',*,*,#4958,.T.);
#4958 = EDGE_CURVE('',#4934,#4959,#4961,.T.);
#4959 = VERTEX_POINT('',#4960);
#4960 = CARTESIAN_POINT('',(0.204288952852,-0.749503987128,1.1));
#4961 = CIRCLE('',#4962,3.449851125816E-02);
#4962 = AXIS2_PLACEMENT_3D('',#4963,#4964,#4965);
#4963 = CARTESIAN_POINT('',(0.171550877881,-0.738624385748,1.1));
#4964 = DIRECTION('',(0.,0.,1.));
#4965 = DIRECTION('',(0.744531910327,-0.667586874125,0.));
#4966 = ORIENTED_EDGE('',*,*,#4967,.F.);
#4967 = EDGE_CURVE('',#4625,#4959,#4968,.T.);
#4968 = LINE('',#4969,#4970);
#4969 = CARTESIAN_POINT('',(0.204288952852,-0.749503987128,1.101));
#4970 = VECTOR('',#4971,1.);
#4971 = DIRECTION('',(0.,0.,-1.));
#4972 = CYLINDRICAL_SURFACE('',#4973,3.449851125816E-02);
#4973 = AXIS2_PLACEMENT_3D('',#4974,#4975,#4976);
#4974 = CARTESIAN_POINT('',(0.171550877881,-0.738624385748,1.1012));
#4975 = DIRECTION('',(0.,0.,-1.));
#4976 = DIRECTION('',(0.744531910327,-0.667586874125,0.));
#4977 = ADVANCED_FACE('',(#4978),#4997,.T.);
#4978 = FACE_BOUND('',#4979,.T.);
#4979 = EDGE_LOOP('',(#4980,#4981,#4982,#4991));
#4980 = ORIENTED_EDGE('',*,*,#4633,.T.);
#4981 = ORIENTED_EDGE('',*,*,#4967,.T.);
#4982 = ORIENTED_EDGE('',*,*,#4983,.T.);
#4983 = EDGE_CURVE('',#4959,#4984,#4986,.T.);
#4984 = VERTEX_POINT('',#4985);
#4985 = CARTESIAN_POINT('',(0.205807700879,-0.723258019591,1.1));
#4986 = CIRCLE('',#4987,5.050441741823E-02);
#4987 = AXIS2_PLACEMENT_3D('',#4988,#4989,#4990);
#4988 = CARTESIAN_POINT('',(0.156365978398,-0.733563952681,1.1));
#4989 = DIRECTION('',(0.,0.,1.));
#4990 = DIRECTION('',(0.998329958409,-5.776931834638E-02,0.));
#4991 = ORIENTED_EDGE('',*,*,#4992,.F.);
#4992 = EDGE_CURVE('',#4634,#4984,#4993,.T.);
#4993 = LINE('',#4994,#4995);
#4994 = CARTESIAN_POINT('',(0.205807700879,-0.723258019591,1.101));
#4995 = VECTOR('',#4996,1.);
#4996 = DIRECTION('',(0.,0.,-1.));
#4997 = CYLINDRICAL_SURFACE('',#4998,5.050441741823E-02);
#4998 = AXIS2_PLACEMENT_3D('',#4999,#5000,#5001);
#4999 = CARTESIAN_POINT('',(0.156365978398,-0.733563952681,1.1012));
#5000 = DIRECTION('',(0.,0.,-1.));
#5001 = DIRECTION('',(0.998329958409,-5.776931834638E-02,0.));
#5002 = ADVANCED_FACE('',(#5003),#5015,.T.);
#5003 = FACE_BOUND('',#5004,.T.);
#5004 = EDGE_LOOP('',(#5005,#5006,#5007,#5014));
#5005 = ORIENTED_EDGE('',*,*,#4642,.T.);
#5006 = ORIENTED_EDGE('',*,*,#4992,.T.);
#5007 = ORIENTED_EDGE('',*,*,#5008,.T.);
#5008 = EDGE_CURVE('',#4984,#4837,#5009,.T.);
#5009 = CIRCLE('',#5010,5.011392661936E-02);
#5010 = AXIS2_PLACEMENT_3D('',#5011,#5012,#5013);
#5011 = CARTESIAN_POINT('',(0.156401496367,-0.731650432651,1.1));
#5012 = DIRECTION('',(0.,0.,1.));
#5013 = DIRECTION('',(0.843661487721,0.53687549221,-0.));
#5014 = ORIENTED_EDGE('',*,*,#4836,.F.);
#5015 = CYLINDRICAL_SURFACE('',#5016,5.011392661936E-02);
#5016 = AXIS2_PLACEMENT_3D('',#5017,#5018,#5019);
#5017 = CARTESIAN_POINT('',(0.156401496367,-0.731650432651,1.1012));
#5018 = DIRECTION('',(0.,0.,-1.));
#5019 = DIRECTION('',(0.843661487721,0.53687549221,0.));
#5020 = ADVANCED_FACE('',(#5021),#5038,.F.);
#5021 = FACE_BOUND('',#5022,.T.);
#5022 = EDGE_LOOP('',(#5023,#5024,#5025,#5026,#5027,#5028,#5029,#5030,
    #5031,#5032,#5033,#5034,#5035,#5036,#5037));
#5023 = ORIENTED_EDGE('',*,*,#4844,.F.);
#5024 = ORIENTED_EDGE('',*,*,#5008,.F.);
#5025 = ORIENTED_EDGE('',*,*,#4983,.F.);
#5026 = ORIENTED_EDGE('',*,*,#4958,.F.);
#5027 = ORIENTED_EDGE('',*,*,#4933,.F.);
#5028 = ORIENTED_EDGE('',*,*,#4909,.F.);
#5029 = ORIENTED_EDGE('',*,*,#4885,.F.);
#5030 = ORIENTED_EDGE('',*,*,#4861,.F.);
#5031 = ORIENTED_EDGE('',*,*,#4665,.F.);
#5032 = ORIENTED_EDGE('',*,*,#4690,.F.);
#5033 = ORIENTED_EDGE('',*,*,#4715,.F.);
#5034 = ORIENTED_EDGE('',*,*,#4748,.F.);
#5035 = ORIENTED_EDGE('',*,*,#4772,.F.);
#5036 = ORIENTED_EDGE('',*,*,#4796,.F.);
#5037 = ORIENTED_EDGE('',*,*,#4820,.F.);
#5038 = PLANE('',#5039);
#5039 = AXIS2_PLACEMENT_3D('',#5040,#5041,#5042);
#5040 = CARTESIAN_POINT('',(0.164646771177,-4.762760748212E-03,1.1));
#5041 = DIRECTION('',(0.,0.,1.));
#5042 = DIRECTION('',(1.,0.,-0.));
#5043 = MANIFOLD_SOLID_BREP('',#5044);
#5044 = CLOSED_SHELL('',(#5045,#5353,#5384,#5408,#5432,#5457,#5481,#5506
    ,#5531,#5556,#5581,#5606,#5631,#5656,#5681,#5713,#5738,#5762,#5787,
    #5812,#5837,#5862,#5887,#5912,#5936,#5960,#5985,#6010,#6035,#6060,
    #6085,#6103,#6128,#6153,#6178,#6195));
#5045 = ADVANCED_FACE('',(#5046,#5276),#5348,.F.);
#5046 = FACE_BOUND('',#5047,.T.);
#5047 = EDGE_LOOP('',(#5048,#5059,#5067,#5075,#5083,#5092,#5100,#5109,
    #5118,#5127,#5136,#5145,#5154,#5163,#5172,#5181,#5190,#5199,#5208,
    #5217,#5225,#5233,#5242,#5251,#5260,#5269));
#5048 = ORIENTED_EDGE('',*,*,#5049,.F.);
#5049 = EDGE_CURVE('',#5050,#5052,#5054,.T.);
#5050 = VERTEX_POINT('',#5051);
#5051 = CARTESIAN_POINT('',(7.236900392338E-02,-0.425338778521,1.1));
#5052 = VERTEX_POINT('',#5053);
#5053 = CARTESIAN_POINT('',(4.388634230021E-02,-0.418591654395,1.1));
#5054 = CIRCLE('',#5055,5.583813333567E-02);
#5055 = AXIS2_PLACEMENT_3D('',#5056,#5057,#5058);
#5056 = CARTESIAN_POINT('',(7.054872915909E-02,-0.369530322764,1.1));
#5057 = DIRECTION('',(0.,0.,-1.));
#5058 = DIRECTION('',(-0.230506191929,-0.973070858408,-0.));
#5059 = ORIENTED_EDGE('',*,*,#5060,.F.);
#5060 = EDGE_CURVE('',#5061,#5050,#5063,.T.);
#5061 = VERTEX_POINT('',#5062);
#5062 = CARTESIAN_POINT('',(7.258180683337E-02,-0.425355140508,1.1));
#5063 = LINE('',#5064,#5065);
#5064 = CARTESIAN_POINT('',(7.258180683343E-02,-0.425355140507,1.1));
#5065 = VECTOR('',#5066,1.);
#5066 = DIRECTION('',(-0.997057160945,7.666171018661E-02,0.));
#5067 = ORIENTED_EDGE('',*,*,#5068,.F.);
#5068 = EDGE_CURVE('',#5069,#5061,#5071,.T.);
#5069 = VERTEX_POINT('',#5070);
#5070 = CARTESIAN_POINT('',(7.258180683337E-02,-0.458967638977,1.1));
#5071 = LINE('',#5072,#5073);
#5072 = CARTESIAN_POINT('',(7.258180683337E-02,-0.458967638977,1.1));
#5073 = VECTOR('',#5074,1.);
#5074 = DIRECTION('',(0.,1.,0.));
#5075 = ORIENTED_EDGE('',*,*,#5076,.F.);
#5076 = EDGE_CURVE('',#5077,#5069,#5079,.T.);
#5077 = VERTEX_POINT('',#5078);
#5078 = CARTESIAN_POINT('',(6.384217841096E-02,-0.458967638977,1.1));
#5079 = LINE('',#5080,#5081);
#5080 = CARTESIAN_POINT('',(6.384217841096E-02,-0.458967638977,1.1));
#5081 = VECTOR('',#5082,1.);
#5082 = DIRECTION('',(1.,0.,0.));
#5083 = ORIENTED_EDGE('',*,*,#5084,.F.);
#5084 = EDGE_CURVE('',#5085,#5077,#5087,.T.);
#5085 = VERTEX_POINT('',#5086);
#5086 = CARTESIAN_POINT('',(1.988798307088E-02,-0.442065846448,1.1));
#5087 = CIRCLE('',#5088,7.269376024517E-02);
#5088 = AXIS2_PLACEMENT_3D('',#5089,#5090,#5091);
#5089 = CARTESIAN_POINT('',(6.654912737813E-02,-0.386324296501,1.1));
#5090 = DIRECTION('',(0.,0.,1.));
#5091 = DIRECTION('',(-0.358911239884,-0.933371695459,0.));
#5092 = ORIENTED_EDGE('',*,*,#5093,.F.);
#5093 = EDGE_CURVE('',#5094,#5085,#5096,.T.);
#5094 = VERTEX_POINT('',#5095);
#5095 = CARTESIAN_POINT('',(1.560138683013E-02,-0.437925988326,1.1));
#5096 = LINE('',#5097,#5098);
#5097 = CARTESIAN_POINT('',(1.560138683077E-02,-0.437925988325,1.1));
#5098 = VECTOR('',#5099,1.);
#5099 = DIRECTION('',(0.719311269185,-0.694687914119,0.));
#5100 = ORIENTED_EDGE('',*,*,#5101,.F.);
#5101 = EDGE_CURVE('',#5102,#5094,#5104,.T.);
#5102 = VERTEX_POINT('',#5103);
#5103 = CARTESIAN_POINT('',(7.957305995006E-03,-0.42615827701,1.1));
#5104 = CIRCLE('',#5105,5.757686609426E-02);
#5105 = AXIS2_PLACEMENT_3D('',#5106,#5107,#5108);
#5106 = CARTESIAN_POINT('',(5.970370543735E-02,-0.400911383062,1.1));
#5107 = DIRECTION('',(0.,0.,1.));
#5108 = DIRECTION('',(-0.838604165584,-0.544741272041,0.));
#5109 = ORIENTED_EDGE('',*,*,#5110,.F.);
#5110 = EDGE_CURVE('',#5111,#5102,#5113,.T.);
#5111 = VERTEX_POINT('',#5112);
#5112 = CARTESIAN_POINT('',(2.986190543853E-03,-0.392354691956,1.1));
#5113 = CIRCLE('',#5114,6.261754931501E-02);
#5114 = AXIS2_PLACEMENT_3D('',#5115,#5116,#5117);
#5115 = CARTESIAN_POINT('',(6.507280612965E-02,-0.400491623029,1.1));
#5116 = DIRECTION('',(0.,0.,1.));
#5117 = DIRECTION('',(-0.989359135354,-0.145493990568,0.));
#5118 = ORIENTED_EDGE('',*,*,#5119,.F.);
#5119 = EDGE_CURVE('',#5120,#5111,#5122,.T.);
#5120 = VERTEX_POINT('',#5121);
#5121 = CARTESIAN_POINT('',(9.501021625548E-03,-0.370377021984,1.1));
#5122 = CIRCLE('',#5123,6.900835403227E-02);
#5123 = AXIS2_PLACEMENT_3D('',#5124,#5125,#5126);
#5124 = CARTESIAN_POINT('',(7.148734442762E-02,-0.400706029744,1.1));
#5125 = DIRECTION('',(0.,0.,1.));
#5126 = DIRECTION('',(-0.958763303041,0.284205785905,0.));
#5127 = ORIENTED_EDGE('',*,*,#5128,.F.);
#5128 = EDGE_CURVE('',#5129,#5120,#5131,.T.);
#5129 = VERTEX_POINT('',#5130);
#5130 = CARTESIAN_POINT('',(2.252756218593E-02,-0.354917304696,1.1));
#5131 = CIRCLE('',#5132,5.417266223387E-02);
#5132 = AXIS2_PLACEMENT_3D('',#5133,#5134,#5135);
#5133 = CARTESIAN_POINT('',(5.671368005988E-02,-0.396940948973,1.1));
#5134 = DIRECTION('',(0.,0.,1.));
#5135 = DIRECTION('',(-0.764720301663,0.64436236717,0.));
#5136 = ORIENTED_EDGE('',*,*,#5137,.F.);
#5137 = EDGE_CURVE('',#5138,#5129,#5140,.T.);
#5138 = VERTEX_POINT('',#5139);
#5139 = CARTESIAN_POINT('',(3.579555250948E-02,-0.346620429823,1.1));
#5140 = CIRCLE('',#5141,0.151800416492);
#5141 = AXIS2_PLACEMENT_3D('',#5142,#5143,#5144);
#5142 = CARTESIAN_POINT('',(0.109539191905,-0.479305176858,1.1));
#5143 = DIRECTION('',(0.,0.,1.));
#5144 = DIRECTION('',(-0.530200242266,0.84787245686,0.));
#5145 = ORIENTED_EDGE('',*,*,#5146,.F.);
#5146 = EDGE_CURVE('',#5147,#5138,#5149,.T.);
#5147 = VERTEX_POINT('',#5148);
#5148 = CARTESIAN_POINT('',(0.106385391891,-0.335683975831,1.1));
#5149 = CIRCLE('',#5150,0.181694658389);
#5150 = AXIS2_PLACEMENT_3D('',#5151,#5152,#5153);
#5151 = CARTESIAN_POINT('',(9.836572492608E-02,-0.517201561285,1.1));
#5152 = DIRECTION('',(0.,0.,1.));
#5153 = DIRECTION('',(-0.153102994546,0.988210237278,0.));
#5154 = ORIENTED_EDGE('',*,*,#5155,.F.);
#5155 = EDGE_CURVE('',#5156,#5147,#5158,.T.);
#5156 = VERTEX_POINT('',#5157);
#5157 = CARTESIAN_POINT('',(0.136940771217,-0.337672422008,1.1));
#5158 = CIRCLE('',#5159,0.258679068566);
#5159 = AXIS2_PLACEMENT_3D('',#5160,#5161,#5162);
#5160 = CARTESIAN_POINT('',(0.104894057272,-0.594358745445,1.1));
#5161 = DIRECTION('',(0.,0.,1.));
#5162 = DIRECTION('',(6.493943207769E-02,0.997889207358,-0.));
#5163 = ORIENTED_EDGE('',*,*,#5164,.F.);
#5164 = EDGE_CURVE('',#5165,#5156,#5167,.T.);
#5165 = VERTEX_POINT('',#5166);
#5166 = CARTESIAN_POINT('',(0.182474193295,-0.351244348004,1.1));
#5167 = CIRCLE('',#5168,0.127101615487);
#5168 = AXIS2_PLACEMENT_3D('',#5169,#5170,#5171);
#5169 = CARTESIAN_POINT('',(0.124041195677,-0.464117752528,1.1));
#5170 = DIRECTION('',(0.,0.,1.));
#5171 = DIRECTION('',(0.285646294115,0.958335116052,-0.));
#5172 = ORIENTED_EDGE('',*,*,#5173,.F.);
#5173 = EDGE_CURVE('',#5174,#5165,#5176,.T.);
#5174 = VERTEX_POINT('',#5175);
#5175 = CARTESIAN_POINT('',(0.206801923969,-0.383406684146,1.1));
#5176 = CIRCLE('',#5177,5.541309138018E-02);
#5177 = AXIS2_PLACEMENT_3D('',#5178,#5179,#5180);
#5178 = CARTESIAN_POINT('',(0.153473420522,-0.39846262704,1.1));
#5179 = DIRECTION('',(0.,0.,1.));
#5180 = DIRECTION('',(0.797541611543,0.603263937143,-0.));
#5181 = ORIENTED_EDGE('',*,*,#5182,.F.);
#5182 = EDGE_CURVE('',#5183,#5174,#5185,.T.);
#5183 = VERTEX_POINT('',#5184);
#5184 = CARTESIAN_POINT('',(0.205444698082,-0.418204492289,1.1));
#5185 = CIRCLE('',#5186,6.767639141965E-02);
#5186 = AXIS2_PLACEMENT_3D('',#5187,#5188,#5189);
#5187 = CARTESIAN_POINT('',(0.140774897048,-0.398256790927,1.1));
#5188 = DIRECTION('',(0.,0.,1.));
#5189 = DIRECTION('',(0.999240241903,-3.897356746406E-02,0.));
#5190 = ORIENTED_EDGE('',*,*,#5191,.F.);
#5191 = EDGE_CURVE('',#5192,#5183,#5194,.T.);
#5192 = VERTEX_POINT('',#5193);
#5193 = CARTESIAN_POINT('',(0.190894354532,-0.442065846448,1.1));
#5194 = CIRCLE('',#5195,5.54714738596E-02);
#5195 = AXIS2_PLACEMENT_3D('',#5196,#5197,#5198);
#5196 = CARTESIAN_POINT('',(0.152336207463,-0.402186607406,1.1));
#5197 = DIRECTION('',(0.,0.,1.));
#5198 = DIRECTION('',(0.853784448353,-0.520626656781,0.));
#5199 = ORIENTED_EDGE('',*,*,#5200,.F.);
#5200 = EDGE_CURVE('',#5201,#5192,#5203,.T.);
#5201 = VERTEX_POINT('',#5202);
#5202 = CARTESIAN_POINT('',(0.162061884925,-0.455984969706,1.1));
#5203 = CIRCLE('',#5204,6.964428007362E-02);
#5204 = AXIS2_PLACEMENT_3D('',#5205,#5206,#5207);
#5205 = CARTESIAN_POINT('',(0.147011039641,-0.387986456464,1.1));
#5206 = DIRECTION('',(0.,0.,1.));
#5207 = DIRECTION('',(0.434749065799,-0.90055163638,0.));
#5208 = ORIENTED_EDGE('',*,*,#5209,.F.);
#5209 = EDGE_CURVE('',#5210,#5201,#5212,.T.);
#5210 = VERTEX_POINT('',#5211);
#5211 = CARTESIAN_POINT('',(0.11632762279,-0.460956085154,1.1));
#5212 = CIRCLE('',#5213,0.230075557685);
#5213 = AXIS2_PLACEMENT_3D('',#5214,#5215,#5216);
#5214 = CARTESIAN_POINT('',(0.114457536507,-0.230888127757,1.1));
#5215 = DIRECTION('',(0.,0.,1.));
#5216 = DIRECTION('',(0.108059180743,-0.994144463072,0.));
#5217 = ORIENTED_EDGE('',*,*,#5218,.F.);
#5218 = EDGE_CURVE('',#5219,#5210,#5221,.T.);
#5219 = VERTEX_POINT('',#5220);
#5220 = CARTESIAN_POINT('',(9.84316071721E-02,-0.460956085154,1.1));
#5221 = LINE('',#5222,#5223);
#5222 = CARTESIAN_POINT('',(9.84316071721E-02,-0.460956085154,1.1));
#5223 = VECTOR('',#5224,1.);
#5224 = DIRECTION('',(1.,0.,0.));
#5225 = ORIENTED_EDGE('',*,*,#5226,.F.);
#5226 = EDGE_CURVE('',#5227,#5219,#5229,.T.);
#5227 = VERTEX_POINT('',#5228);
#5228 = CARTESIAN_POINT('',(9.84316071721E-02,-0.370481783977,1.1));
#5229 = LINE('',#5230,#5231);
#5230 = CARTESIAN_POINT('',(9.84316071721E-02,-0.370481783977,1.1));
#5231 = VECTOR('',#5232,1.);
#5232 = DIRECTION('',(0.,-1.,0.));
#5233 = ORIENTED_EDGE('',*,*,#5234,.F.);
#5234 = EDGE_CURVE('',#5235,#5227,#5237,.T.);
#5235 = VERTEX_POINT('',#5236);
#5236 = CARTESIAN_POINT('',(6.76106913856E-02,-0.371476007066,1.1));
#5237 = CIRCLE('',#5238,0.496157913702);
#5238 = AXIS2_PLACEMENT_3D('',#5239,#5240,#5241);
#5239 = CARTESIAN_POINT('',(9.901019653436E-02,-0.86663936032,1.1));
#5240 = DIRECTION('',(0.,0.,-1.));
#5241 = DIRECTION('',(-3.224129401828E-02,0.999480114339,0.));
#5242 = ORIENTED_EDGE('',*,*,#5243,.F.);
#5243 = EDGE_CURVE('',#5244,#5235,#5246,.T.);
#5244 = VERTEX_POINT('',#5245);
#5245 = CARTESIAN_POINT('',(4.826948242058E-02,-0.376898092774,1.1));
#5246 = CIRCLE('',#5247,6.52524528492E-02);
#5247 = AXIS2_PLACEMENT_3D('',#5248,#5249,#5250);
#5248 = CARTESIAN_POINT('',(7.534393497437E-02,-0.436268595736,1.1));
#5249 = DIRECTION('',(0.,0.,-1.));
#5250 = DIRECTION('',(-0.269932160551,0.962879342753,0.));
#5251 = ORIENTED_EDGE('',*,*,#5252,.F.);
#5252 = EDGE_CURVE('',#5253,#5244,#5255,.T.);
#5253 = VERTEX_POINT('',#5254);
#5254 = CARTESIAN_POINT('',(3.579555250948E-02,-0.389372022683,1.1));
#5255 = CIRCLE('',#5256,2.540828608757E-02);
#5256 = AXIS2_PLACEMENT_3D('',#5257,#5258,#5259);
#5257 = CARTESIAN_POINT('',(5.888157586724E-02,-0.399984116134,1.1));
#5258 = DIRECTION('',(0.,0.,-1.));
#5259 = DIRECTION('',(-0.70710678112,0.707106781253,0.));
#5260 = ORIENTED_EDGE('',*,*,#5261,.F.);
#5261 = EDGE_CURVE('',#5262,#5253,#5264,.T.);
#5262 = VERTEX_POINT('',#5263);
#5263 = CARTESIAN_POINT('',(3.942162665018E-02,-0.414374105693,1.1));
#5264 = CIRCLE('',#5265,2.315178351086E-02);
#5265 = AXIS2_PLACEMENT_3D('',#5266,#5267,#5268);
#5266 = CARTESIAN_POINT('',(5.680981327601E-02,-0.399088293787,1.1));
#5267 = DIRECTION('',(0.,0.,-1.));
#5268 = DIRECTION('',(-0.989646076347,-0.14352924291,-0.));
#5269 = ORIENTED_EDGE('',*,*,#5270,.F.);
#5270 = EDGE_CURVE('',#5052,#5262,#5271,.T.);
#5271 = CIRCLE('',#5272,1.563951285893E-02);
#5272 = AXIS2_PLACEMENT_3D('',#5273,#5274,#5275);
#5273 = CARTESIAN_POINT('',(5.218454814691E-02,-0.405335178913,1.1));
#5274 = DIRECTION('',(0.,0.,-1.));
#5275 = DIRECTION('',(-0.68669864147,-0.726942209397,-0.));
#5276 = FACE_BOUND('',#5277,.T.);
#5277 = EDGE_LOOP('',(#5278,#5289,#5298,#5307,#5315,#5323,#5332,#5341));
#5278 = ORIENTED_EDGE('',*,*,#5279,.F.);
#5279 = EDGE_CURVE('',#5280,#5282,#5284,.T.);
#5280 = VERTEX_POINT('',#5281);
#5281 = CARTESIAN_POINT('',(0.172004115823,-0.382412461056,1.1));
#5282 = VERTEX_POINT('',#5283);
#5283 = CARTESIAN_POINT('',(0.178381265687,-0.396916432352,1.1));
#5284 = CIRCLE('',#5285,2.112406455401E-02);
#5285 = AXIS2_PLACEMENT_3D('',#5286,#5287,#5288);
#5286 = CARTESIAN_POINT('',(0.157266592215,-0.397546247798,1.1));
#5287 = DIRECTION('',(0.,0.,-1.));
#5288 = DIRECTION('',(0.915421967363,0.402495492731,0.));
#5289 = ORIENTED_EDGE('',*,*,#5290,.F.);
#5290 = EDGE_CURVE('',#5291,#5280,#5293,.T.);
#5291 = VERTEX_POINT('',#5292);
#5292 = CARTESIAN_POINT('',(0.153113877115,-0.372470230158,1.1));
#5293 = CIRCLE('',#5294,3.151114274895E-02);
#5294 = AXIS2_PLACEMENT_3D('',#5295,#5296,#5297);
#5295 = CARTESIAN_POINT('',(0.148750342446,-0.403677788258,1.1));
#5296 = DIRECTION('',(0.,0.,-1.));
#5297 = DIRECTION('',(0.465746432729,0.884918222437,0.));
#5298 = ORIENTED_EDGE('',*,*,#5299,.F.);
#5299 = EDGE_CURVE('',#5300,#5291,#5302,.T.);
#5300 = VERTEX_POINT('',#5301);
#5301 = CARTESIAN_POINT('',(0.127264076777,-0.370481783977,1.1));
#5302 = CIRCLE('',#5303,8.685326151075E-02);
#5303 = AXIS2_PLACEMENT_3D('',#5304,#5305,#5306);
#5304 = CARTESIAN_POINT('',(0.133602248966,-0.457103470685,1.1));
#5305 = DIRECTION('',(0.,0.,-1.));
#5306 = DIRECTION('',(7.669649899158E-02,0.997054485493,0.));
#5307 = ORIENTED_EDGE('',*,*,#5308,.F.);
#5308 = EDGE_CURVE('',#5309,#5300,#5311,.T.);
#5309 = VERTEX_POINT('',#5310);
#5310 = CARTESIAN_POINT('',(0.127264076777,-0.425164053921,1.1));
#5311 = LINE('',#5312,#5313);
#5312 = CARTESIAN_POINT('',(0.127264076777,-0.425164053921,1.1));
#5313 = VECTOR('',#5314,1.);
#5314 = DIRECTION('',(0.,1.,0.));
#5315 = ORIENTED_EDGE('',*,*,#5316,.F.);
#5316 = EDGE_CURVE('',#5317,#5309,#5319,.T.);
#5317 = VERTEX_POINT('',#5318);
#5318 = CARTESIAN_POINT('',(0.142177423127,-0.425164053921,1.1));
#5319 = LINE('',#5320,#5321);
#5320 = CARTESIAN_POINT('',(0.142177423127,-0.425164053921,1.1));
#5321 = VECTOR('',#5322,1.);
#5322 = DIRECTION('',(-1.,0.,0.));
#5323 = ORIENTED_EDGE('',*,*,#5324,.F.);
#5324 = EDGE_CURVE('',#5325,#5317,#5327,.T.);
#5325 = VERTEX_POINT('',#5326);
#5326 = CARTESIAN_POINT('',(0.16506333769,-0.42079741356,1.1));
#5327 = CIRCLE('',#5328,5.71184789748E-02);
#5328 = AXIS2_PLACEMENT_3D('',#5329,#5330,#5331);
#5329 = CARTESIAN_POINT('',(0.143140281799,-0.368053691083,1.1));
#5330 = DIRECTION('',(0.,0.,-1.));
#5331 = DIRECTION('',(0.187419360026,-0.982279992409,0.));
#5332 = ORIENTED_EDGE('',*,*,#5333,.F.);
#5333 = EDGE_CURVE('',#5334,#5325,#5336,.T.);
#5334 = VERTEX_POINT('',#5335);
#5335 = CARTESIAN_POINT('',(0.174408437798,-0.413241517021,1.1));
#5336 = CIRCLE('',#5337,2.122200788831E-02);
#5337 = AXIS2_PLACEMENT_3D('',#5338,#5339,#5340);
#5338 = CARTESIAN_POINT('',(0.156938853993,-0.401192149383,1.1));
#5339 = DIRECTION('',(0.,0.,-1.));
#5340 = DIRECTION('',(0.628736424015,-0.77761848558,0.));
#5341 = ORIENTED_EDGE('',*,*,#5342,.F.);
#5342 = EDGE_CURVE('',#5282,#5334,#5343,.T.);
#5343 = CIRCLE('',#5344,2.794751022803E-02);
#5344 = AXIS2_PLACEMENT_3D('',#5345,#5346,#5347);
#5345 = CARTESIAN_POINT('',(0.150495705209,-0.398776229328,1.1));
#5346 = DIRECTION('',(0.,0.,-1.));
#5347 = DIRECTION('',(0.971642155341,-0.236456173455,0.));
#5348 = PLANE('',#5349);
#5349 = AXIS2_PLACEMENT_3D('',#5350,#5351,#5352);
#5350 = CARTESIAN_POINT('',(0.164646771177,-4.762760748212E-03,1.1));
#5351 = DIRECTION('',(0.,0.,1.));
#5352 = DIRECTION('',(1.,0.,-0.));
#5353 = ADVANCED_FACE('',(#5354),#5379,.T.);
#5354 = FACE_BOUND('',#5355,.T.);
#5355 = EDGE_LOOP('',(#5356,#5366,#5372,#5373));
#5356 = ORIENTED_EDGE('',*,*,#5357,.T.);
#5357 = EDGE_CURVE('',#5358,#5360,#5362,.T.);
#5358 = VERTEX_POINT('',#5359);
#5359 = CARTESIAN_POINT('',(7.236900392338E-02,-0.425338778521,1.101));
#5360 = VERTEX_POINT('',#5361);
#5361 = CARTESIAN_POINT('',(7.258180683337E-02,-0.425355140508,1.101));
#5362 = LINE('',#5363,#5364);
#5363 = CARTESIAN_POINT('',(7.236900392331E-02,-0.425338778522,1.101));
#5364 = VECTOR('',#5365,1.);
#5365 = DIRECTION('',(0.997057160945,-7.666171018661E-02,0.));
#5366 = ORIENTED_EDGE('',*,*,#5367,.T.);
#5367 = EDGE_CURVE('',#5360,#5061,#5368,.T.);
#5368 = LINE('',#5369,#5370);
#5369 = CARTESIAN_POINT('',(7.258180683337E-02,-0.425355140508,1.101));
#5370 = VECTOR('',#5371,1.);
#5371 = DIRECTION('',(0.,0.,-1.));
#5372 = ORIENTED_EDGE('',*,*,#5060,.T.);
#5373 = ORIENTED_EDGE('',*,*,#5374,.F.);
#5374 = EDGE_CURVE('',#5358,#5050,#5375,.T.);
#5375 = LINE('',#5376,#5377);
#5376 = CARTESIAN_POINT('',(7.236900392338E-02,-0.425338778521,1.101));
#5377 = VECTOR('',#5378,1.);
#5378 = DIRECTION('',(0.,0.,-1.));
#5379 = PLANE('',#5380);
#5380 = AXIS2_PLACEMENT_3D('',#5381,#5382,#5383);
#5381 = CARTESIAN_POINT('',(7.258180683337E-02,-0.425355140508,1.1012));
#5382 = DIRECTION('',(7.66617101867E-02,0.997057160945,0.));
#5383 = DIRECTION('',(0.,-0.,1.));
#5384 = ADVANCED_FACE('',(#5385),#5403,.T.);
#5385 = FACE_BOUND('',#5386,.T.);
#5386 = EDGE_LOOP('',(#5387,#5395,#5401,#5402));
#5387 = ORIENTED_EDGE('',*,*,#5388,.T.);
#5388 = EDGE_CURVE('',#5360,#5389,#5391,.T.);
#5389 = VERTEX_POINT('',#5390);
#5390 = CARTESIAN_POINT('',(7.258180683337E-02,-0.458967638977,1.101));
#5391 = LINE('',#5392,#5393);
#5392 = CARTESIAN_POINT('',(7.258180683337E-02,-0.425355140508,1.101));
#5393 = VECTOR('',#5394,1.);
#5394 = DIRECTION('',(0.,-1.,0.));
#5395 = ORIENTED_EDGE('',*,*,#5396,.T.);
#5396 = EDGE_CURVE('',#5389,#5069,#5397,.T.);
#5397 = LINE('',#5398,#5399);
#5398 = CARTESIAN_POINT('',(7.258180683337E-02,-0.458967638977,1.101));
#5399 = VECTOR('',#5400,1.);
#5400 = DIRECTION('',(0.,0.,-1.));
#5401 = ORIENTED_EDGE('',*,*,#5068,.T.);
#5402 = ORIENTED_EDGE('',*,*,#5367,.F.);
#5403 = PLANE('',#5404);
#5404 = AXIS2_PLACEMENT_3D('',#5405,#5406,#5407);
#5405 = CARTESIAN_POINT('',(7.258180683337E-02,-0.458967638977,1.1012));
#5406 = DIRECTION('',(1.,0.,0.));
#5407 = DIRECTION('',(0.,0.,1.));
#5408 = ADVANCED_FACE('',(#5409),#5427,.T.);
#5409 = FACE_BOUND('',#5410,.T.);
#5410 = EDGE_LOOP('',(#5411,#5419,#5425,#5426));
#5411 = ORIENTED_EDGE('',*,*,#5412,.T.);
#5412 = EDGE_CURVE('',#5389,#5413,#5415,.T.);
#5413 = VERTEX_POINT('',#5414);
#5414 = CARTESIAN_POINT('',(6.384217841096E-02,-0.458967638977,1.101));
#5415 = LINE('',#5416,#5417);
#5416 = CARTESIAN_POINT('',(7.258180683337E-02,-0.458967638977,1.101));
#5417 = VECTOR('',#5418,1.);
#5418 = DIRECTION('',(-1.,0.,0.));
#5419 = ORIENTED_EDGE('',*,*,#5420,.T.);
#5420 = EDGE_CURVE('',#5413,#5077,#5421,.T.);
#5421 = LINE('',#5422,#5423);
#5422 = CARTESIAN_POINT('',(6.384217841096E-02,-0.458967638977,1.101));
#5423 = VECTOR('',#5424,1.);
#5424 = DIRECTION('',(0.,0.,-1.));
#5425 = ORIENTED_EDGE('',*,*,#5076,.T.);
#5426 = ORIENTED_EDGE('',*,*,#5396,.F.);
#5427 = PLANE('',#5428);
#5428 = AXIS2_PLACEMENT_3D('',#5429,#5430,#5431);
#5429 = CARTESIAN_POINT('',(6.384217841096E-02,-0.458967638977,1.1012));
#5430 = DIRECTION('',(0.,-1.,0.));
#5431 = DIRECTION('',(0.,0.,-1.));
#5432 = ADVANCED_FACE('',(#5433),#5452,.T.);
#5433 = FACE_BOUND('',#5434,.T.);
#5434 = EDGE_LOOP('',(#5435,#5444,#5450,#5451));
#5435 = ORIENTED_EDGE('',*,*,#5436,.T.);
#5436 = EDGE_CURVE('',#5413,#5437,#5439,.T.);
#5437 = VERTEX_POINT('',#5438);
#5438 = CARTESIAN_POINT('',(1.988798307088E-02,-0.442065846448,1.101));
#5439 = CIRCLE('',#5440,7.269376024517E-02);
#5440 = AXIS2_PLACEMENT_3D('',#5441,#5442,#5443);
#5441 = CARTESIAN_POINT('',(6.654912737813E-02,-0.386324296501,1.101));
#5442 = DIRECTION('',(0.,0.,-1.));
#5443 = DIRECTION('',(-0.358911239884,-0.933371695459,-0.));
#5444 = ORIENTED_EDGE('',*,*,#5445,.T.);
#5445 = EDGE_CURVE('',#5437,#5085,#5446,.T.);
#5446 = LINE('',#5447,#5448);
#5447 = CARTESIAN_POINT('',(1.988798307088E-02,-0.442065846448,1.101));
#5448 = VECTOR('',#5449,1.);
#5449 = DIRECTION('',(0.,0.,-1.));
#5450 = ORIENTED_EDGE('',*,*,#5084,.T.);
#5451 = ORIENTED_EDGE('',*,*,#5420,.F.);
#5452 = CYLINDRICAL_SURFACE('',#5453,7.269376024517E-02);
#5453 = AXIS2_PLACEMENT_3D('',#5454,#5455,#5456);
#5454 = CARTESIAN_POINT('',(6.654912737813E-02,-0.386324296501,1.1012));
#5455 = DIRECTION('',(0.,0.,-1.));
#5456 = DIRECTION('',(-0.358911239884,-0.933371695459,-0.));
#5457 = ADVANCED_FACE('',(#5458),#5476,.T.);
#5458 = FACE_BOUND('',#5459,.T.);
#5459 = EDGE_LOOP('',(#5460,#5468,#5474,#5475));
#5460 = ORIENTED_EDGE('',*,*,#5461,.T.);
#5461 = EDGE_CURVE('',#5437,#5462,#5464,.T.);
#5462 = VERTEX_POINT('',#5463);
#5463 = CARTESIAN_POINT('',(1.560138683013E-02,-0.437925988326,1.101));
#5464 = LINE('',#5465,#5466);
#5465 = CARTESIAN_POINT('',(1.98879830701E-02,-0.442065846448,1.101));
#5466 = VECTOR('',#5467,1.);
#5467 = DIRECTION('',(-0.719311269185,0.694687914119,0.));
#5468 = ORIENTED_EDGE('',*,*,#5469,.T.);
#5469 = EDGE_CURVE('',#5462,#5094,#5470,.T.);
#5470 = LINE('',#5471,#5472);
#5471 = CARTESIAN_POINT('',(1.560138683013E-02,-0.437925988326,1.101));
#5472 = VECTOR('',#5473,1.);
#5473 = DIRECTION('',(0.,0.,-1.));
#5474 = ORIENTED_EDGE('',*,*,#5093,.T.);
#5475 = ORIENTED_EDGE('',*,*,#5445,.F.);
#5476 = PLANE('',#5477);
#5477 = AXIS2_PLACEMENT_3D('',#5478,#5479,#5480);
#5478 = CARTESIAN_POINT('',(1.560138683013E-02,-0.437925988326,1.1012));
#5479 = DIRECTION('',(-0.694687914119,-0.719311269185,0.));
#5480 = DIRECTION('',(-0.,0.,-1.));
#5481 = ADVANCED_FACE('',(#5482),#5501,.T.);
#5482 = FACE_BOUND('',#5483,.T.);
#5483 = EDGE_LOOP('',(#5484,#5493,#5499,#5500));
#5484 = ORIENTED_EDGE('',*,*,#5485,.T.);
#5485 = EDGE_CURVE('',#5462,#5486,#5488,.T.);
#5486 = VERTEX_POINT('',#5487);
#5487 = CARTESIAN_POINT('',(7.957305995006E-03,-0.42615827701,1.101));
#5488 = CIRCLE('',#5489,5.757686609426E-02);
#5489 = AXIS2_PLACEMENT_3D('',#5490,#5491,#5492);
#5490 = CARTESIAN_POINT('',(5.970370543735E-02,-0.400911383062,1.101));
#5491 = DIRECTION('',(0.,0.,-1.));
#5492 = DIRECTION('',(-0.838604165584,-0.544741272041,-0.));
#5493 = ORIENTED_EDGE('',*,*,#5494,.T.);
#5494 = EDGE_CURVE('',#5486,#5102,#5495,.T.);
#5495 = LINE('',#5496,#5497);
#5496 = CARTESIAN_POINT('',(7.957305995006E-03,-0.42615827701,1.101));
#5497 = VECTOR('',#5498,1.);
#5498 = DIRECTION('',(0.,0.,-1.));
#5499 = ORIENTED_EDGE('',*,*,#5101,.T.);
#5500 = ORIENTED_EDGE('',*,*,#5469,.F.);
#5501 = CYLINDRICAL_SURFACE('',#5502,5.757686609426E-02);
#5502 = AXIS2_PLACEMENT_3D('',#5503,#5504,#5505);
#5503 = CARTESIAN_POINT('',(5.970370543735E-02,-0.400911383062,1.1012));
#5504 = DIRECTION('',(0.,0.,-1.));
#5505 = DIRECTION('',(-0.838604165584,-0.544741272041,-0.));
#5506 = ADVANCED_FACE('',(#5507),#5526,.T.);
#5507 = FACE_BOUND('',#5508,.T.);
#5508 = EDGE_LOOP('',(#5509,#5518,#5524,#5525));
#5509 = ORIENTED_EDGE('',*,*,#5510,.T.);
#5510 = EDGE_CURVE('',#5486,#5511,#5513,.T.);
#5511 = VERTEX_POINT('',#5512);
#5512 = CARTESIAN_POINT('',(2.986190543853E-03,-0.392354691956,1.101));
#5513 = CIRCLE('',#5514,6.261754931501E-02);
#5514 = AXIS2_PLACEMENT_3D('',#5515,#5516,#5517);
#5515 = CARTESIAN_POINT('',(6.507280612965E-02,-0.400491623029,1.101));
#5516 = DIRECTION('',(0.,0.,-1.));
#5517 = DIRECTION('',(-0.989359135354,-0.145493990568,-0.));
#5518 = ORIENTED_EDGE('',*,*,#5519,.T.);
#5519 = EDGE_CURVE('',#5511,#5111,#5520,.T.);
#5520 = LINE('',#5521,#5522);
#5521 = CARTESIAN_POINT('',(2.986190543853E-03,-0.392354691956,1.101));
#5522 = VECTOR('',#5523,1.);
#5523 = DIRECTION('',(0.,0.,-1.));
#5524 = ORIENTED_EDGE('',*,*,#5110,.T.);
#5525 = ORIENTED_EDGE('',*,*,#5494,.F.);
#5526 = CYLINDRICAL_SURFACE('',#5527,6.261754931501E-02);
#5527 = AXIS2_PLACEMENT_3D('',#5528,#5529,#5530);
#5528 = CARTESIAN_POINT('',(6.507280612965E-02,-0.400491623029,1.1012));
#5529 = DIRECTION('',(0.,0.,-1.));
#5530 = DIRECTION('',(-0.989359135354,-0.145493990568,-0.));
#5531 = ADVANCED_FACE('',(#5532),#5551,.T.);
#5532 = FACE_BOUND('',#5533,.T.);
#5533 = EDGE_LOOP('',(#5534,#5543,#5549,#5550));
#5534 = ORIENTED_EDGE('',*,*,#5535,.T.);
#5535 = EDGE_CURVE('',#5511,#5536,#5538,.T.);
#5536 = VERTEX_POINT('',#5537);
#5537 = CARTESIAN_POINT('',(9.501021625548E-03,-0.370377021984,1.101));
#5538 = CIRCLE('',#5539,6.900835403227E-02);
#5539 = AXIS2_PLACEMENT_3D('',#5540,#5541,#5542);
#5540 = CARTESIAN_POINT('',(7.148734442762E-02,-0.400706029744,1.101));
#5541 = DIRECTION('',(0.,0.,-1.));
#5542 = DIRECTION('',(-0.958763303041,0.284205785905,0.));
#5543 = ORIENTED_EDGE('',*,*,#5544,.T.);
#5544 = EDGE_CURVE('',#5536,#5120,#5545,.T.);
#5545 = LINE('',#5546,#5547);
#5546 = CARTESIAN_POINT('',(9.501021625548E-03,-0.370377021984,1.101));
#5547 = VECTOR('',#5548,1.);
#5548 = DIRECTION('',(0.,0.,-1.));
#5549 = ORIENTED_EDGE('',*,*,#5119,.T.);
#5550 = ORIENTED_EDGE('',*,*,#5519,.F.);
#5551 = CYLINDRICAL_SURFACE('',#5552,6.900835403227E-02);
#5552 = AXIS2_PLACEMENT_3D('',#5553,#5554,#5555);
#5553 = CARTESIAN_POINT('',(7.148734442762E-02,-0.400706029744,1.1012));
#5554 = DIRECTION('',(0.,0.,-1.));
#5555 = DIRECTION('',(-0.958763303041,0.284205785905,0.));
#5556 = ADVANCED_FACE('',(#5557),#5576,.T.);
#5557 = FACE_BOUND('',#5558,.T.);
#5558 = EDGE_LOOP('',(#5559,#5568,#5574,#5575));
#5559 = ORIENTED_EDGE('',*,*,#5560,.T.);
#5560 = EDGE_CURVE('',#5536,#5561,#5563,.T.);
#5561 = VERTEX_POINT('',#5562);
#5562 = CARTESIAN_POINT('',(2.252756218593E-02,-0.354917304696,1.101));
#5563 = CIRCLE('',#5564,5.417266223387E-02);
#5564 = AXIS2_PLACEMENT_3D('',#5565,#5566,#5567);
#5565 = CARTESIAN_POINT('',(5.671368005988E-02,-0.396940948973,1.101));
#5566 = DIRECTION('',(0.,0.,-1.));
#5567 = DIRECTION('',(-0.764720301663,0.64436236717,0.));
#5568 = ORIENTED_EDGE('',*,*,#5569,.T.);
#5569 = EDGE_CURVE('',#5561,#5129,#5570,.T.);
#5570 = LINE('',#5571,#5572);
#5571 = CARTESIAN_POINT('',(2.252756218593E-02,-0.354917304696,1.101));
#5572 = VECTOR('',#5573,1.);
#5573 = DIRECTION('',(0.,0.,-1.));
#5574 = ORIENTED_EDGE('',*,*,#5128,.T.);
#5575 = ORIENTED_EDGE('',*,*,#5544,.F.);
#5576 = CYLINDRICAL_SURFACE('',#5577,5.417266223387E-02);
#5577 = AXIS2_PLACEMENT_3D('',#5578,#5579,#5580);
#5578 = CARTESIAN_POINT('',(5.671368005988E-02,-0.396940948973,1.1012));
#5579 = DIRECTION('',(0.,0.,-1.));
#5580 = DIRECTION('',(-0.764720301663,0.64436236717,0.));
#5581 = ADVANCED_FACE('',(#5582),#5601,.T.);
#5582 = FACE_BOUND('',#5583,.T.);
#5583 = EDGE_LOOP('',(#5584,#5593,#5599,#5600));
#5584 = ORIENTED_EDGE('',*,*,#5585,.T.);
#5585 = EDGE_CURVE('',#5561,#5586,#5588,.T.);
#5586 = VERTEX_POINT('',#5587);
#5587 = CARTESIAN_POINT('',(3.579555250948E-02,-0.346620429823,1.101));
#5588 = CIRCLE('',#5589,0.151800416492);
#5589 = AXIS2_PLACEMENT_3D('',#5590,#5591,#5592);
#5590 = CARTESIAN_POINT('',(0.109539191905,-0.479305176858,1.101));
#5591 = DIRECTION('',(0.,0.,-1.));
#5592 = DIRECTION('',(-0.530200242266,0.84787245686,0.));
#5593 = ORIENTED_EDGE('',*,*,#5594,.T.);
#5594 = EDGE_CURVE('',#5586,#5138,#5595,.T.);
#5595 = LINE('',#5596,#5597);
#5596 = CARTESIAN_POINT('',(3.579555250948E-02,-0.346620429823,1.101));
#5597 = VECTOR('',#5598,1.);
#5598 = DIRECTION('',(0.,0.,-1.));
#5599 = ORIENTED_EDGE('',*,*,#5137,.T.);
#5600 = ORIENTED_EDGE('',*,*,#5569,.F.);
#5601 = CYLINDRICAL_SURFACE('',#5602,0.151800416492);
#5602 = AXIS2_PLACEMENT_3D('',#5603,#5604,#5605);
#5603 = CARTESIAN_POINT('',(0.109539191905,-0.479305176858,1.1012));
#5604 = DIRECTION('',(0.,0.,-1.));
#5605 = DIRECTION('',(-0.530200242266,0.84787245686,0.));
#5606 = ADVANCED_FACE('',(#5607),#5626,.T.);
#5607 = FACE_BOUND('',#5608,.T.);
#5608 = EDGE_LOOP('',(#5609,#5618,#5624,#5625));
#5609 = ORIENTED_EDGE('',*,*,#5610,.T.);
#5610 = EDGE_CURVE('',#5586,#5611,#5613,.T.);
#5611 = VERTEX_POINT('',#5612);
#5612 = CARTESIAN_POINT('',(0.106385391891,-0.335683975831,1.101));
#5613 = CIRCLE('',#5614,0.181694658389);
#5614 = AXIS2_PLACEMENT_3D('',#5615,#5616,#5617);
#5615 = CARTESIAN_POINT('',(9.836572492608E-02,-0.517201561285,1.101));
#5616 = DIRECTION('',(0.,0.,-1.));
#5617 = DIRECTION('',(-0.153102994546,0.988210237278,0.));
#5618 = ORIENTED_EDGE('',*,*,#5619,.T.);
#5619 = EDGE_CURVE('',#5611,#5147,#5620,.T.);
#5620 = LINE('',#5621,#5622);
#5621 = CARTESIAN_POINT('',(0.106385391891,-0.335683975831,1.101));
#5622 = VECTOR('',#5623,1.);
#5623 = DIRECTION('',(0.,0.,-1.));
#5624 = ORIENTED_EDGE('',*,*,#5146,.T.);
#5625 = ORIENTED_EDGE('',*,*,#5594,.F.);
#5626 = CYLINDRICAL_SURFACE('',#5627,0.181694658389);
#5627 = AXIS2_PLACEMENT_3D('',#5628,#5629,#5630);
#5628 = CARTESIAN_POINT('',(9.836572492608E-02,-0.517201561285,1.1012));
#5629 = DIRECTION('',(0.,0.,-1.));
#5630 = DIRECTION('',(-0.153102994546,0.988210237278,0.));
#5631 = ADVANCED_FACE('',(#5632),#5651,.T.);
#5632 = FACE_BOUND('',#5633,.T.);
#5633 = EDGE_LOOP('',(#5634,#5643,#5649,#5650));
#5634 = ORIENTED_EDGE('',*,*,#5635,.T.);
#5635 = EDGE_CURVE('',#5611,#5636,#5638,.T.);
#5636 = VERTEX_POINT('',#5637);
#5637 = CARTESIAN_POINT('',(0.136940771217,-0.337672422008,1.101));
#5638 = CIRCLE('',#5639,0.258679068566);
#5639 = AXIS2_PLACEMENT_3D('',#5640,#5641,#5642);
#5640 = CARTESIAN_POINT('',(0.104894057272,-0.594358745445,1.101));
#5641 = DIRECTION('',(0.,0.,-1.));
#5642 = DIRECTION('',(6.493943207769E-02,0.997889207358,0.));
#5643 = ORIENTED_EDGE('',*,*,#5644,.T.);
#5644 = EDGE_CURVE('',#5636,#5156,#5645,.T.);
#5645 = LINE('',#5646,#5647);
#5646 = CARTESIAN_POINT('',(0.136940771217,-0.337672422008,1.101));
#5647 = VECTOR('',#5648,1.);
#5648 = DIRECTION('',(0.,0.,-1.));
#5649 = ORIENTED_EDGE('',*,*,#5155,.T.);
#5650 = ORIENTED_EDGE('',*,*,#5619,.F.);
#5651 = CYLINDRICAL_SURFACE('',#5652,0.258679068566);
#5652 = AXIS2_PLACEMENT_3D('',#5653,#5654,#5655);
#5653 = CARTESIAN_POINT('',(0.104894057272,-0.594358745445,1.1012));
#5654 = DIRECTION('',(0.,0.,-1.));
#5655 = DIRECTION('',(6.493943207769E-02,0.997889207358,0.));
#5656 = ADVANCED_FACE('',(#5657),#5676,.F.);
#5657 = FACE_BOUND('',#5658,.F.);
#5658 = EDGE_LOOP('',(#5659,#5667,#5668,#5669));
#5659 = ORIENTED_EDGE('',*,*,#5660,.T.);
#5660 = EDGE_CURVE('',#5661,#5052,#5663,.T.);
#5661 = VERTEX_POINT('',#5662);
#5662 = CARTESIAN_POINT('',(4.388634230021E-02,-0.418591654395,1.101));
#5663 = LINE('',#5664,#5665);
#5664 = CARTESIAN_POINT('',(4.388634230021E-02,-0.418591654395,1.101));
#5665 = VECTOR('',#5666,1.);
#5666 = DIRECTION('',(0.,0.,-1.));
#5667 = ORIENTED_EDGE('',*,*,#5049,.F.);
#5668 = ORIENTED_EDGE('',*,*,#5374,.F.);
#5669 = ORIENTED_EDGE('',*,*,#5670,.F.);
#5670 = EDGE_CURVE('',#5661,#5358,#5671,.T.);
#5671 = CIRCLE('',#5672,5.583813333567E-02);
#5672 = AXIS2_PLACEMENT_3D('',#5673,#5674,#5675);
#5673 = CARTESIAN_POINT('',(7.054872915909E-02,-0.369530322764,1.101));
#5674 = DIRECTION('',(0.,0.,1.));
#5675 = DIRECTION('',(-0.230506191929,-0.973070858408,0.));
#5676 = CYLINDRICAL_SURFACE('',#5677,5.583813333567E-02);
#5677 = AXIS2_PLACEMENT_3D('',#5678,#5679,#5680);
#5678 = CARTESIAN_POINT('',(7.054872915909E-02,-0.369530322764,1.1012));
#5679 = DIRECTION('',(0.,0.,-1.));
#5680 = DIRECTION('',(-0.230506191929,-0.973070858408,-0.));
#5681 = ADVANCED_FACE('',(#5682),#5708,.F.);
#5682 = FACE_BOUND('',#5683,.F.);
#5683 = EDGE_LOOP('',(#5684,#5692,#5693,#5701));
#5684 = ORIENTED_EDGE('',*,*,#5685,.T.);
#5685 = EDGE_CURVE('',#5686,#5280,#5688,.T.);
#5686 = VERTEX_POINT('',#5687);
#5687 = CARTESIAN_POINT('',(0.172004115823,-0.382412461056,1.101));
#5688 = LINE('',#5689,#5690);
#5689 = CARTESIAN_POINT('',(0.172004115823,-0.382412461056,1.101));
#5690 = VECTOR('',#5691,1.);
#5691 = DIRECTION('',(0.,0.,-1.));
#5692 = ORIENTED_EDGE('',*,*,#5290,.F.);
#5693 = ORIENTED_EDGE('',*,*,#5694,.F.);
#5694 = EDGE_CURVE('',#5695,#5291,#5697,.T.);
#5695 = VERTEX_POINT('',#5696);
#5696 = CARTESIAN_POINT('',(0.153113877115,-0.372470230158,1.101));
#5697 = LINE('',#5698,#5699);
#5698 = CARTESIAN_POINT('',(0.153113877115,-0.372470230158,1.101));
#5699 = VECTOR('',#5700,1.);
#5700 = DIRECTION('',(0.,0.,-1.));
#5701 = ORIENTED_EDGE('',*,*,#5702,.F.);
#5702 = EDGE_CURVE('',#5686,#5695,#5703,.T.);
#5703 = CIRCLE('',#5704,3.151114274895E-02);
#5704 = AXIS2_PLACEMENT_3D('',#5705,#5706,#5707);
#5705 = CARTESIAN_POINT('',(0.148750342446,-0.403677788258,1.101));
#5706 = DIRECTION('',(0.,0.,1.));
#5707 = DIRECTION('',(0.465746432729,0.884918222437,-0.));
#5708 = CYLINDRICAL_SURFACE('',#5709,3.151114274895E-02);
#5709 = AXIS2_PLACEMENT_3D('',#5710,#5711,#5712);
#5710 = CARTESIAN_POINT('',(0.148750342446,-0.403677788258,1.1012));
#5711 = DIRECTION('',(0.,0.,-1.));
#5712 = DIRECTION('',(0.465746432729,0.884918222437,0.));
#5713 = ADVANCED_FACE('',(#5714),#5733,.F.);
#5714 = FACE_BOUND('',#5715,.F.);
#5715 = EDGE_LOOP('',(#5716,#5717,#5718,#5726));
#5716 = ORIENTED_EDGE('',*,*,#5694,.T.);
#5717 = ORIENTED_EDGE('',*,*,#5299,.F.);
#5718 = ORIENTED_EDGE('',*,*,#5719,.F.);
#5719 = EDGE_CURVE('',#5720,#5300,#5722,.T.);
#5720 = VERTEX_POINT('',#5721);
#5721 = CARTESIAN_POINT('',(0.127264076777,-0.370481783977,1.101));
#5722 = LINE('',#5723,#5724);
#5723 = CARTESIAN_POINT('',(0.127264076777,-0.370481783977,1.101));
#5724 = VECTOR('',#5725,1.);
#5725 = DIRECTION('',(0.,0.,-1.));
#5726 = ORIENTED_EDGE('',*,*,#5727,.F.);
#5727 = EDGE_CURVE('',#5695,#5720,#5728,.T.);
#5728 = CIRCLE('',#5729,8.685326151075E-02);
#5729 = AXIS2_PLACEMENT_3D('',#5730,#5731,#5732);
#5730 = CARTESIAN_POINT('',(0.133602248966,-0.457103470685,1.101));
#5731 = DIRECTION('',(0.,0.,1.));
#5732 = DIRECTION('',(7.669649899158E-02,0.997054485493,-0.));
#5733 = CYLINDRICAL_SURFACE('',#5734,8.685326151075E-02);
#5734 = AXIS2_PLACEMENT_3D('',#5735,#5736,#5737);
#5735 = CARTESIAN_POINT('',(0.133602248966,-0.457103470685,1.1012));
#5736 = DIRECTION('',(0.,0.,-1.));
#5737 = DIRECTION('',(7.669649899158E-02,0.997054485493,0.));
#5738 = ADVANCED_FACE('',(#5739),#5757,.T.);
#5739 = FACE_BOUND('',#5740,.T.);
#5740 = EDGE_LOOP('',(#5741,#5749,#5755,#5756));
#5741 = ORIENTED_EDGE('',*,*,#5742,.T.);
#5742 = EDGE_CURVE('',#5720,#5743,#5745,.T.);
#5743 = VERTEX_POINT('',#5744);
#5744 = CARTESIAN_POINT('',(0.127264076777,-0.425164053921,1.101));
#5745 = LINE('',#5746,#5747);
#5746 = CARTESIAN_POINT('',(0.127264076777,-0.370481783977,1.101));
#5747 = VECTOR('',#5748,1.);
#5748 = DIRECTION('',(0.,-1.,0.));
#5749 = ORIENTED_EDGE('',*,*,#5750,.T.);
#5750 = EDGE_CURVE('',#5743,#5309,#5751,.T.);
#5751 = LINE('',#5752,#5753);
#5752 = CARTESIAN_POINT('',(0.127264076777,-0.425164053921,1.101));
#5753 = VECTOR('',#5754,1.);
#5754 = DIRECTION('',(0.,0.,-1.));
#5755 = ORIENTED_EDGE('',*,*,#5308,.T.);
#5756 = ORIENTED_EDGE('',*,*,#5719,.F.);
#5757 = PLANE('',#5758);
#5758 = AXIS2_PLACEMENT_3D('',#5759,#5760,#5761);
#5759 = CARTESIAN_POINT('',(0.127264076777,-0.425164053921,1.1012));
#5760 = DIRECTION('',(1.,0.,0.));
#5761 = DIRECTION('',(0.,0.,1.));
#5762 = ADVANCED_FACE('',(#5763),#5782,.F.);
#5763 = FACE_BOUND('',#5764,.F.);
#5764 = EDGE_LOOP('',(#5765,#5773,#5774,#5775));
#5765 = ORIENTED_EDGE('',*,*,#5766,.T.);
#5766 = EDGE_CURVE('',#5767,#5282,#5769,.T.);
#5767 = VERTEX_POINT('',#5768);
#5768 = CARTESIAN_POINT('',(0.178381265687,-0.396916432352,1.101));
#5769 = LINE('',#5770,#5771);
#5770 = CARTESIAN_POINT('',(0.178381265687,-0.396916432352,1.101));
#5771 = VECTOR('',#5772,1.);
#5772 = DIRECTION('',(0.,0.,-1.));
#5773 = ORIENTED_EDGE('',*,*,#5279,.F.);
#5774 = ORIENTED_EDGE('',*,*,#5685,.F.);
#5775 = ORIENTED_EDGE('',*,*,#5776,.F.);
#5776 = EDGE_CURVE('',#5767,#5686,#5777,.T.);
#5777 = CIRCLE('',#5778,2.112406455401E-02);
#5778 = AXIS2_PLACEMENT_3D('',#5779,#5780,#5781);
#5779 = CARTESIAN_POINT('',(0.157266592215,-0.397546247798,1.101));
#5780 = DIRECTION('',(0.,0.,1.));
#5781 = DIRECTION('',(0.915421967363,0.402495492731,-0.));
#5782 = CYLINDRICAL_SURFACE('',#5783,2.112406455401E-02);
#5783 = AXIS2_PLACEMENT_3D('',#5784,#5785,#5786);
#5784 = CARTESIAN_POINT('',(0.157266592215,-0.397546247798,1.1012));
#5785 = DIRECTION('',(0.,0.,-1.));
#5786 = DIRECTION('',(0.915421967363,0.402495492731,0.));
#5787 = ADVANCED_FACE('',(#5788),#5807,.F.);
#5788 = FACE_BOUND('',#5789,.F.);
#5789 = EDGE_LOOP('',(#5790,#5798,#5799,#5800));
#5790 = ORIENTED_EDGE('',*,*,#5791,.T.);
#5791 = EDGE_CURVE('',#5792,#5262,#5794,.T.);
#5792 = VERTEX_POINT('',#5793);
#5793 = CARTESIAN_POINT('',(3.942162665018E-02,-0.414374105693,1.101));
#5794 = LINE('',#5795,#5796);
#5795 = CARTESIAN_POINT('',(3.942162665018E-02,-0.414374105693,1.101));
#5796 = VECTOR('',#5797,1.);
#5797 = DIRECTION('',(0.,0.,-1.));
#5798 = ORIENTED_EDGE('',*,*,#5270,.F.);
#5799 = ORIENTED_EDGE('',*,*,#5660,.F.);
#5800 = ORIENTED_EDGE('',*,*,#5801,.F.);
#5801 = EDGE_CURVE('',#5792,#5661,#5802,.T.);
#5802 = CIRCLE('',#5803,1.563951285893E-02);
#5803 = AXIS2_PLACEMENT_3D('',#5804,#5805,#5806);
#5804 = CARTESIAN_POINT('',(5.218454814691E-02,-0.405335178913,1.101));
#5805 = DIRECTION('',(0.,0.,1.));
#5806 = DIRECTION('',(-0.68669864147,-0.726942209397,0.));
#5807 = CYLINDRICAL_SURFACE('',#5808,1.563951285893E-02);
#5808 = AXIS2_PLACEMENT_3D('',#5809,#5810,#5811);
#5809 = CARTESIAN_POINT('',(5.218454814691E-02,-0.405335178913,1.1012));
#5810 = DIRECTION('',(0.,0.,-1.));
#5811 = DIRECTION('',(-0.68669864147,-0.726942209397,-0.));
#5812 = ADVANCED_FACE('',(#5813),#5832,.F.);
#5813 = FACE_BOUND('',#5814,.F.);
#5814 = EDGE_LOOP('',(#5815,#5823,#5824,#5825));
#5815 = ORIENTED_EDGE('',*,*,#5816,.T.);
#5816 = EDGE_CURVE('',#5817,#5253,#5819,.T.);
#5817 = VERTEX_POINT('',#5818);
#5818 = CARTESIAN_POINT('',(3.579555250948E-02,-0.389372022683,1.101));
#5819 = LINE('',#5820,#5821);
#5820 = CARTESIAN_POINT('',(3.579555250948E-02,-0.389372022683,1.101));
#5821 = VECTOR('',#5822,1.);
#5822 = DIRECTION('',(0.,0.,-1.));
#5823 = ORIENTED_EDGE('',*,*,#5261,.F.);
#5824 = ORIENTED_EDGE('',*,*,#5791,.F.);
#5825 = ORIENTED_EDGE('',*,*,#5826,.F.);
#5826 = EDGE_CURVE('',#5817,#5792,#5827,.T.);
#5827 = CIRCLE('',#5828,2.315178351086E-02);
#5828 = AXIS2_PLACEMENT_3D('',#5829,#5830,#5831);
#5829 = CARTESIAN_POINT('',(5.680981327601E-02,-0.399088293787,1.101));
#5830 = DIRECTION('',(0.,0.,1.));
#5831 = DIRECTION('',(-0.989646076347,-0.14352924291,0.));
#5832 = CYLINDRICAL_SURFACE('',#5833,2.315178351086E-02);
#5833 = AXIS2_PLACEMENT_3D('',#5834,#5835,#5836);
#5834 = CARTESIAN_POINT('',(5.680981327601E-02,-0.399088293787,1.1012));
#5835 = DIRECTION('',(0.,0.,-1.));
#5836 = DIRECTION('',(-0.989646076347,-0.14352924291,-0.));
#5837 = ADVANCED_FACE('',(#5838),#5857,.F.);
#5838 = FACE_BOUND('',#5839,.F.);
#5839 = EDGE_LOOP('',(#5840,#5848,#5849,#5850));
#5840 = ORIENTED_EDGE('',*,*,#5841,.T.);
#5841 = EDGE_CURVE('',#5842,#5244,#5844,.T.);
#5842 = VERTEX_POINT('',#5843);
#5843 = CARTESIAN_POINT('',(4.826948242058E-02,-0.376898092774,1.101));
#5844 = LINE('',#5845,#5846);
#5845 = CARTESIAN_POINT('',(4.826948242058E-02,-0.376898092774,1.101));
#5846 = VECTOR('',#5847,1.);
#5847 = DIRECTION('',(0.,0.,-1.));
#5848 = ORIENTED_EDGE('',*,*,#5252,.F.);
#5849 = ORIENTED_EDGE('',*,*,#5816,.F.);
#5850 = ORIENTED_EDGE('',*,*,#5851,.F.);
#5851 = EDGE_CURVE('',#5842,#5817,#5852,.T.);
#5852 = CIRCLE('',#5853,2.540828608757E-02);
#5853 = AXIS2_PLACEMENT_3D('',#5854,#5855,#5856);
#5854 = CARTESIAN_POINT('',(5.888157586724E-02,-0.399984116134,1.101));
#5855 = DIRECTION('',(0.,0.,1.));
#5856 = DIRECTION('',(-0.70710678112,0.707106781253,0.));
#5857 = CYLINDRICAL_SURFACE('',#5858,2.540828608757E-02);
#5858 = AXIS2_PLACEMENT_3D('',#5859,#5860,#5861);
#5859 = CARTESIAN_POINT('',(5.888157586724E-02,-0.399984116134,1.1012));
#5860 = DIRECTION('',(0.,0.,-1.));
#5861 = DIRECTION('',(-0.70710678112,0.707106781253,0.));
#5862 = ADVANCED_FACE('',(#5863),#5882,.F.);
#5863 = FACE_BOUND('',#5864,.F.);
#5864 = EDGE_LOOP('',(#5865,#5873,#5874,#5875));
#5865 = ORIENTED_EDGE('',*,*,#5866,.T.);
#5866 = EDGE_CURVE('',#5867,#5235,#5869,.T.);
#5867 = VERTEX_POINT('',#5868);
#5868 = CARTESIAN_POINT('',(6.76106913856E-02,-0.371476007066,1.101));
#5869 = LINE('',#5870,#5871);
#5870 = CARTESIAN_POINT('',(6.76106913856E-02,-0.371476007066,1.101));
#5871 = VECTOR('',#5872,1.);
#5872 = DIRECTION('',(0.,0.,-1.));
#5873 = ORIENTED_EDGE('',*,*,#5243,.F.);
#5874 = ORIENTED_EDGE('',*,*,#5841,.F.);
#5875 = ORIENTED_EDGE('',*,*,#5876,.F.);
#5876 = EDGE_CURVE('',#5867,#5842,#5877,.T.);
#5877 = CIRCLE('',#5878,6.52524528492E-02);
#5878 = AXIS2_PLACEMENT_3D('',#5879,#5880,#5881);
#5879 = CARTESIAN_POINT('',(7.534393497437E-02,-0.436268595736,1.101));
#5880 = DIRECTION('',(0.,0.,1.));
#5881 = DIRECTION('',(-0.269932160551,0.962879342753,0.));
#5882 = CYLINDRICAL_SURFACE('',#5883,6.52524528492E-02);
#5883 = AXIS2_PLACEMENT_3D('',#5884,#5885,#5886);
#5884 = CARTESIAN_POINT('',(7.534393497437E-02,-0.436268595736,1.1012));
#5885 = DIRECTION('',(0.,0.,-1.));
#5886 = DIRECTION('',(-0.269932160551,0.962879342753,0.));
#5887 = ADVANCED_FACE('',(#5888),#5907,.F.);
#5888 = FACE_BOUND('',#5889,.F.);
#5889 = EDGE_LOOP('',(#5890,#5898,#5899,#5900));
#5890 = ORIENTED_EDGE('',*,*,#5891,.T.);
#5891 = EDGE_CURVE('',#5892,#5227,#5894,.T.);
#5892 = VERTEX_POINT('',#5893);
#5893 = CARTESIAN_POINT('',(9.84316071721E-02,-0.370481783977,1.101));
#5894 = LINE('',#5895,#5896);
#5895 = CARTESIAN_POINT('',(9.84316071721E-02,-0.370481783977,1.101));
#5896 = VECTOR('',#5897,1.);
#5897 = DIRECTION('',(0.,0.,-1.));
#5898 = ORIENTED_EDGE('',*,*,#5234,.F.);
#5899 = ORIENTED_EDGE('',*,*,#5866,.F.);
#5900 = ORIENTED_EDGE('',*,*,#5901,.F.);
#5901 = EDGE_CURVE('',#5892,#5867,#5902,.T.);
#5902 = CIRCLE('',#5903,0.496157913702);
#5903 = AXIS2_PLACEMENT_3D('',#5904,#5905,#5906);
#5904 = CARTESIAN_POINT('',(9.901019653436E-02,-0.86663936032,1.101));
#5905 = DIRECTION('',(0.,0.,1.));
#5906 = DIRECTION('',(-3.224129401828E-02,0.999480114339,0.));
#5907 = CYLINDRICAL_SURFACE('',#5908,0.496157913702);
#5908 = AXIS2_PLACEMENT_3D('',#5909,#5910,#5911);
#5909 = CARTESIAN_POINT('',(9.901019653436E-02,-0.86663936032,1.1012));
#5910 = DIRECTION('',(0.,0.,-1.));
#5911 = DIRECTION('',(-3.224129401828E-02,0.999480114339,0.));
#5912 = ADVANCED_FACE('',(#5913),#5931,.T.);
#5913 = FACE_BOUND('',#5914,.T.);
#5914 = EDGE_LOOP('',(#5915,#5923,#5924,#5925));
#5915 = ORIENTED_EDGE('',*,*,#5916,.T.);
#5916 = EDGE_CURVE('',#5917,#5892,#5919,.T.);
#5917 = VERTEX_POINT('',#5918);
#5918 = CARTESIAN_POINT('',(9.84316071721E-02,-0.460956085154,1.101));
#5919 = LINE('',#5920,#5921);
#5920 = CARTESIAN_POINT('',(9.84316071721E-02,-0.460956085154,1.101));
#5921 = VECTOR('',#5922,1.);
#5922 = DIRECTION('',(0.,1.,0.));
#5923 = ORIENTED_EDGE('',*,*,#5891,.T.);
#5924 = ORIENTED_EDGE('',*,*,#5226,.T.);
#5925 = ORIENTED_EDGE('',*,*,#5926,.F.);
#5926 = EDGE_CURVE('',#5917,#5219,#5927,.T.);
#5927 = LINE('',#5928,#5929);
#5928 = CARTESIAN_POINT('',(9.84316071721E-02,-0.460956085154,1.101));
#5929 = VECTOR('',#5930,1.);
#5930 = DIRECTION('',(0.,0.,-1.));
#5931 = PLANE('',#5932);
#5932 = AXIS2_PLACEMENT_3D('',#5933,#5934,#5935);
#5933 = CARTESIAN_POINT('',(9.84316071721E-02,-0.370481783977,1.1012));
#5934 = DIRECTION('',(-1.,0.,0.));
#5935 = DIRECTION('',(0.,0.,-1.));
#5936 = ADVANCED_FACE('',(#5937),#5955,.T.);
#5937 = FACE_BOUND('',#5938,.T.);
#5938 = EDGE_LOOP('',(#5939,#5947,#5948,#5949));
#5939 = ORIENTED_EDGE('',*,*,#5940,.T.);
#5940 = EDGE_CURVE('',#5941,#5917,#5943,.T.);
#5941 = VERTEX_POINT('',#5942);
#5942 = CARTESIAN_POINT('',(0.11632762279,-0.460956085154,1.101));
#5943 = LINE('',#5944,#5945);
#5944 = CARTESIAN_POINT('',(0.11632762279,-0.460956085154,1.101));
#5945 = VECTOR('',#5946,1.);
#5946 = DIRECTION('',(-1.,0.,0.));
#5947 = ORIENTED_EDGE('',*,*,#5926,.T.);
#5948 = ORIENTED_EDGE('',*,*,#5218,.T.);
#5949 = ORIENTED_EDGE('',*,*,#5950,.F.);
#5950 = EDGE_CURVE('',#5941,#5210,#5951,.T.);
#5951 = LINE('',#5952,#5953);
#5952 = CARTESIAN_POINT('',(0.11632762279,-0.460956085154,1.101));
#5953 = VECTOR('',#5954,1.);
#5954 = DIRECTION('',(0.,0.,-1.));
#5955 = PLANE('',#5956);
#5956 = AXIS2_PLACEMENT_3D('',#5957,#5958,#5959);
#5957 = CARTESIAN_POINT('',(9.84316071721E-02,-0.460956085154,1.1012));
#5958 = DIRECTION('',(0.,-1.,0.));
#5959 = DIRECTION('',(0.,0.,-1.));
#5960 = ADVANCED_FACE('',(#5961),#5980,.T.);
#5961 = FACE_BOUND('',#5962,.T.);
#5962 = EDGE_LOOP('',(#5963,#5972,#5973,#5974));
#5963 = ORIENTED_EDGE('',*,*,#5964,.T.);
#5964 = EDGE_CURVE('',#5965,#5941,#5967,.T.);
#5965 = VERTEX_POINT('',#5966);
#5966 = CARTESIAN_POINT('',(0.162061884925,-0.455984969706,1.101));
#5967 = CIRCLE('',#5968,0.230075557685);
#5968 = AXIS2_PLACEMENT_3D('',#5969,#5970,#5971);
#5969 = CARTESIAN_POINT('',(0.114457536507,-0.230888127757,1.101));
#5970 = DIRECTION('',(0.,0.,-1.));
#5971 = DIRECTION('',(0.108059180743,-0.994144463072,0.));
#5972 = ORIENTED_EDGE('',*,*,#5950,.T.);
#5973 = ORIENTED_EDGE('',*,*,#5209,.T.);
#5974 = ORIENTED_EDGE('',*,*,#5975,.F.);
#5975 = EDGE_CURVE('',#5965,#5201,#5976,.T.);
#5976 = LINE('',#5977,#5978);
#5977 = CARTESIAN_POINT('',(0.162061884925,-0.455984969706,1.101));
#5978 = VECTOR('',#5979,1.);
#5979 = DIRECTION('',(0.,0.,-1.));
#5980 = CYLINDRICAL_SURFACE('',#5981,0.230075557685);
#5981 = AXIS2_PLACEMENT_3D('',#5982,#5983,#5984);
#5982 = CARTESIAN_POINT('',(0.114457536507,-0.230888127757,1.1012));
#5983 = DIRECTION('',(0.,0.,-1.));
#5984 = DIRECTION('',(0.108059180743,-0.994144463072,0.));
#5985 = ADVANCED_FACE('',(#5986),#6005,.T.);
#5986 = FACE_BOUND('',#5987,.T.);
#5987 = EDGE_LOOP('',(#5988,#5997,#5998,#5999));
#5988 = ORIENTED_EDGE('',*,*,#5989,.T.);
#5989 = EDGE_CURVE('',#5990,#5965,#5992,.T.);
#5990 = VERTEX_POINT('',#5991);
#5991 = CARTESIAN_POINT('',(0.190894354532,-0.442065846448,1.101));
#5992 = CIRCLE('',#5993,6.964428007362E-02);
#5993 = AXIS2_PLACEMENT_3D('',#5994,#5995,#5996);
#5994 = CARTESIAN_POINT('',(0.147011039641,-0.387986456464,1.101));
#5995 = DIRECTION('',(0.,0.,-1.));
#5996 = DIRECTION('',(0.434749065799,-0.90055163638,0.));
#5997 = ORIENTED_EDGE('',*,*,#5975,.T.);
#5998 = ORIENTED_EDGE('',*,*,#5200,.T.);
#5999 = ORIENTED_EDGE('',*,*,#6000,.F.);
#6000 = EDGE_CURVE('',#5990,#5192,#6001,.T.);
#6001 = LINE('',#6002,#6003);
#6002 = CARTESIAN_POINT('',(0.190894354532,-0.442065846448,1.101));
#6003 = VECTOR('',#6004,1.);
#6004 = DIRECTION('',(0.,0.,-1.));
#6005 = CYLINDRICAL_SURFACE('',#6006,6.964428007362E-02);
#6006 = AXIS2_PLACEMENT_3D('',#6007,#6008,#6009);
#6007 = CARTESIAN_POINT('',(0.147011039641,-0.387986456464,1.1012));
#6008 = DIRECTION('',(0.,0.,-1.));
#6009 = DIRECTION('',(0.434749065799,-0.90055163638,0.));
#6010 = ADVANCED_FACE('',(#6011),#6030,.T.);
#6011 = FACE_BOUND('',#6012,.T.);
#6012 = EDGE_LOOP('',(#6013,#6022,#6023,#6024));
#6013 = ORIENTED_EDGE('',*,*,#6014,.T.);
#6014 = EDGE_CURVE('',#6015,#5990,#6017,.T.);
#6015 = VERTEX_POINT('',#6016);
#6016 = CARTESIAN_POINT('',(0.205444698082,-0.418204492289,1.101));
#6017 = CIRCLE('',#6018,5.54714738596E-02);
#6018 = AXIS2_PLACEMENT_3D('',#6019,#6020,#6021);
#6019 = CARTESIAN_POINT('',(0.152336207463,-0.402186607406,1.101));
#6020 = DIRECTION('',(0.,0.,-1.));
#6021 = DIRECTION('',(0.853784448353,-0.520626656781,0.));
#6022 = ORIENTED_EDGE('',*,*,#6000,.T.);
#6023 = ORIENTED_EDGE('',*,*,#5191,.T.);
#6024 = ORIENTED_EDGE('',*,*,#6025,.F.);
#6025 = EDGE_CURVE('',#6015,#5183,#6026,.T.);
#6026 = LINE('',#6027,#6028);
#6027 = CARTESIAN_POINT('',(0.205444698082,-0.418204492289,1.101));
#6028 = VECTOR('',#6029,1.);
#6029 = DIRECTION('',(0.,0.,-1.));
#6030 = CYLINDRICAL_SURFACE('',#6031,5.54714738596E-02);
#6031 = AXIS2_PLACEMENT_3D('',#6032,#6033,#6034);
#6032 = CARTESIAN_POINT('',(0.152336207463,-0.402186607406,1.1012));
#6033 = DIRECTION('',(0.,0.,-1.));
#6034 = DIRECTION('',(0.853784448353,-0.520626656781,0.));
#6035 = ADVANCED_FACE('',(#6036),#6055,.T.);
#6036 = FACE_BOUND('',#6037,.T.);
#6037 = EDGE_LOOP('',(#6038,#6047,#6048,#6049));
#6038 = ORIENTED_EDGE('',*,*,#6039,.T.);
#6039 = EDGE_CURVE('',#6040,#6015,#6042,.T.);
#6040 = VERTEX_POINT('',#6041);
#6041 = CARTESIAN_POINT('',(0.206801923969,-0.383406684146,1.101));
#6042 = CIRCLE('',#6043,6.767639141965E-02);
#6043 = AXIS2_PLACEMENT_3D('',#6044,#6045,#6046);
#6044 = CARTESIAN_POINT('',(0.140774897048,-0.398256790927,1.101));
#6045 = DIRECTION('',(0.,0.,-1.));
#6046 = DIRECTION('',(0.999240241903,-3.897356746406E-02,0.));
#6047 = ORIENTED_EDGE('',*,*,#6025,.T.);
#6048 = ORIENTED_EDGE('',*,*,#5182,.T.);
#6049 = ORIENTED_EDGE('',*,*,#6050,.F.);
#6050 = EDGE_CURVE('',#6040,#5174,#6051,.T.);
#6051 = LINE('',#6052,#6053);
#6052 = CARTESIAN_POINT('',(0.206801923969,-0.383406684146,1.101));
#6053 = VECTOR('',#6054,1.);
#6054 = DIRECTION('',(0.,0.,-1.));
#6055 = CYLINDRICAL_SURFACE('',#6056,6.767639141965E-02);
#6056 = AXIS2_PLACEMENT_3D('',#6057,#6058,#6059);
#6057 = CARTESIAN_POINT('',(0.140774897048,-0.398256790927,1.1012));
#6058 = DIRECTION('',(0.,0.,-1.));
#6059 = DIRECTION('',(0.999240241903,-3.897356746406E-02,0.));
#6060 = ADVANCED_FACE('',(#6061),#6080,.T.);
#6061 = FACE_BOUND('',#6062,.T.);
#6062 = EDGE_LOOP('',(#6063,#6072,#6073,#6074));
#6063 = ORIENTED_EDGE('',*,*,#6064,.T.);
#6064 = EDGE_CURVE('',#6065,#6040,#6067,.T.);
#6065 = VERTEX_POINT('',#6066);
#6066 = CARTESIAN_POINT('',(0.182474193295,-0.351244348004,1.101));
#6067 = CIRCLE('',#6068,5.541309138018E-02);
#6068 = AXIS2_PLACEMENT_3D('',#6069,#6070,#6071);
#6069 = CARTESIAN_POINT('',(0.153473420522,-0.39846262704,1.101));
#6070 = DIRECTION('',(0.,0.,-1.));
#6071 = DIRECTION('',(0.797541611543,0.603263937143,0.));
#6072 = ORIENTED_EDGE('',*,*,#6050,.T.);
#6073 = ORIENTED_EDGE('',*,*,#5173,.T.);
#6074 = ORIENTED_EDGE('',*,*,#6075,.F.);
#6075 = EDGE_CURVE('',#6065,#5165,#6076,.T.);
#6076 = LINE('',#6077,#6078);
#6077 = CARTESIAN_POINT('',(0.182474193295,-0.351244348004,1.101));
#6078 = VECTOR('',#6079,1.);
#6079 = DIRECTION('',(0.,0.,-1.));
#6080 = CYLINDRICAL_SURFACE('',#6081,5.541309138018E-02);
#6081 = AXIS2_PLACEMENT_3D('',#6082,#6083,#6084);
#6082 = CARTESIAN_POINT('',(0.153473420522,-0.39846262704,1.1012));
#6083 = DIRECTION('',(0.,0.,-1.));
#6084 = DIRECTION('',(0.797541611543,0.603263937143,0.));
#6085 = ADVANCED_FACE('',(#6086),#6098,.T.);
#6086 = FACE_BOUND('',#6087,.T.);
#6087 = EDGE_LOOP('',(#6088,#6095,#6096,#6097));
#6088 = ORIENTED_EDGE('',*,*,#6089,.T.);
#6089 = EDGE_CURVE('',#5636,#6065,#6090,.T.);
#6090 = CIRCLE('',#6091,0.127101615487);
#6091 = AXIS2_PLACEMENT_3D('',#6092,#6093,#6094);
#6092 = CARTESIAN_POINT('',(0.124041195677,-0.464117752528,1.101));
#6093 = DIRECTION('',(0.,0.,-1.));
#6094 = DIRECTION('',(0.285646294115,0.958335116052,0.));
#6095 = ORIENTED_EDGE('',*,*,#6075,.T.);
#6096 = ORIENTED_EDGE('',*,*,#5164,.T.);
#6097 = ORIENTED_EDGE('',*,*,#5644,.F.);
#6098 = CYLINDRICAL_SURFACE('',#6099,0.127101615487);
#6099 = AXIS2_PLACEMENT_3D('',#6100,#6101,#6102);
#6100 = CARTESIAN_POINT('',(0.124041195677,-0.464117752528,1.1012));
#6101 = DIRECTION('',(0.,0.,-1.));
#6102 = DIRECTION('',(0.285646294115,0.958335116052,0.));
#6103 = ADVANCED_FACE('',(#6104),#6123,.F.);
#6104 = FACE_BOUND('',#6105,.F.);
#6105 = EDGE_LOOP('',(#6106,#6114,#6115,#6116));
#6106 = ORIENTED_EDGE('',*,*,#6107,.T.);
#6107 = EDGE_CURVE('',#6108,#5334,#6110,.T.);
#6108 = VERTEX_POINT('',#6109);
#6109 = CARTESIAN_POINT('',(0.174408437798,-0.413241517021,1.101));
#6110 = LINE('',#6111,#6112);
#6111 = CARTESIAN_POINT('',(0.174408437798,-0.413241517021,1.101));
#6112 = VECTOR('',#6113,1.);
#6113 = DIRECTION('',(0.,0.,-1.));
#6114 = ORIENTED_EDGE('',*,*,#5342,.F.);
#6115 = ORIENTED_EDGE('',*,*,#5766,.F.);
#6116 = ORIENTED_EDGE('',*,*,#6117,.F.);
#6117 = EDGE_CURVE('',#6108,#5767,#6118,.T.);
#6118 = CIRCLE('',#6119,2.794751022803E-02);
#6119 = AXIS2_PLACEMENT_3D('',#6120,#6121,#6122);
#6120 = CARTESIAN_POINT('',(0.150495705209,-0.398776229328,1.101));
#6121 = DIRECTION('',(0.,0.,1.));
#6122 = DIRECTION('',(0.971642155341,-0.236456173455,0.));
#6123 = CYLINDRICAL_SURFACE('',#6124,2.794751022803E-02);
#6124 = AXIS2_PLACEMENT_3D('',#6125,#6126,#6127);
#6125 = CARTESIAN_POINT('',(0.150495705209,-0.398776229328,1.1012));
#6126 = DIRECTION('',(0.,0.,-1.));
#6127 = DIRECTION('',(0.971642155341,-0.236456173455,0.));
#6128 = ADVANCED_FACE('',(#6129),#6148,.F.);
#6129 = FACE_BOUND('',#6130,.F.);
#6130 = EDGE_LOOP('',(#6131,#6139,#6140,#6141));
#6131 = ORIENTED_EDGE('',*,*,#6132,.T.);
#6132 = EDGE_CURVE('',#6133,#5325,#6135,.T.);
#6133 = VERTEX_POINT('',#6134);
#6134 = CARTESIAN_POINT('',(0.16506333769,-0.42079741356,1.101));
#6135 = LINE('',#6136,#6137);
#6136 = CARTESIAN_POINT('',(0.16506333769,-0.42079741356,1.101));
#6137 = VECTOR('',#6138,1.);
#6138 = DIRECTION('',(0.,0.,-1.));
#6139 = ORIENTED_EDGE('',*,*,#5333,.F.);
#6140 = ORIENTED_EDGE('',*,*,#6107,.F.);
#6141 = ORIENTED_EDGE('',*,*,#6142,.F.);
#6142 = EDGE_CURVE('',#6133,#6108,#6143,.T.);
#6143 = CIRCLE('',#6144,2.122200788831E-02);
#6144 = AXIS2_PLACEMENT_3D('',#6145,#6146,#6147);
#6145 = CARTESIAN_POINT('',(0.156938853993,-0.401192149383,1.101));
#6146 = DIRECTION('',(0.,0.,1.));
#6147 = DIRECTION('',(0.628736424015,-0.77761848558,0.));
#6148 = CYLINDRICAL_SURFACE('',#6149,2.122200788831E-02);
#6149 = AXIS2_PLACEMENT_3D('',#6150,#6151,#6152);
#6150 = CARTESIAN_POINT('',(0.156938853993,-0.401192149383,1.1012));
#6151 = DIRECTION('',(0.,0.,-1.));
#6152 = DIRECTION('',(0.628736424015,-0.77761848558,0.));
#6153 = ADVANCED_FACE('',(#6154),#6173,.F.);
#6154 = FACE_BOUND('',#6155,.F.);
#6155 = EDGE_LOOP('',(#6156,#6164,#6165,#6166));
#6156 = ORIENTED_EDGE('',*,*,#6157,.T.);
#6157 = EDGE_CURVE('',#6158,#5317,#6160,.T.);
#6158 = VERTEX_POINT('',#6159);
#6159 = CARTESIAN_POINT('',(0.142177423127,-0.425164053921,1.101));
#6160 = LINE('',#6161,#6162);
#6161 = CARTESIAN_POINT('',(0.142177423127,-0.425164053921,1.101));
#6162 = VECTOR('',#6163,1.);
#6163 = DIRECTION('',(0.,0.,-1.));
#6164 = ORIENTED_EDGE('',*,*,#5324,.F.);
#6165 = ORIENTED_EDGE('',*,*,#6132,.F.);
#6166 = ORIENTED_EDGE('',*,*,#6167,.F.);
#6167 = EDGE_CURVE('',#6158,#6133,#6168,.T.);
#6168 = CIRCLE('',#6169,5.71184789748E-02);
#6169 = AXIS2_PLACEMENT_3D('',#6170,#6171,#6172);
#6170 = CARTESIAN_POINT('',(0.143140281799,-0.368053691083,1.101));
#6171 = DIRECTION('',(0.,0.,1.));
#6172 = DIRECTION('',(0.187419360026,-0.982279992409,0.));
#6173 = CYLINDRICAL_SURFACE('',#6174,5.71184789748E-02);
#6174 = AXIS2_PLACEMENT_3D('',#6175,#6176,#6177);
#6175 = CARTESIAN_POINT('',(0.143140281799,-0.368053691083,1.1012));
#6176 = DIRECTION('',(0.,0.,-1.));
#6177 = DIRECTION('',(0.187419360026,-0.982279992409,0.));
#6178 = ADVANCED_FACE('',(#6179),#6190,.T.);
#6179 = FACE_BOUND('',#6180,.T.);
#6180 = EDGE_LOOP('',(#6181,#6187,#6188,#6189));
#6181 = ORIENTED_EDGE('',*,*,#6182,.T.);
#6182 = EDGE_CURVE('',#5743,#6158,#6183,.T.);
#6183 = LINE('',#6184,#6185);
#6184 = CARTESIAN_POINT('',(0.127264076777,-0.425164053921,1.101));
#6185 = VECTOR('',#6186,1.);
#6186 = DIRECTION('',(1.,0.,0.));
#6187 = ORIENTED_EDGE('',*,*,#6157,.T.);
#6188 = ORIENTED_EDGE('',*,*,#5316,.T.);
#6189 = ORIENTED_EDGE('',*,*,#5750,.F.);
#6190 = PLANE('',#6191);
#6191 = AXIS2_PLACEMENT_3D('',#6192,#6193,#6194);
#6192 = CARTESIAN_POINT('',(0.142177423127,-0.425164053921,1.1012));
#6193 = DIRECTION('',(0.,1.,0.));
#6194 = DIRECTION('',(0.,-0.,1.));
#6195 = ADVANCED_FACE('',(#6196,#6224),#6234,.T.);
#6196 = FACE_BOUND('',#6197,.T.);
#6197 = EDGE_LOOP('',(#6198,#6199,#6200,#6201,#6202,#6203,#6204,#6205,
    #6206,#6207,#6208,#6209,#6210,#6211,#6212,#6213,#6214,#6215,#6216,
    #6217,#6218,#6219,#6220,#6221,#6222,#6223));
#6198 = ORIENTED_EDGE('',*,*,#5670,.F.);
#6199 = ORIENTED_EDGE('',*,*,#5801,.F.);
#6200 = ORIENTED_EDGE('',*,*,#5826,.F.);
#6201 = ORIENTED_EDGE('',*,*,#5851,.F.);
#6202 = ORIENTED_EDGE('',*,*,#5876,.F.);
#6203 = ORIENTED_EDGE('',*,*,#5901,.F.);
#6204 = ORIENTED_EDGE('',*,*,#5916,.F.);
#6205 = ORIENTED_EDGE('',*,*,#5940,.F.);
#6206 = ORIENTED_EDGE('',*,*,#5964,.F.);
#6207 = ORIENTED_EDGE('',*,*,#5989,.F.);
#6208 = ORIENTED_EDGE('',*,*,#6014,.F.);
#6209 = ORIENTED_EDGE('',*,*,#6039,.F.);
#6210 = ORIENTED_EDGE('',*,*,#6064,.F.);
#6211 = ORIENTED_EDGE('',*,*,#6089,.F.);
#6212 = ORIENTED_EDGE('',*,*,#5635,.F.);
#6213 = ORIENTED_EDGE('',*,*,#5610,.F.);
#6214 = ORIENTED_EDGE('',*,*,#5585,.F.);
#6215 = ORIENTED_EDGE('',*,*,#5560,.F.);
#6216 = ORIENTED_EDGE('',*,*,#5535,.F.);
#6217 = ORIENTED_EDGE('',*,*,#5510,.F.);
#6218 = ORIENTED_EDGE('',*,*,#5485,.F.);
#6219 = ORIENTED_EDGE('',*,*,#5461,.F.);
#6220 = ORIENTED_EDGE('',*,*,#5436,.F.);
#6221 = ORIENTED_EDGE('',*,*,#5412,.F.);
#6222 = ORIENTED_EDGE('',*,*,#5388,.F.);
#6223 = ORIENTED_EDGE('',*,*,#5357,.F.);
#6224 = FACE_BOUND('',#6225,.T.);
#6225 = EDGE_LOOP('',(#6226,#6227,#6228,#6229,#6230,#6231,#6232,#6233));
#6226 = ORIENTED_EDGE('',*,*,#5776,.F.);
#6227 = ORIENTED_EDGE('',*,*,#6117,.F.);
#6228 = ORIENTED_EDGE('',*,*,#6142,.F.);
#6229 = ORIENTED_EDGE('',*,*,#6167,.F.);
#6230 = ORIENTED_EDGE('',*,*,#6182,.F.);
#6231 = ORIENTED_EDGE('',*,*,#5742,.F.);
#6232 = ORIENTED_EDGE('',*,*,#5727,.F.);
#6233 = ORIENTED_EDGE('',*,*,#5702,.F.);
#6234 = PLANE('',#6235);
#6235 = AXIS2_PLACEMENT_3D('',#6236,#6237,#6238);
#6236 = CARTESIAN_POINT('',(0.14496729765,-0.281377729896,1.101));
#6237 = DIRECTION('',(0.,0.,1.));
#6238 = DIRECTION('',(0.,-1.,0.));
#6239 = MANIFOLD_SOLID_BREP('',#6240);
#6240 = CLOSED_SHELL('',(#6241,#6281,#6312,#6336,#6360,#6377));
#6241 = ADVANCED_FACE('',(#6242),#6276,.T.);
#6242 = FACE_BOUND('',#6243,.T.);
#6243 = EDGE_LOOP('',(#6244,#6254,#6262,#6270));
#6244 = ORIENTED_EDGE('',*,*,#6245,.F.);
#6245 = EDGE_CURVE('',#6246,#6248,#6250,.T.);
#6246 = VERTEX_POINT('',#6247);
#6247 = CARTESIAN_POINT('',(6.96308290244E-03,0.243948085568,1.101));
#6248 = VERTEX_POINT('',#6249);
#6249 = CARTESIAN_POINT('',(0.301253117505,0.243948085568,1.101));
#6250 = LINE('',#6251,#6252);
#6251 = CARTESIAN_POINT('',(6.96308290244E-03,0.243948085568,1.101));
#6252 = VECTOR('',#6253,1.);
#6253 = DIRECTION('',(1.,0.,0.));
#6254 = ORIENTED_EDGE('',*,*,#6255,.F.);
#6255 = EDGE_CURVE('',#6256,#6246,#6258,.T.);
#6256 = VERTEX_POINT('',#6257);
#6257 = CARTESIAN_POINT('',(6.96308290244E-03,0.205173385061,1.101));
#6258 = LINE('',#6259,#6260);
#6259 = CARTESIAN_POINT('',(6.96308290244E-03,0.205173385061,1.101));
#6260 = VECTOR('',#6261,1.);
#6261 = DIRECTION('',(0.,1.,0.));
#6262 = ORIENTED_EDGE('',*,*,#6263,.F.);
#6263 = EDGE_CURVE('',#6264,#6256,#6266,.T.);
#6264 = VERTEX_POINT('',#6265);
#6265 = CARTESIAN_POINT('',(0.301253117505,0.205173385061,1.101));
#6266 = LINE('',#6267,#6268);
#6267 = CARTESIAN_POINT('',(0.301253117505,0.205173385061,1.101));
#6268 = VECTOR('',#6269,1.);
#6269 = DIRECTION('',(-1.,0.,0.));
#6270 = ORIENTED_EDGE('',*,*,#6271,.F.);
#6271 = EDGE_CURVE('',#6248,#6264,#6272,.T.);
#6272 = LINE('',#6273,#6274);
#6273 = CARTESIAN_POINT('',(0.301253117505,0.243948085568,1.101));
#6274 = VECTOR('',#6275,1.);
#6275 = DIRECTION('',(0.,-1.,0.));
#6276 = PLANE('',#6277);
#6277 = AXIS2_PLACEMENT_3D('',#6278,#6279,#6280);
#6278 = CARTESIAN_POINT('',(0.14496729765,-0.281377729896,1.101));
#6279 = DIRECTION('',(0.,0.,1.));
#6280 = DIRECTION('',(0.,-1.,0.));
#6281 = ADVANCED_FACE('',(#6282),#6307,.T.);
#6282 = FACE_BOUND('',#6283,.T.);
#6283 = EDGE_LOOP('',(#6284,#6285,#6293,#6301));
#6284 = ORIENTED_EDGE('',*,*,#6263,.T.);
#6285 = ORIENTED_EDGE('',*,*,#6286,.T.);
#6286 = EDGE_CURVE('',#6256,#6287,#6289,.T.);
#6287 = VERTEX_POINT('',#6288);
#6288 = CARTESIAN_POINT('',(6.96308290244E-03,0.205173385061,1.1));
#6289 = LINE('',#6290,#6291);
#6290 = CARTESIAN_POINT('',(6.96308290244E-03,0.205173385061,1.101));
#6291 = VECTOR('',#6292,1.);
#6292 = DIRECTION('',(0.,0.,-1.));
#6293 = ORIENTED_EDGE('',*,*,#6294,.T.);
#6294 = EDGE_CURVE('',#6287,#6295,#6297,.T.);
#6295 = VERTEX_POINT('',#6296);
#6296 = CARTESIAN_POINT('',(0.301253117505,0.205173385061,1.1));
#6297 = LINE('',#6298,#6299);
#6298 = CARTESIAN_POINT('',(6.96308290244E-03,0.205173385061,1.1));
#6299 = VECTOR('',#6300,1.);
#6300 = DIRECTION('',(1.,0.,0.));
#6301 = ORIENTED_EDGE('',*,*,#6302,.F.);
#6302 = EDGE_CURVE('',#6264,#6295,#6303,.T.);
#6303 = LINE('',#6304,#6305);
#6304 = CARTESIAN_POINT('',(0.301253117505,0.205173385061,1.101));
#6305 = VECTOR('',#6306,1.);
#6306 = DIRECTION('',(0.,0.,-1.));
#6307 = PLANE('',#6308);
#6308 = AXIS2_PLACEMENT_3D('',#6309,#6310,#6311);
#6309 = CARTESIAN_POINT('',(6.96308290244E-03,0.205173385061,1.1012));
#6310 = DIRECTION('',(0.,-1.,0.));
#6311 = DIRECTION('',(0.,0.,-1.));
#6312 = ADVANCED_FACE('',(#6313),#6331,.T.);
#6313 = FACE_BOUND('',#6314,.T.);
#6314 = EDGE_LOOP('',(#6315,#6316,#6324,#6330));
#6315 = ORIENTED_EDGE('',*,*,#6255,.T.);
#6316 = ORIENTED_EDGE('',*,*,#6317,.T.);
#6317 = EDGE_CURVE('',#6246,#6318,#6320,.T.);
#6318 = VERTEX_POINT('',#6319);
#6319 = CARTESIAN_POINT('',(6.96308290244E-03,0.243948085568,1.1));
#6320 = LINE('',#6321,#6322);
#6321 = CARTESIAN_POINT('',(6.96308290244E-03,0.243948085568,1.101));
#6322 = VECTOR('',#6323,1.);
#6323 = DIRECTION('',(0.,0.,-1.));
#6324 = ORIENTED_EDGE('',*,*,#6325,.T.);
#6325 = EDGE_CURVE('',#6318,#6287,#6326,.T.);
#6326 = LINE('',#6327,#6328);
#6327 = CARTESIAN_POINT('',(6.96308290244E-03,0.243948085568,1.1));
#6328 = VECTOR('',#6329,1.);
#6329 = DIRECTION('',(0.,-1.,0.));
#6330 = ORIENTED_EDGE('',*,*,#6286,.F.);
#6331 = PLANE('',#6332);
#6332 = AXIS2_PLACEMENT_3D('',#6333,#6334,#6335);
#6333 = CARTESIAN_POINT('',(6.96308290244E-03,0.243948085568,1.1012));
#6334 = DIRECTION('',(-1.,0.,0.));
#6335 = DIRECTION('',(0.,0.,-1.));
#6336 = ADVANCED_FACE('',(#6337),#6355,.T.);
#6337 = FACE_BOUND('',#6338,.T.);
#6338 = EDGE_LOOP('',(#6339,#6340,#6348,#6354));
#6339 = ORIENTED_EDGE('',*,*,#6245,.T.);
#6340 = ORIENTED_EDGE('',*,*,#6341,.T.);
#6341 = EDGE_CURVE('',#6248,#6342,#6344,.T.);
#6342 = VERTEX_POINT('',#6343);
#6343 = CARTESIAN_POINT('',(0.301253117505,0.243948085568,1.1));
#6344 = LINE('',#6345,#6346);
#6345 = CARTESIAN_POINT('',(0.301253117505,0.243948085568,1.101));
#6346 = VECTOR('',#6347,1.);
#6347 = DIRECTION('',(0.,0.,-1.));
#6348 = ORIENTED_EDGE('',*,*,#6349,.T.);
#6349 = EDGE_CURVE('',#6342,#6318,#6350,.T.);
#6350 = LINE('',#6351,#6352);
#6351 = CARTESIAN_POINT('',(0.301253117505,0.243948085568,1.1));
#6352 = VECTOR('',#6353,1.);
#6353 = DIRECTION('',(-1.,0.,0.));
#6354 = ORIENTED_EDGE('',*,*,#6317,.F.);
#6355 = PLANE('',#6356);
#6356 = AXIS2_PLACEMENT_3D('',#6357,#6358,#6359);
#6357 = CARTESIAN_POINT('',(0.301253117505,0.243948085568,1.1012));
#6358 = DIRECTION('',(0.,1.,0.));
#6359 = DIRECTION('',(0.,-0.,1.));
#6360 = ADVANCED_FACE('',(#6361),#6372,.T.);
#6361 = FACE_BOUND('',#6362,.T.);
#6362 = EDGE_LOOP('',(#6363,#6364,#6365,#6371));
#6363 = ORIENTED_EDGE('',*,*,#6271,.T.);
#6364 = ORIENTED_EDGE('',*,*,#6302,.T.);
#6365 = ORIENTED_EDGE('',*,*,#6366,.T.);
#6366 = EDGE_CURVE('',#6295,#6342,#6367,.T.);
#6367 = LINE('',#6368,#6369);
#6368 = CARTESIAN_POINT('',(0.301253117505,0.205173385061,1.1));
#6369 = VECTOR('',#6370,1.);
#6370 = DIRECTION('',(0.,1.,0.));
#6371 = ORIENTED_EDGE('',*,*,#6341,.F.);
#6372 = PLANE('',#6373);
#6373 = AXIS2_PLACEMENT_3D('',#6374,#6375,#6376);
#6374 = CARTESIAN_POINT('',(0.301253117505,0.205173385061,1.1012));
#6375 = DIRECTION('',(1.,0.,0.));
#6376 = DIRECTION('',(0.,0.,1.));
#6377 = ADVANCED_FACE('',(#6378),#6384,.F.);
#6378 = FACE_BOUND('',#6379,.T.);
#6379 = EDGE_LOOP('',(#6380,#6381,#6382,#6383));
#6380 = ORIENTED_EDGE('',*,*,#6349,.F.);
#6381 = ORIENTED_EDGE('',*,*,#6366,.F.);
#6382 = ORIENTED_EDGE('',*,*,#6294,.F.);
#6383 = ORIENTED_EDGE('',*,*,#6325,.F.);
#6384 = PLANE('',#6385);
#6385 = AXIS2_PLACEMENT_3D('',#6386,#6387,#6388);
#6386 = CARTESIAN_POINT('',(0.164646771177,-4.762760748212E-03,1.1));
#6387 = DIRECTION('',(0.,0.,1.));
#6388 = DIRECTION('',(1.,0.,-0.));
#6389 = MANIFOLD_SOLID_BREP('',#6390);
#6390 = CLOSED_SHELL('',(#6391,#6526,#6558,#6583,#6608,#6633,#6657,#6681
    ,#6705,#6729,#6753,#6777,#6801,#6825,#6850,#6875,#6893));
#6391 = ADVANCED_FACE('',(#6392),#6521,.F.);
#6392 = FACE_BOUND('',#6393,.T.);
#6393 = EDGE_LOOP('',(#6394,#6404,#6413,#6422,#6431,#6440,#6448,#6456,
    #6464,#6473,#6482,#6491,#6499,#6507,#6515));
#6394 = ORIENTED_EDGE('',*,*,#6395,.F.);
#6395 = EDGE_CURVE('',#6396,#6398,#6400,.T.);
#6396 = VERTEX_POINT('',#6397);
#6397 = CARTESIAN_POINT('',(0.18492901599,0.119670199332,1.1));
#6398 = VERTEX_POINT('',#6399);
#6399 = CARTESIAN_POINT('',(0.203819254698,0.119670199332,1.1));
#6400 = LINE('',#6401,#6402);
#6401 = CARTESIAN_POINT('',(0.18492901599,0.119670199332,1.1));
#6402 = VECTOR('',#6403,1.);
#6403 = DIRECTION('',(1.,0.,0.));
#6404 = ORIENTED_EDGE('',*,*,#6405,.F.);
#6405 = EDGE_CURVE('',#6406,#6396,#6408,.T.);
#6406 = VERTEX_POINT('',#6407);
#6407 = CARTESIAN_POINT('',(0.205807700878,8.686083736544E-02,1.1));
#6408 = CIRCLE('',#6409,5.011392661856E-02);
#6409 = AXIS2_PLACEMENT_3D('',#6410,#6411,#6412);
#6410 = CARTESIAN_POINT('',(0.156401496367,7.846842430647E-02,1.1));
#6411 = DIRECTION('',(0.,0.,1.));
#6412 = DIRECTION('',(0.843661487735,0.536875492189,-0.));
#6413 = ORIENTED_EDGE('',*,*,#6414,.F.);
#6414 = EDGE_CURVE('',#6415,#6406,#6417,.T.);
#6415 = VERTEX_POINT('',#6416);
#6416 = CARTESIAN_POINT('',(0.204288952852,6.061486983052E-02,1.1));
#6417 = CIRCLE('',#6418,5.050441741406E-02);
#6418 = AXIS2_PLACEMENT_3D('',#6419,#6420,#6421);
#6419 = CARTESIAN_POINT('',(0.156365978401,7.655490427422E-02,1.1));
#6420 = DIRECTION('',(0.,0.,1.));
#6421 = DIRECTION('',(0.998329958412,-5.776931830657E-02,0.));
#6422 = ORIENTED_EDGE('',*,*,#6423,.F.);
#6423 = EDGE_CURVE('',#6424,#6415,#6426,.T.);
#6424 = VERTEX_POINT('',#6425);
#6425 = CARTESIAN_POINT('',(0.185923239079,4.013235214012E-02,1.1));
#6426 = CIRCLE('',#6427,3.44985112603E-02);
#6427 = AXIS2_PLACEMENT_3D('',#6428,#6429,#6430);
#6428 = CARTESIAN_POINT('',(0.17155087788,7.149447121278E-02,1.1));
#6429 = DIRECTION('',(0.,0.,1.));
#6430 = DIRECTION('',(0.744531910306,-0.667586874149,0.));
#6431 = ORIENTED_EDGE('',*,*,#6432,.F.);
#6432 = EDGE_CURVE('',#6433,#6424,#6435,.T.);
#6433 = VERTEX_POINT('',#6434);
#6434 = CARTESIAN_POINT('',(0.165528561397,3.516123669257E-02,1.1));
#6435 = CIRCLE('',#6436,3.518863701537E-02);
#6436 = AXIS2_PLACEMENT_3D('',#6437,#6438,#6439);
#6437 = CARTESIAN_POINT('',(0.167772115522,7.027827870776E-02,1.1));
#6438 = DIRECTION('',(0.,0.,1.));
#6439 = DIRECTION('',(0.236812467921,-0.971555379295,0.));
#6440 = ORIENTED_EDGE('',*,*,#6441,.F.);
#6441 = EDGE_CURVE('',#6442,#6433,#6444,.T.);
#6442 = VERTEX_POINT('',#6443);
#6443 = CARTESIAN_POINT('',(6.96308290244E-03,3.516123669257E-02,1.1));
#6444 = LINE('',#6445,#6446);
#6445 = CARTESIAN_POINT('',(6.96308290244E-03,3.516123669257E-02,1.1));
#6446 = VECTOR('',#6447,1.);
#6447 = DIRECTION('',(1.,0.,0.));
#6448 = ORIENTED_EDGE('',*,*,#6449,.F.);
#6449 = EDGE_CURVE('',#6450,#6442,#6452,.T.);
#6450 = VERTEX_POINT('',#6451);
#6451 = CARTESIAN_POINT('',(6.96308290244E-03,7.095326792804E-02,1.1));
#6452 = LINE('',#6453,#6454);
#6453 = CARTESIAN_POINT('',(6.96308290244E-03,7.095326792804E-02,1.1));
#6454 = VECTOR('',#6455,1.);
#6455 = DIRECTION('',(0.,-1.,0.));
#6456 = ORIENTED_EDGE('',*,*,#6457,.F.);
#6457 = EDGE_CURVE('',#6458,#6450,#6460,.T.);
#6458 = VERTEX_POINT('',#6459);
#6459 = CARTESIAN_POINT('',(0.146154315486,7.095326792804E-02,1.1));
#6460 = LINE('',#6461,#6462);
#6461 = CARTESIAN_POINT('',(0.146154315486,7.095326792804E-02,1.1));
#6462 = VECTOR('',#6463,1.);
#6463 = DIRECTION('',(-1.,0.,0.));
#6464 = ORIENTED_EDGE('',*,*,#6465,.F.);
#6465 = EDGE_CURVE('',#6466,#6458,#6468,.T.);
#6466 = VERTEX_POINT('',#6467);
#6467 = CARTESIAN_POINT('',(0.167033000375,7.592438337581E-02,1.1));
#6468 = CIRCLE('',#6469,4.235549872192E-02);
#6469 = AXIS2_PLACEMENT_3D('',#6470,#6471,#6472);
#6470 = CARTESIAN_POINT('',(0.147103346621,0.113298133164,1.1));
#6471 = DIRECTION('',(0.,0.,-1.));
#6472 = DIRECTION('',(0.231620527227,-0.972806214704,0.));
#6473 = ORIENTED_EDGE('',*,*,#6474,.F.);
#6474 = EDGE_CURVE('',#6475,#6466,#6477,.T.);
#6475 = VERTEX_POINT('',#6476);
#6476 = CARTESIAN_POINT('',(0.172004115822,0.106128401819,1.1));
#6477 = CIRCLE('',#6478,2.675752961034E-02);
#6478 = AXIS2_PLACEMENT_3D('',#6479,#6480,#6481);
#6479 = CARTESIAN_POINT('',(0.147861871512,9.459074908997E-02,1.1));
#6480 = DIRECTION('',(0.,0.,-1.));
#6481 = DIRECTION('',(0.986725053275,-0.162399720562,0.));
#6482 = ORIENTED_EDGE('',*,*,#6483,.F.);
#6483 = EDGE_CURVE('',#6484,#6475,#6486,.T.);
#6484 = VERTEX_POINT('',#6485);
#6485 = CARTESIAN_POINT('',(0.151125430935,0.118675976243,1.1));
#6486 = CIRCLE('',#6487,2.282269447377E-02);
#6487 = AXIS2_PLACEMENT_3D('',#6488,#6489,#6490);
#6488 = CARTESIAN_POINT('',(0.151622542479,9.585869631816E-02,1.1));
#6489 = DIRECTION('',(0.,0.,-1.));
#6490 = DIRECTION('',(0.515110309911,0.857123893392,0.));
#6491 = ORIENTED_EDGE('',*,*,#6492,.F.);
#6492 = EDGE_CURVE('',#6493,#6484,#6495,.T.);
#6493 = VERTEX_POINT('',#6494);
#6494 = CARTESIAN_POINT('',(6.96308290244E-03,0.118675976243,1.1));
#6495 = LINE('',#6496,#6497);
#6496 = CARTESIAN_POINT('',(6.96308290244E-03,0.118675976243,1.1));
#6497 = VECTOR('',#6498,1.);
#6498 = DIRECTION('',(1.,0.,0.));
#6499 = ORIENTED_EDGE('',*,*,#6500,.F.);
#6500 = EDGE_CURVE('',#6501,#6493,#6503,.T.);
#6501 = VERTEX_POINT('',#6502);
#6502 = CARTESIAN_POINT('',(6.96308290244E-03,0.155462230568,1.1));
#6503 = LINE('',#6504,#6505);
#6504 = CARTESIAN_POINT('',(6.96308290244E-03,0.155462230568,1.1));
#6505 = VECTOR('',#6506,1.);
#6506 = DIRECTION('',(0.,-1.,0.));
#6507 = ORIENTED_EDGE('',*,*,#6508,.F.);
#6508 = EDGE_CURVE('',#6509,#6501,#6511,.T.);
#6509 = VERTEX_POINT('',#6510);
#6510 = CARTESIAN_POINT('',(0.203819254698,0.155462230568,1.1));
#6511 = LINE('',#6512,#6513);
#6512 = CARTESIAN_POINT('',(0.203819254698,0.155462230568,1.1));
#6513 = VECTOR('',#6514,1.);
#6514 = DIRECTION('',(-1.,0.,0.));
#6515 = ORIENTED_EDGE('',*,*,#6516,.F.);
#6516 = EDGE_CURVE('',#6398,#6509,#6517,.T.);
#6517 = LINE('',#6518,#6519);
#6518 = CARTESIAN_POINT('',(0.203819254698,0.119670199332,1.1));
#6519 = VECTOR('',#6520,1.);
#6520 = DIRECTION('',(0.,1.,0.));
#6521 = PLANE('',#6522);
#6522 = AXIS2_PLACEMENT_3D('',#6523,#6524,#6525);
#6523 = CARTESIAN_POINT('',(0.164646771177,-4.762760748212E-03,1.1));
#6524 = DIRECTION('',(0.,0.,1.));
#6525 = DIRECTION('',(1.,0.,-0.));
#6526 = ADVANCED_FACE('',(#6527),#6553,.T.);
#6527 = FACE_BOUND('',#6528,.T.);
#6528 = EDGE_LOOP('',(#6529,#6540,#6546,#6547));
#6529 = ORIENTED_EDGE('',*,*,#6530,.T.);
#6530 = EDGE_CURVE('',#6531,#6533,#6535,.T.);
#6531 = VERTEX_POINT('',#6532);
#6532 = CARTESIAN_POINT('',(0.18492901599,0.119670199332,1.101));
#6533 = VERTEX_POINT('',#6534);
#6534 = CARTESIAN_POINT('',(0.205807700878,8.686083736544E-02,1.101));
#6535 = CIRCLE('',#6536,5.011392661856E-02);
#6536 = AXIS2_PLACEMENT_3D('',#6537,#6538,#6539);
#6537 = CARTESIAN_POINT('',(0.156401496367,7.846842430647E-02,1.101));
#6538 = DIRECTION('',(0.,0.,-1.));
#6539 = DIRECTION('',(0.843661487735,0.536875492189,0.));
#6540 = ORIENTED_EDGE('',*,*,#6541,.T.);
#6541 = EDGE_CURVE('',#6533,#6406,#6542,.T.);
#6542 = LINE('',#6543,#6544);
#6543 = CARTESIAN_POINT('',(0.205807700878,8.686083736544E-02,1.101));
#6544 = VECTOR('',#6545,1.);
#6545 = DIRECTION('',(0.,0.,-1.));
#6546 = ORIENTED_EDGE('',*,*,#6405,.T.);
#6547 = ORIENTED_EDGE('',*,*,#6548,.F.);
#6548 = EDGE_CURVE('',#6531,#6396,#6549,.T.);
#6549 = LINE('',#6550,#6551);
#6550 = CARTESIAN_POINT('',(0.18492901599,0.119670199332,1.101));
#6551 = VECTOR('',#6552,1.);
#6552 = DIRECTION('',(0.,0.,-1.));
#6553 = CYLINDRICAL_SURFACE('',#6554,5.011392661856E-02);
#6554 = AXIS2_PLACEMENT_3D('',#6555,#6556,#6557);
#6555 = CARTESIAN_POINT('',(0.156401496367,7.846842430647E-02,1.1012));
#6556 = DIRECTION('',(0.,0.,-1.));
#6557 = DIRECTION('',(0.843661487735,0.536875492189,0.));
#6558 = ADVANCED_FACE('',(#6559),#6578,.T.);
#6559 = FACE_BOUND('',#6560,.T.);
#6560 = EDGE_LOOP('',(#6561,#6570,#6576,#6577));
#6561 = ORIENTED_EDGE('',*,*,#6562,.T.);
#6562 = EDGE_CURVE('',#6533,#6563,#6565,.T.);
#6563 = VERTEX_POINT('',#6564);
#6564 = CARTESIAN_POINT('',(0.204288952852,6.061486983052E-02,1.101));
#6565 = CIRCLE('',#6566,5.050441741406E-02);
#6566 = AXIS2_PLACEMENT_3D('',#6567,#6568,#6569);
#6567 = CARTESIAN_POINT('',(0.156365978401,7.655490427422E-02,1.101));
#6568 = DIRECTION('',(0.,0.,-1.));
#6569 = DIRECTION('',(0.998329958412,-5.776931830657E-02,0.));
#6570 = ORIENTED_EDGE('',*,*,#6571,.T.);
#6571 = EDGE_CURVE('',#6563,#6415,#6572,.T.);
#6572 = LINE('',#6573,#6574);
#6573 = CARTESIAN_POINT('',(0.204288952852,6.061486983052E-02,1.101));
#6574 = VECTOR('',#6575,1.);
#6575 = DIRECTION('',(0.,0.,-1.));
#6576 = ORIENTED_EDGE('',*,*,#6414,.T.);
#6577 = ORIENTED_EDGE('',*,*,#6541,.F.);
#6578 = CYLINDRICAL_SURFACE('',#6579,5.050441741406E-02);
#6579 = AXIS2_PLACEMENT_3D('',#6580,#6581,#6582);
#6580 = CARTESIAN_POINT('',(0.156365978401,7.655490427422E-02,1.1012));
#6581 = DIRECTION('',(0.,0.,-1.));
#6582 = DIRECTION('',(0.998329958412,-5.776931830657E-02,0.));
#6583 = ADVANCED_FACE('',(#6584),#6603,.T.);
#6584 = FACE_BOUND('',#6585,.T.);
#6585 = EDGE_LOOP('',(#6586,#6595,#6601,#6602));
#6586 = ORIENTED_EDGE('',*,*,#6587,.T.);
#6587 = EDGE_CURVE('',#6563,#6588,#6590,.T.);
#6588 = VERTEX_POINT('',#6589);
#6589 = CARTESIAN_POINT('',(0.185923239079,4.013235214012E-02,1.101));
#6590 = CIRCLE('',#6591,3.44985112603E-02);
#6591 = AXIS2_PLACEMENT_3D('',#6592,#6593,#6594);
#6592 = CARTESIAN_POINT('',(0.17155087788,7.149447121278E-02,1.101));
#6593 = DIRECTION('',(0.,0.,-1.));
#6594 = DIRECTION('',(0.744531910306,-0.667586874149,0.));
#6595 = ORIENTED_EDGE('',*,*,#6596,.T.);
#6596 = EDGE_CURVE('',#6588,#6424,#6597,.T.);
#6597 = LINE('',#6598,#6599);
#6598 = CARTESIAN_POINT('',(0.185923239079,4.013235214012E-02,1.101));
#6599 = VECTOR('',#6600,1.);
#6600 = DIRECTION('',(0.,0.,-1.));
#6601 = ORIENTED_EDGE('',*,*,#6423,.T.);
#6602 = ORIENTED_EDGE('',*,*,#6571,.F.);
#6603 = CYLINDRICAL_SURFACE('',#6604,3.44985112603E-02);
#6604 = AXIS2_PLACEMENT_3D('',#6605,#6606,#6607);
#6605 = CARTESIAN_POINT('',(0.17155087788,7.149447121278E-02,1.1012));
#6606 = DIRECTION('',(0.,0.,-1.));
#6607 = DIRECTION('',(0.744531910306,-0.667586874149,0.));
#6608 = ADVANCED_FACE('',(#6609),#6628,.T.);
#6609 = FACE_BOUND('',#6610,.T.);
#6610 = EDGE_LOOP('',(#6611,#6620,#6626,#6627));
#6611 = ORIENTED_EDGE('',*,*,#6612,.T.);
#6612 = EDGE_CURVE('',#6588,#6613,#6615,.T.);
#6613 = VERTEX_POINT('',#6614);
#6614 = CARTESIAN_POINT('',(0.165528561397,3.516123669257E-02,1.101));
#6615 = CIRCLE('',#6616,3.518863701537E-02);
#6616 = AXIS2_PLACEMENT_3D('',#6617,#6618,#6619);
#6617 = CARTESIAN_POINT('',(0.167772115522,7.027827870776E-02,1.101));
#6618 = DIRECTION('',(0.,0.,-1.));
#6619 = DIRECTION('',(0.236812467921,-0.971555379295,0.));
#6620 = ORIENTED_EDGE('',*,*,#6621,.T.);
#6621 = EDGE_CURVE('',#6613,#6433,#6622,.T.);
#6622 = LINE('',#6623,#6624);
#6623 = CARTESIAN_POINT('',(0.165528561397,3.516123669257E-02,1.101));
#6624 = VECTOR('',#6625,1.);
#6625 = DIRECTION('',(0.,0.,-1.));
#6626 = ORIENTED_EDGE('',*,*,#6432,.T.);
#6627 = ORIENTED_EDGE('',*,*,#6596,.F.);
#6628 = CYLINDRICAL_SURFACE('',#6629,3.518863701537E-02);
#6629 = AXIS2_PLACEMENT_3D('',#6630,#6631,#6632);
#6630 = CARTESIAN_POINT('',(0.167772115522,7.027827870776E-02,1.1012));
#6631 = DIRECTION('',(0.,0.,-1.));
#6632 = DIRECTION('',(0.236812467921,-0.971555379295,0.));
#6633 = ADVANCED_FACE('',(#6634),#6652,.T.);
#6634 = FACE_BOUND('',#6635,.T.);
#6635 = EDGE_LOOP('',(#6636,#6644,#6650,#6651));
#6636 = ORIENTED_EDGE('',*,*,#6637,.T.);
#6637 = EDGE_CURVE('',#6613,#6638,#6640,.T.);
#6638 = VERTEX_POINT('',#6639);
#6639 = CARTESIAN_POINT('',(6.96308290244E-03,3.516123669257E-02,1.101)
  );
#6640 = LINE('',#6641,#6642);
#6641 = CARTESIAN_POINT('',(0.165528561397,3.516123669257E-02,1.101));
#6642 = VECTOR('',#6643,1.);
#6643 = DIRECTION('',(-1.,0.,0.));
#6644 = ORIENTED_EDGE('',*,*,#6645,.T.);
#6645 = EDGE_CURVE('',#6638,#6442,#6646,.T.);
#6646 = LINE('',#6647,#6648);
#6647 = CARTESIAN_POINT('',(6.96308290244E-03,3.516123669257E-02,1.101)
  );
#6648 = VECTOR('',#6649,1.);
#6649 = DIRECTION('',(0.,0.,-1.));
#6650 = ORIENTED_EDGE('',*,*,#6441,.T.);
#6651 = ORIENTED_EDGE('',*,*,#6621,.F.);
#6652 = PLANE('',#6653);
#6653 = AXIS2_PLACEMENT_3D('',#6654,#6655,#6656);
#6654 = CARTESIAN_POINT('',(6.96308290244E-03,3.516123669257E-02,1.1012)
  );
#6655 = DIRECTION('',(0.,-1.,0.));
#6656 = DIRECTION('',(0.,0.,-1.));
#6657 = ADVANCED_FACE('',(#6658),#6676,.T.);
#6658 = FACE_BOUND('',#6659,.T.);
#6659 = EDGE_LOOP('',(#6660,#6668,#6674,#6675));
#6660 = ORIENTED_EDGE('',*,*,#6661,.T.);
#6661 = EDGE_CURVE('',#6638,#6662,#6664,.T.);
#6662 = VERTEX_POINT('',#6663);
#6663 = CARTESIAN_POINT('',(6.96308290244E-03,7.095326792804E-02,1.101)
  );
#6664 = LINE('',#6665,#6666);
#6665 = CARTESIAN_POINT('',(6.96308290244E-03,3.516123669257E-02,1.101)
  );
#6666 = VECTOR('',#6667,1.);
#6667 = DIRECTION('',(0.,1.,0.));
#6668 = ORIENTED_EDGE('',*,*,#6669,.T.);
#6669 = EDGE_CURVE('',#6662,#6450,#6670,.T.);
#6670 = LINE('',#6671,#6672);
#6671 = CARTESIAN_POINT('',(6.96308290244E-03,7.095326792804E-02,1.101)
  );
#6672 = VECTOR('',#6673,1.);
#6673 = DIRECTION('',(0.,0.,-1.));
#6674 = ORIENTED_EDGE('',*,*,#6449,.T.);
#6675 = ORIENTED_EDGE('',*,*,#6645,.F.);
#6676 = PLANE('',#6677);
#6677 = AXIS2_PLACEMENT_3D('',#6678,#6679,#6680);
#6678 = CARTESIAN_POINT('',(6.96308290244E-03,7.095326792804E-02,1.1012)
  );
#6679 = DIRECTION('',(-1.,0.,0.));
#6680 = DIRECTION('',(0.,0.,-1.));
#6681 = ADVANCED_FACE('',(#6682),#6700,.T.);
#6682 = FACE_BOUND('',#6683,.T.);
#6683 = EDGE_LOOP('',(#6684,#6692,#6698,#6699));
#6684 = ORIENTED_EDGE('',*,*,#6685,.T.);
#6685 = EDGE_CURVE('',#6662,#6686,#6688,.T.);
#6686 = VERTEX_POINT('',#6687);
#6687 = CARTESIAN_POINT('',(0.146154315486,7.095326792804E-02,1.101));
#6688 = LINE('',#6689,#6690);
#6689 = CARTESIAN_POINT('',(6.96308290244E-03,7.095326792804E-02,1.101)
  );
#6690 = VECTOR('',#6691,1.);
#6691 = DIRECTION('',(1.,0.,0.));
#6692 = ORIENTED_EDGE('',*,*,#6693,.T.);
#6693 = EDGE_CURVE('',#6686,#6458,#6694,.T.);
#6694 = LINE('',#6695,#6696);
#6695 = CARTESIAN_POINT('',(0.146154315486,7.095326792804E-02,1.101));
#6696 = VECTOR('',#6697,1.);
#6697 = DIRECTION('',(0.,0.,-1.));
#6698 = ORIENTED_EDGE('',*,*,#6457,.T.);
#6699 = ORIENTED_EDGE('',*,*,#6669,.F.);
#6700 = PLANE('',#6701);
#6701 = AXIS2_PLACEMENT_3D('',#6702,#6703,#6704);
#6702 = CARTESIAN_POINT('',(0.146154315486,7.095326792804E-02,1.1012));
#6703 = DIRECTION('',(0.,1.,0.));
#6704 = DIRECTION('',(0.,-0.,1.));
#6705 = ADVANCED_FACE('',(#6706),#6724,.T.);
#6706 = FACE_BOUND('',#6707,.T.);
#6707 = EDGE_LOOP('',(#6708,#6716,#6717,#6718));
#6708 = ORIENTED_EDGE('',*,*,#6709,.T.);
#6709 = EDGE_CURVE('',#6710,#6531,#6712,.T.);
#6710 = VERTEX_POINT('',#6711);
#6711 = CARTESIAN_POINT('',(0.203819254698,0.119670199332,1.101));
#6712 = LINE('',#6713,#6714);
#6713 = CARTESIAN_POINT('',(0.203819254698,0.119670199332,1.101));
#6714 = VECTOR('',#6715,1.);
#6715 = DIRECTION('',(-1.,0.,0.));
#6716 = ORIENTED_EDGE('',*,*,#6548,.T.);
#6717 = ORIENTED_EDGE('',*,*,#6395,.T.);
#6718 = ORIENTED_EDGE('',*,*,#6719,.F.);
#6719 = EDGE_CURVE('',#6710,#6398,#6720,.T.);
#6720 = LINE('',#6721,#6722);
#6721 = CARTESIAN_POINT('',(0.203819254698,0.119670199332,1.101));
#6722 = VECTOR('',#6723,1.);
#6723 = DIRECTION('',(0.,0.,-1.));
#6724 = PLANE('',#6725);
#6725 = AXIS2_PLACEMENT_3D('',#6726,#6727,#6728);
#6726 = CARTESIAN_POINT('',(0.18492901599,0.119670199332,1.1012));
#6727 = DIRECTION('',(0.,-1.,0.));
#6728 = DIRECTION('',(0.,0.,-1.));
#6729 = ADVANCED_FACE('',(#6730),#6748,.T.);
#6730 = FACE_BOUND('',#6731,.T.);
#6731 = EDGE_LOOP('',(#6732,#6740,#6741,#6742));
#6732 = ORIENTED_EDGE('',*,*,#6733,.T.);
#6733 = EDGE_CURVE('',#6734,#6710,#6736,.T.);
#6734 = VERTEX_POINT('',#6735);
#6735 = CARTESIAN_POINT('',(0.203819254698,0.155462230568,1.101));
#6736 = LINE('',#6737,#6738);
#6737 = CARTESIAN_POINT('',(0.203819254698,0.155462230568,1.101));
#6738 = VECTOR('',#6739,1.);
#6739 = DIRECTION('',(0.,-1.,0.));
#6740 = ORIENTED_EDGE('',*,*,#6719,.T.);
#6741 = ORIENTED_EDGE('',*,*,#6516,.T.);
#6742 = ORIENTED_EDGE('',*,*,#6743,.F.);
#6743 = EDGE_CURVE('',#6734,#6509,#6744,.T.);
#6744 = LINE('',#6745,#6746);
#6745 = CARTESIAN_POINT('',(0.203819254698,0.155462230568,1.101));
#6746 = VECTOR('',#6747,1.);
#6747 = DIRECTION('',(0.,0.,-1.));
#6748 = PLANE('',#6749);
#6749 = AXIS2_PLACEMENT_3D('',#6750,#6751,#6752);
#6750 = CARTESIAN_POINT('',(0.203819254698,0.119670199332,1.1012));
#6751 = DIRECTION('',(1.,0.,0.));
#6752 = DIRECTION('',(0.,0.,1.));
#6753 = ADVANCED_FACE('',(#6754),#6772,.T.);
#6754 = FACE_BOUND('',#6755,.T.);
#6755 = EDGE_LOOP('',(#6756,#6764,#6765,#6766));
#6756 = ORIENTED_EDGE('',*,*,#6757,.T.);
#6757 = EDGE_CURVE('',#6758,#6734,#6760,.T.);
#6758 = VERTEX_POINT('',#6759);
#6759 = CARTESIAN_POINT('',(6.96308290244E-03,0.155462230568,1.101));
#6760 = LINE('',#6761,#6762);
#6761 = CARTESIAN_POINT('',(6.96308290244E-03,0.155462230568,1.101));
#6762 = VECTOR('',#6763,1.);
#6763 = DIRECTION('',(1.,0.,0.));
#6764 = ORIENTED_EDGE('',*,*,#6743,.T.);
#6765 = ORIENTED_EDGE('',*,*,#6508,.T.);
#6766 = ORIENTED_EDGE('',*,*,#6767,.F.);
#6767 = EDGE_CURVE('',#6758,#6501,#6768,.T.);
#6768 = LINE('',#6769,#6770);
#6769 = CARTESIAN_POINT('',(6.96308290244E-03,0.155462230568,1.101));
#6770 = VECTOR('',#6771,1.);
#6771 = DIRECTION('',(0.,0.,-1.));
#6772 = PLANE('',#6773);
#6773 = AXIS2_PLACEMENT_3D('',#6774,#6775,#6776);
#6774 = CARTESIAN_POINT('',(0.203819254698,0.155462230568,1.1012));
#6775 = DIRECTION('',(0.,1.,0.));
#6776 = DIRECTION('',(0.,-0.,1.));
#6777 = ADVANCED_FACE('',(#6778),#6796,.T.);
#6778 = FACE_BOUND('',#6779,.T.);
#6779 = EDGE_LOOP('',(#6780,#6788,#6789,#6790));
#6780 = ORIENTED_EDGE('',*,*,#6781,.T.);
#6781 = EDGE_CURVE('',#6782,#6758,#6784,.T.);
#6782 = VERTEX_POINT('',#6783);
#6783 = CARTESIAN_POINT('',(6.96308290244E-03,0.118675976243,1.101));
#6784 = LINE('',#6785,#6786);
#6785 = CARTESIAN_POINT('',(6.96308290244E-03,0.118675976243,1.101));
#6786 = VECTOR('',#6787,1.);
#6787 = DIRECTION('',(0.,1.,0.));
#6788 = ORIENTED_EDGE('',*,*,#6767,.T.);
#6789 = ORIENTED_EDGE('',*,*,#6500,.T.);
#6790 = ORIENTED_EDGE('',*,*,#6791,.F.);
#6791 = EDGE_CURVE('',#6782,#6493,#6792,.T.);
#6792 = LINE('',#6793,#6794);
#6793 = CARTESIAN_POINT('',(6.96308290244E-03,0.118675976243,1.101));
#6794 = VECTOR('',#6795,1.);
#6795 = DIRECTION('',(0.,0.,-1.));
#6796 = PLANE('',#6797);
#6797 = AXIS2_PLACEMENT_3D('',#6798,#6799,#6800);
#6798 = CARTESIAN_POINT('',(6.96308290244E-03,0.155462230568,1.1012));
#6799 = DIRECTION('',(-1.,0.,0.));
#6800 = DIRECTION('',(0.,0.,-1.));
#6801 = ADVANCED_FACE('',(#6802),#6820,.T.);
#6802 = FACE_BOUND('',#6803,.T.);
#6803 = EDGE_LOOP('',(#6804,#6812,#6813,#6814));
#6804 = ORIENTED_EDGE('',*,*,#6805,.T.);
#6805 = EDGE_CURVE('',#6806,#6782,#6808,.T.);
#6806 = VERTEX_POINT('',#6807);
#6807 = CARTESIAN_POINT('',(0.151125430935,0.118675976243,1.101));
#6808 = LINE('',#6809,#6810);
#6809 = CARTESIAN_POINT('',(0.151125430935,0.118675976243,1.101));
#6810 = VECTOR('',#6811,1.);
#6811 = DIRECTION('',(-1.,0.,0.));
#6812 = ORIENTED_EDGE('',*,*,#6791,.T.);
#6813 = ORIENTED_EDGE('',*,*,#6492,.T.);
#6814 = ORIENTED_EDGE('',*,*,#6815,.F.);
#6815 = EDGE_CURVE('',#6806,#6484,#6816,.T.);
#6816 = LINE('',#6817,#6818);
#6817 = CARTESIAN_POINT('',(0.151125430935,0.118675976243,1.101));
#6818 = VECTOR('',#6819,1.);
#6819 = DIRECTION('',(0.,0.,-1.));
#6820 = PLANE('',#6821);
#6821 = AXIS2_PLACEMENT_3D('',#6822,#6823,#6824);
#6822 = CARTESIAN_POINT('',(6.96308290244E-03,0.118675976243,1.1012));
#6823 = DIRECTION('',(0.,-1.,0.));
#6824 = DIRECTION('',(0.,0.,-1.));
#6825 = ADVANCED_FACE('',(#6826),#6845,.F.);
#6826 = FACE_BOUND('',#6827,.F.);
#6827 = EDGE_LOOP('',(#6828,#6836,#6837,#6838));
#6828 = ORIENTED_EDGE('',*,*,#6829,.T.);
#6829 = EDGE_CURVE('',#6830,#6475,#6832,.T.);
#6830 = VERTEX_POINT('',#6831);
#6831 = CARTESIAN_POINT('',(0.172004115822,0.106128401819,1.101));
#6832 = LINE('',#6833,#6834);
#6833 = CARTESIAN_POINT('',(0.172004115822,0.106128401819,1.101));
#6834 = VECTOR('',#6835,1.);
#6835 = DIRECTION('',(0.,0.,-1.));
#6836 = ORIENTED_EDGE('',*,*,#6483,.F.);
#6837 = ORIENTED_EDGE('',*,*,#6815,.F.);
#6838 = ORIENTED_EDGE('',*,*,#6839,.F.);
#6839 = EDGE_CURVE('',#6830,#6806,#6840,.T.);
#6840 = CIRCLE('',#6841,2.282269447377E-02);
#6841 = AXIS2_PLACEMENT_3D('',#6842,#6843,#6844);
#6842 = CARTESIAN_POINT('',(0.151622542479,9.585869631816E-02,1.101));
#6843 = DIRECTION('',(0.,0.,1.));
#6844 = DIRECTION('',(0.515110309911,0.857123893392,-0.));
#6845 = CYLINDRICAL_SURFACE('',#6846,2.282269447377E-02);
#6846 = AXIS2_PLACEMENT_3D('',#6847,#6848,#6849);
#6847 = CARTESIAN_POINT('',(0.151622542479,9.585869631816E-02,1.1012));
#6848 = DIRECTION('',(0.,0.,-1.));
#6849 = DIRECTION('',(0.515110309911,0.857123893392,0.));
#6850 = ADVANCED_FACE('',(#6851),#6870,.F.);
#6851 = FACE_BOUND('',#6852,.F.);
#6852 = EDGE_LOOP('',(#6853,#6861,#6862,#6863));
#6853 = ORIENTED_EDGE('',*,*,#6854,.T.);
#6854 = EDGE_CURVE('',#6855,#6466,#6857,.T.);
#6855 = VERTEX_POINT('',#6856);
#6856 = CARTESIAN_POINT('',(0.167033000375,7.592438337581E-02,1.101));
#6857 = LINE('',#6858,#6859);
#6858 = CARTESIAN_POINT('',(0.167033000375,7.592438337581E-02,1.101));
#6859 = VECTOR('',#6860,1.);
#6860 = DIRECTION('',(0.,0.,-1.));
#6861 = ORIENTED_EDGE('',*,*,#6474,.F.);
#6862 = ORIENTED_EDGE('',*,*,#6829,.F.);
#6863 = ORIENTED_EDGE('',*,*,#6864,.F.);
#6864 = EDGE_CURVE('',#6855,#6830,#6865,.T.);
#6865 = CIRCLE('',#6866,2.675752961034E-02);
#6866 = AXIS2_PLACEMENT_3D('',#6867,#6868,#6869);
#6867 = CARTESIAN_POINT('',(0.147861871512,9.459074908997E-02,1.101));
#6868 = DIRECTION('',(0.,0.,1.));
#6869 = DIRECTION('',(0.986725053275,-0.162399720562,0.));
#6870 = CYLINDRICAL_SURFACE('',#6871,2.675752961034E-02);
#6871 = AXIS2_PLACEMENT_3D('',#6872,#6873,#6874);
#6872 = CARTESIAN_POINT('',(0.147861871512,9.459074908997E-02,1.1012));
#6873 = DIRECTION('',(0.,0.,-1.));
#6874 = DIRECTION('',(0.986725053275,-0.162399720562,0.));
#6875 = ADVANCED_FACE('',(#6876),#6888,.F.);
#6876 = FACE_BOUND('',#6877,.F.);
#6877 = EDGE_LOOP('',(#6878,#6879,#6880,#6881));
#6878 = ORIENTED_EDGE('',*,*,#6693,.T.);
#6879 = ORIENTED_EDGE('',*,*,#6465,.F.);
#6880 = ORIENTED_EDGE('',*,*,#6854,.F.);
#6881 = ORIENTED_EDGE('',*,*,#6882,.F.);
#6882 = EDGE_CURVE('',#6686,#6855,#6883,.T.);
#6883 = CIRCLE('',#6884,4.235549872192E-02);
#6884 = AXIS2_PLACEMENT_3D('',#6885,#6886,#6887);
#6885 = CARTESIAN_POINT('',(0.147103346621,0.113298133164,1.101));
#6886 = DIRECTION('',(0.,0.,1.));
#6887 = DIRECTION('',(0.231620527227,-0.972806214704,0.));
#6888 = CYLINDRICAL_SURFACE('',#6889,4.235549872192E-02);
#6889 = AXIS2_PLACEMENT_3D('',#6890,#6891,#6892);
#6890 = CARTESIAN_POINT('',(0.147103346621,0.113298133164,1.1012));
#6891 = DIRECTION('',(0.,0.,-1.));
#6892 = DIRECTION('',(0.231620527227,-0.972806214704,0.));
#6893 = ADVANCED_FACE('',(#6894),#6911,.T.);
#6894 = FACE_BOUND('',#6895,.T.);
#6895 = EDGE_LOOP('',(#6896,#6897,#6898,#6899,#6900,#6901,#6902,#6903,
    #6904,#6905,#6906,#6907,#6908,#6909,#6910));
#6896 = ORIENTED_EDGE('',*,*,#6709,.F.);
#6897 = ORIENTED_EDGE('',*,*,#6733,.F.);
#6898 = ORIENTED_EDGE('',*,*,#6757,.F.);
#6899 = ORIENTED_EDGE('',*,*,#6781,.F.);
#6900 = ORIENTED_EDGE('',*,*,#6805,.F.);
#6901 = ORIENTED_EDGE('',*,*,#6839,.F.);
#6902 = ORIENTED_EDGE('',*,*,#6864,.F.);
#6903 = ORIENTED_EDGE('',*,*,#6882,.F.);
#6904 = ORIENTED_EDGE('',*,*,#6685,.F.);
#6905 = ORIENTED_EDGE('',*,*,#6661,.F.);
#6906 = ORIENTED_EDGE('',*,*,#6637,.F.);
#6907 = ORIENTED_EDGE('',*,*,#6612,.F.);
#6908 = ORIENTED_EDGE('',*,*,#6587,.F.);
#6909 = ORIENTED_EDGE('',*,*,#6562,.F.);
#6910 = ORIENTED_EDGE('',*,*,#6530,.F.);
#6911 = PLANE('',#6912);
#6912 = AXIS2_PLACEMENT_3D('',#6913,#6914,#6915);
#6913 = CARTESIAN_POINT('',(0.14496729765,-0.281377729896,1.101));
#6914 = DIRECTION('',(0.,0.,1.));
#6915 = DIRECTION('',(0.,-1.,0.));
#6916 = MANIFOLD_SOLID_BREP('',#6917);
#6917 = CLOSED_SHELL('',(#6918,#6958,#6991,#7022,#7055,#7086,#7117,#7148
    ,#7181,#7212,#7245,#7276,#7298,#7318));
#6918 = ADVANCED_FACE('',(#6919),#6953,.T.);
#6919 = FACE_BOUND('',#6920,.T.);
#6920 = EDGE_LOOP('',(#6921,#6931,#6939,#6947));
#6921 = ORIENTED_EDGE('',*,*,#6922,.T.);
#6922 = EDGE_CURVE('',#6923,#6925,#6927,.T.);
#6923 = VERTEX_POINT('',#6924);
#6924 = CARTESIAN_POINT('',(-0.65,-1.15,0.4));
#6925 = VERTEX_POINT('',#6926);
#6926 = CARTESIAN_POINT('',(-0.737925435592,-1.15,0.4));
#6927 = LINE('',#6928,#6929);
#6928 = CARTESIAN_POINT('',(-0.65,-1.15,0.4));
#6929 = VECTOR('',#6930,1.);
#6930 = DIRECTION('',(-1.,0.,-1.292991E-12));
#6931 = ORIENTED_EDGE('',*,*,#6932,.F.);
#6932 = EDGE_CURVE('',#6933,#6925,#6935,.T.);
#6933 = VERTEX_POINT('',#6934);
#6934 = CARTESIAN_POINT('',(-0.737925435592,-0.75,0.4));
#6935 = LINE('',#6936,#6937);
#6936 = CARTESIAN_POINT('',(-0.737925435592,-0.75,0.4));
#6937 = VECTOR('',#6938,1.);
#6938 = DIRECTION('',(0.,-1.,0.));
#6939 = ORIENTED_EDGE('',*,*,#6940,.F.);
#6940 = EDGE_CURVE('',#6941,#6933,#6943,.T.);
#6941 = VERTEX_POINT('',#6942);
#6942 = CARTESIAN_POINT('',(-0.65,-0.75,0.4));
#6943 = LINE('',#6944,#6945);
#6944 = CARTESIAN_POINT('',(-0.65,-0.75,0.4));
#6945 = VECTOR('',#6946,1.);
#6946 = DIRECTION('',(-1.,0.,-1.292991E-12));
#6947 = ORIENTED_EDGE('',*,*,#6948,.T.);
#6948 = EDGE_CURVE('',#6941,#6923,#6949,.T.);
#6949 = LINE('',#6950,#6951);
#6950 = CARTESIAN_POINT('',(-0.65,-0.75,0.4));
#6951 = VECTOR('',#6952,1.);
#6952 = DIRECTION('',(0.,-1.,0.));
#6953 = PLANE('',#6954);
#6954 = AXIS2_PLACEMENT_3D('',#6955,#6956,#6957);
#6955 = CARTESIAN_POINT('',(-0.65,-0.75,0.4));
#6956 = DIRECTION('',(1.292991E-12,-5.541919E-28,-1.));
#6957 = DIRECTION('',(7.165651389729E-40,1.,-5.541919E-28));
#6958 = ADVANCED_FACE('',(#6959),#6986,.F.);
#6959 = FACE_BOUND('',#6960,.F.);
#6960 = EDGE_LOOP('',(#6961,#6962,#6971,#6979));
#6961 = ORIENTED_EDGE('',*,*,#6932,.F.);
#6962 = ORIENTED_EDGE('',*,*,#6963,.T.);
#6963 = EDGE_CURVE('',#6933,#6964,#6966,.T.);
#6964 = VERTEX_POINT('',#6965);
#6965 = CARTESIAN_POINT('',(-0.835249486167,-0.75,0.322978885518));
#6966 = CIRCLE('',#6967,9.999999999997E-02);
#6967 = AXIS2_PLACEMENT_3D('',#6968,#6969,#6970);
#6968 = CARTESIAN_POINT('',(-0.737925435592,-0.75,0.3));
#6969 = DIRECTION('',(-1.65061E-16,-1.,2.085714E-16));
#6970 = DIRECTION('',(-0.620568749143,2.659833878628E-16,0.784152043667)
  );
#6971 = ORIENTED_EDGE('',*,*,#6972,.T.);
#6972 = EDGE_CURVE('',#6964,#6973,#6975,.T.);
#6973 = VERTEX_POINT('',#6974);
#6974 = CARTESIAN_POINT('',(-0.835249486167,-1.15,0.322978885518));
#6975 = LINE('',#6976,#6977);
#6976 = CARTESIAN_POINT('',(-0.835249486167,-0.75,0.322978885518));
#6977 = VECTOR('',#6978,1.);
#6978 = DIRECTION('',(0.,-1.,0.));
#6979 = ORIENTED_EDGE('',*,*,#6980,.F.);
#6980 = EDGE_CURVE('',#6925,#6973,#6981,.T.);
#6981 = CIRCLE('',#6982,9.999999999997E-02);
#6982 = AXIS2_PLACEMENT_3D('',#6983,#6984,#6985);
#6983 = CARTESIAN_POINT('',(-0.737925435592,-1.15,0.3));
#6984 = DIRECTION('',(-1.65061E-16,-1.,2.085714E-16));
#6985 = DIRECTION('',(-0.620568749143,2.659833878628E-16,0.784152043667)
  );
#6986 = CYLINDRICAL_SURFACE('',#6987,9.999999999997E-02);
#6987 = AXIS2_PLACEMENT_3D('',#6988,#6989,#6990);
#6988 = CARTESIAN_POINT('',(-0.737925435592,-0.75,0.3));
#6989 = DIRECTION('',(-4.286122E-16,-1.,0.));
#6990 = DIRECTION('',(-0.620568749143,2.659833368212E-16,0.784152043667)
  );
#6991 = ADVANCED_FACE('',(#6992),#7017,.T.);
#6992 = FACE_BOUND('',#6993,.T.);
#6993 = EDGE_LOOP('',(#6994,#7002,#7010,#7016));
#6994 = ORIENTED_EDGE('',*,*,#6995,.T.);
#6995 = EDGE_CURVE('',#6973,#6996,#6998,.T.);
#6996 = VERTEX_POINT('',#6997);
#6997 = CARTESIAN_POINT('',(-0.879682911493,-1.15,0.134786950344));
#6998 = LINE('',#6999,#7000);
#6999 = CARTESIAN_POINT('',(-0.835249486167,-1.15,0.322978885518));
#7000 = VECTOR('',#7001,1.);
#7001 = DIRECTION('',(-0.229788855176,0.,-0.973240505752));
#7002 = ORIENTED_EDGE('',*,*,#7003,.F.);
#7003 = EDGE_CURVE('',#7004,#6996,#7006,.T.);
#7004 = VERTEX_POINT('',#7005);
#7005 = CARTESIAN_POINT('',(-0.879682911493,-0.75,0.134786950344));
#7006 = LINE('',#7007,#7008);
#7007 = CARTESIAN_POINT('',(-0.879682911493,-0.75,0.134786950344));
#7008 = VECTOR('',#7009,1.);
#7009 = DIRECTION('',(0.,-1.,0.));
#7010 = ORIENTED_EDGE('',*,*,#7011,.F.);
#7011 = EDGE_CURVE('',#6964,#7004,#7012,.T.);
#7012 = LINE('',#7013,#7014);
#7013 = CARTESIAN_POINT('',(-0.835249486167,-0.75,0.322978885518));
#7014 = VECTOR('',#7015,1.);
#7015 = DIRECTION('',(-0.229788855176,0.,-0.973240505752));
#7016 = ORIENTED_EDGE('',*,*,#6972,.T.);
#7017 = PLANE('',#7018);
#7018 = AXIS2_PLACEMENT_3D('',#7019,#7020,#7021);
#7019 = CARTESIAN_POINT('',(-0.835249486167,-0.75,0.322978885518));
#7020 = DIRECTION('',(0.973240505752,-4.171428E-16,-0.229788855176));
#7021 = DIRECTION('',(0.229788855176,-9.849031E-17,0.973240505752));
#7022 = ADVANCED_FACE('',(#7023),#7050,.T.);
#7023 = FACE_BOUND('',#7024,.T.);
#7024 = EDGE_LOOP('',(#7025,#7034,#7042,#7049));
#7025 = ORIENTED_EDGE('',*,*,#7026,.T.);
#7026 = EDGE_CURVE('',#6996,#7027,#7029,.T.);
#7027 = VERTEX_POINT('',#7028);
#7028 = CARTESIAN_POINT('',(-1.05,-1.15,0.));
#7029 = CIRCLE('',#7030,0.175);
#7030 = AXIS2_PLACEMENT_3D('',#7031,#7032,#7033);
#7031 = CARTESIAN_POINT('',(-1.05,-1.15,0.175));
#7032 = DIRECTION('',(1.65061E-16,1.,-2.085714E-16));
#7033 = DIRECTION('',(0.620568749142,-2.659833878628E-16,-0.784152043667
    ));
#7034 = ORIENTED_EDGE('',*,*,#7035,.F.);
#7035 = EDGE_CURVE('',#7036,#7027,#7038,.T.);
#7036 = VERTEX_POINT('',#7037);
#7037 = CARTESIAN_POINT('',(-1.05,-0.75,0.));
#7038 = LINE('',#7039,#7040);
#7039 = CARTESIAN_POINT('',(-1.05,-0.75,0.));
#7040 = VECTOR('',#7041,1.);
#7041 = DIRECTION('',(0.,-1.,0.));
#7042 = ORIENTED_EDGE('',*,*,#7043,.F.);
#7043 = EDGE_CURVE('',#7004,#7036,#7044,.T.);
#7044 = CIRCLE('',#7045,0.175);
#7045 = AXIS2_PLACEMENT_3D('',#7046,#7047,#7048);
#7046 = CARTESIAN_POINT('',(-1.05,-0.75,0.175));
#7047 = DIRECTION('',(1.65061E-16,1.,-2.085714E-16));
#7048 = DIRECTION('',(0.620568749142,-2.659833878628E-16,-0.784152043667
    ));
#7049 = ORIENTED_EDGE('',*,*,#7003,.T.);
#7050 = CYLINDRICAL_SURFACE('',#7051,0.175);
#7051 = AXIS2_PLACEMENT_3D('',#7052,#7053,#7054);
#7052 = CARTESIAN_POINT('',(-1.05,-0.75,0.175));
#7053 = DIRECTION('',(-4.286122E-16,-1.,0.));
#7054 = DIRECTION('',(0.620568749142,-2.659833368211E-16,-0.784152043667
    ));
#7055 = ADVANCED_FACE('',(#7056),#7081,.T.);
#7056 = FACE_BOUND('',#7057,.T.);
#7057 = EDGE_LOOP('',(#7058,#7066,#7074,#7080));
#7058 = ORIENTED_EDGE('',*,*,#7059,.T.);
#7059 = EDGE_CURVE('',#7027,#7060,#7062,.T.);
#7060 = VERTEX_POINT('',#7061);
#7061 = CARTESIAN_POINT('',(-1.2,-1.15,0.));
#7062 = LINE('',#7063,#7064);
#7063 = CARTESIAN_POINT('',(-1.05,-1.15,0.));
#7064 = VECTOR('',#7065,1.);
#7065 = DIRECTION('',(-1.,0.,0.));
#7066 = ORIENTED_EDGE('',*,*,#7067,.F.);
#7067 = EDGE_CURVE('',#7068,#7060,#7070,.T.);
#7068 = VERTEX_POINT('',#7069);
#7069 = CARTESIAN_POINT('',(-1.2,-0.75,0.));
#7070 = LINE('',#7071,#7072);
#7071 = CARTESIAN_POINT('',(-1.2,-0.75,0.));
#7072 = VECTOR('',#7073,1.);
#7073 = DIRECTION('',(0.,-1.,0.));
#7074 = ORIENTED_EDGE('',*,*,#7075,.F.);
#7075 = EDGE_CURVE('',#7036,#7068,#7076,.T.);
#7076 = LINE('',#7077,#7078);
#7077 = CARTESIAN_POINT('',(-1.05,-0.75,0.));
#7078 = VECTOR('',#7079,1.);
#7079 = DIRECTION('',(-1.,0.,0.));
#7080 = ORIENTED_EDGE('',*,*,#7035,.T.);
#7081 = PLANE('',#7082);
#7082 = AXIS2_PLACEMENT_3D('',#7083,#7084,#7085);
#7083 = CARTESIAN_POINT('',(-1.05,-0.75,0.));
#7084 = DIRECTION('',(0.,0.,-1.));
#7085 = DIRECTION('',(0.,1.,0.));
#7086 = ADVANCED_FACE('',(#7087),#7112,.T.);
#7087 = FACE_BOUND('',#7088,.T.);
#7088 = EDGE_LOOP('',(#7089,#7097,#7105,#7111));
#7089 = ORIENTED_EDGE('',*,*,#7090,.T.);
#7090 = EDGE_CURVE('',#7060,#7091,#7093,.T.);
#7091 = VERTEX_POINT('',#7092);
#7092 = CARTESIAN_POINT('',(-1.2,-1.15,0.125));
#7093 = LINE('',#7094,#7095);
#7094 = CARTESIAN_POINT('',(-1.2,-1.15,0.));
#7095 = VECTOR('',#7096,1.);
#7096 = DIRECTION('',(0.,0.,1.));
#7097 = ORIENTED_EDGE('',*,*,#7098,.F.);
#7098 = EDGE_CURVE('',#7099,#7091,#7101,.T.);
#7099 = VERTEX_POINT('',#7100);
#7100 = CARTESIAN_POINT('',(-1.2,-0.75,0.125));
#7101 = LINE('',#7102,#7103);
#7102 = CARTESIAN_POINT('',(-1.2,-0.75,0.125));
#7103 = VECTOR('',#7104,1.);
#7104 = DIRECTION('',(0.,-1.,0.));
#7105 = ORIENTED_EDGE('',*,*,#7106,.F.);
#7106 = EDGE_CURVE('',#7068,#7099,#7107,.T.);
#7107 = LINE('',#7108,#7109);
#7108 = CARTESIAN_POINT('',(-1.2,-0.75,0.));
#7109 = VECTOR('',#7110,1.);
#7110 = DIRECTION('',(0.,0.,1.));
#7111 = ORIENTED_EDGE('',*,*,#7067,.T.);
#7112 = PLANE('',#7113);
#7113 = AXIS2_PLACEMENT_3D('',#7114,#7115,#7116);
#7114 = CARTESIAN_POINT('',(-1.2,-0.75,0.));
#7115 = DIRECTION('',(-1.,0.,0.));
#7116 = DIRECTION('',(0.,0.,-1.));
#7117 = ADVANCED_FACE('',(#7118),#7143,.T.);
#7118 = FACE_BOUND('',#7119,.T.);
#7119 = EDGE_LOOP('',(#7120,#7128,#7136,#7142));
#7120 = ORIENTED_EDGE('',*,*,#7121,.T.);
#7121 = EDGE_CURVE('',#7091,#7122,#7124,.T.);
#7122 = VERTEX_POINT('',#7123);
#7123 = CARTESIAN_POINT('',(-1.05,-1.15,0.125));
#7124 = LINE('',#7125,#7126);
#7125 = CARTESIAN_POINT('',(-1.2,-1.15,0.125));
#7126 = VECTOR('',#7127,1.);
#7127 = DIRECTION('',(1.,0.,0.));
#7128 = ORIENTED_EDGE('',*,*,#7129,.F.);
#7129 = EDGE_CURVE('',#7130,#7122,#7132,.T.);
#7130 = VERTEX_POINT('',#7131);
#7131 = CARTESIAN_POINT('',(-1.05,-0.75,0.125));
#7132 = LINE('',#7133,#7134);
#7133 = CARTESIAN_POINT('',(-1.05,-0.75,0.125));
#7134 = VECTOR('',#7135,1.);
#7135 = DIRECTION('',(0.,-1.,0.));
#7136 = ORIENTED_EDGE('',*,*,#7137,.F.);
#7137 = EDGE_CURVE('',#7099,#7130,#7138,.T.);
#7138 = LINE('',#7139,#7140);
#7139 = CARTESIAN_POINT('',(-1.2,-0.75,0.125));
#7140 = VECTOR('',#7141,1.);
#7141 = DIRECTION('',(1.,0.,0.));
#7142 = ORIENTED_EDGE('',*,*,#7098,.T.);
#7143 = PLANE('',#7144);
#7144 = AXIS2_PLACEMENT_3D('',#7145,#7146,#7147);
#7145 = CARTESIAN_POINT('',(-1.2,-0.75,0.125));
#7146 = DIRECTION('',(0.,0.,1.));
#7147 = DIRECTION('',(0.,-1.,0.));
#7148 = ADVANCED_FACE('',(#7149),#7176,.F.);
#7149 = FACE_BOUND('',#7150,.F.);
#7150 = EDGE_LOOP('',(#7151,#7152,#7161,#7169));
#7151 = ORIENTED_EDGE('',*,*,#7129,.F.);
#7152 = ORIENTED_EDGE('',*,*,#7153,.T.);
#7153 = EDGE_CURVE('',#7130,#7154,#7156,.T.);
#7154 = VERTEX_POINT('',#7155);
#7155 = CARTESIAN_POINT('',(-1.001337974712,-0.75,0.163510557241));
#7156 = CIRCLE('',#7157,5.000000000003E-02);
#7157 = AXIS2_PLACEMENT_3D('',#7158,#7159,#7160);
#7158 = CARTESIAN_POINT('',(-1.05,-0.75,0.175));
#7159 = DIRECTION('',(-1.65061E-16,-1.,2.085714E-16));
#7160 = DIRECTION('',(0.620568749143,-2.659833878628E-16,-0.784152043667
    ));
#7161 = ORIENTED_EDGE('',*,*,#7162,.T.);
#7162 = EDGE_CURVE('',#7154,#7163,#7165,.T.);
#7163 = VERTEX_POINT('',#7164);
#7164 = CARTESIAN_POINT('',(-1.001337974712,-1.15,0.163510557241));
#7165 = LINE('',#7166,#7167);
#7166 = CARTESIAN_POINT('',(-1.001337974712,-0.75,0.163510557241));
#7167 = VECTOR('',#7168,1.);
#7168 = DIRECTION('',(0.,-1.,0.));
#7169 = ORIENTED_EDGE('',*,*,#7170,.F.);
#7170 = EDGE_CURVE('',#7122,#7163,#7171,.T.);
#7171 = CIRCLE('',#7172,5.000000000003E-02);
#7172 = AXIS2_PLACEMENT_3D('',#7173,#7174,#7175);
#7173 = CARTESIAN_POINT('',(-1.05,-1.15,0.175));
#7174 = DIRECTION('',(-1.65061E-16,-1.,2.085714E-16));
#7175 = DIRECTION('',(0.620568749143,-2.659833878628E-16,-0.784152043667
    ));
#7176 = CYLINDRICAL_SURFACE('',#7177,5.000000000003E-02);
#7177 = AXIS2_PLACEMENT_3D('',#7178,#7179,#7180);
#7178 = CARTESIAN_POINT('',(-1.05,-0.75,0.175));
#7179 = DIRECTION('',(-4.286122E-16,-1.,0.));
#7180 = DIRECTION('',(0.620568749143,-2.659833368212E-16,-0.784152043667
    ));
#7181 = ADVANCED_FACE('',(#7182),#7207,.T.);
#7182 = FACE_BOUND('',#7183,.T.);
#7183 = EDGE_LOOP('',(#7184,#7192,#7200,#7206));
#7184 = ORIENTED_EDGE('',*,*,#7185,.T.);
#7185 = EDGE_CURVE('',#7163,#7186,#7188,.T.);
#7186 = VERTEX_POINT('',#7187);
#7187 = CARTESIAN_POINT('',(-0.956904549386,-1.15,0.351702492415));
#7188 = LINE('',#7189,#7190);
#7189 = CARTESIAN_POINT('',(-1.001337974712,-1.15,0.163510557241));
#7190 = VECTOR('',#7191,1.);
#7191 = DIRECTION('',(0.229788855176,0.,0.973240505752));
#7192 = ORIENTED_EDGE('',*,*,#7193,.F.);
#7193 = EDGE_CURVE('',#7194,#7186,#7196,.T.);
#7194 = VERTEX_POINT('',#7195);
#7195 = CARTESIAN_POINT('',(-0.956904549386,-0.75,0.351702492415));
#7196 = LINE('',#7197,#7198);
#7197 = CARTESIAN_POINT('',(-0.956904549386,-0.75,0.351702492415));
#7198 = VECTOR('',#7199,1.);
#7199 = DIRECTION('',(0.,-1.,0.));
#7200 = ORIENTED_EDGE('',*,*,#7201,.F.);
#7201 = EDGE_CURVE('',#7154,#7194,#7202,.T.);
#7202 = LINE('',#7203,#7204);
#7203 = CARTESIAN_POINT('',(-1.001337974712,-0.75,0.163510557241));
#7204 = VECTOR('',#7205,1.);
#7205 = DIRECTION('',(0.229788855176,0.,0.973240505752));
#7206 = ORIENTED_EDGE('',*,*,#7162,.T.);
#7207 = PLANE('',#7208);
#7208 = AXIS2_PLACEMENT_3D('',#7209,#7210,#7211);
#7209 = CARTESIAN_POINT('',(-1.001337974712,-0.75,0.163510557241));
#7210 = DIRECTION('',(-0.973240505752,4.171428E-16,0.229788855176));
#7211 = DIRECTION('',(-0.229788855176,9.849031E-17,-0.973240505752));
#7212 = ADVANCED_FACE('',(#7213),#7240,.T.);
#7213 = FACE_BOUND('',#7214,.T.);
#7214 = EDGE_LOOP('',(#7215,#7224,#7232,#7239));
#7215 = ORIENTED_EDGE('',*,*,#7216,.T.);
#7216 = EDGE_CURVE('',#7186,#7217,#7219,.T.);
#7217 = VERTEX_POINT('',#7218);
#7218 = CARTESIAN_POINT('',(-0.737925435592,-1.15,0.525));
#7219 = CIRCLE('',#7220,0.225);
#7220 = AXIS2_PLACEMENT_3D('',#7221,#7222,#7223);
#7221 = CARTESIAN_POINT('',(-0.737925435592,-1.15,0.3));
#7222 = DIRECTION('',(1.65061E-16,1.,-2.085714E-16));
#7223 = DIRECTION('',(-0.620568749143,2.659833878628E-16,0.784152043667)
  );
#7224 = ORIENTED_EDGE('',*,*,#7225,.F.);
#7225 = EDGE_CURVE('',#7226,#7217,#7228,.T.);
#7226 = VERTEX_POINT('',#7227);
#7227 = CARTESIAN_POINT('',(-0.737925435592,-0.75,0.525));
#7228 = LINE('',#7229,#7230);
#7229 = CARTESIAN_POINT('',(-0.737925435592,-0.75,0.525));
#7230 = VECTOR('',#7231,1.);
#7231 = DIRECTION('',(0.,-1.,0.));
#7232 = ORIENTED_EDGE('',*,*,#7233,.F.);
#7233 = EDGE_CURVE('',#7194,#7226,#7234,.T.);
#7234 = CIRCLE('',#7235,0.225);
#7235 = AXIS2_PLACEMENT_3D('',#7236,#7237,#7238);
#7236 = CARTESIAN_POINT('',(-0.737925435592,-0.75,0.3));
#7237 = DIRECTION('',(1.65061E-16,1.,-2.085714E-16));
#7238 = DIRECTION('',(-0.620568749143,2.659833878628E-16,0.784152043667)
  );
#7239 = ORIENTED_EDGE('',*,*,#7193,.T.);
#7240 = CYLINDRICAL_SURFACE('',#7241,0.225);
#7241 = AXIS2_PLACEMENT_3D('',#7242,#7243,#7244);
#7242 = CARTESIAN_POINT('',(-0.737925435592,-0.75,0.3));
#7243 = DIRECTION('',(-4.286122E-16,-1.,0.));
#7244 = DIRECTION('',(-0.620568749143,2.659833368214E-16,0.784152043667)
  );
#7245 = ADVANCED_FACE('',(#7246),#7271,.T.);
#7246 = FACE_BOUND('',#7247,.T.);
#7247 = EDGE_LOOP('',(#7248,#7256,#7264,#7270));
#7248 = ORIENTED_EDGE('',*,*,#7249,.T.);
#7249 = EDGE_CURVE('',#7217,#7250,#7252,.T.);
#7250 = VERTEX_POINT('',#7251);
#7251 = CARTESIAN_POINT('',(-0.65,-1.15,0.525));
#7252 = LINE('',#7253,#7254);
#7253 = CARTESIAN_POINT('',(-0.737925435592,-1.15,0.525));
#7254 = VECTOR('',#7255,1.);
#7255 = DIRECTION('',(1.,0.,1.616239E-12));
#7256 = ORIENTED_EDGE('',*,*,#7257,.F.);
#7257 = EDGE_CURVE('',#7258,#7250,#7260,.T.);
#7258 = VERTEX_POINT('',#7259);
#7259 = CARTESIAN_POINT('',(-0.65,-0.75,0.525));
#7260 = LINE('',#7261,#7262);
#7261 = CARTESIAN_POINT('',(-0.65,-0.75,0.525));
#7262 = VECTOR('',#7263,1.);
#7263 = DIRECTION('',(0.,-1.,0.));
#7264 = ORIENTED_EDGE('',*,*,#7265,.F.);
#7265 = EDGE_CURVE('',#7226,#7258,#7266,.T.);
#7266 = LINE('',#7267,#7268);
#7267 = CARTESIAN_POINT('',(-0.737925435592,-0.75,0.525));
#7268 = VECTOR('',#7269,1.);
#7269 = DIRECTION('',(1.,0.,1.616239E-12));
#7270 = ORIENTED_EDGE('',*,*,#7225,.T.);
#7271 = PLANE('',#7272);
#7272 = AXIS2_PLACEMENT_3D('',#7273,#7274,#7275);
#7273 = CARTESIAN_POINT('',(-0.737925435592,-0.75,0.525));
#7274 = DIRECTION('',(-1.616239E-12,6.927399E-28,1.));
#7275 = DIRECTION('',(-1.119633243236E-39,-1.,6.927399E-28));
#7276 = ADVANCED_FACE('',(#7277),#7293,.T.);
#7277 = FACE_BOUND('',#7278,.T.);
#7278 = EDGE_LOOP('',(#7279,#7285,#7286,#7292));
#7279 = ORIENTED_EDGE('',*,*,#7280,.T.);
#7280 = EDGE_CURVE('',#7250,#6923,#7281,.T.);
#7281 = LINE('',#7282,#7283);
#7282 = CARTESIAN_POINT('',(-0.65,-1.15,0.525));
#7283 = VECTOR('',#7284,1.);
#7284 = DIRECTION('',(3.637979E-12,0.,-1.));
#7285 = ORIENTED_EDGE('',*,*,#6948,.F.);
#7286 = ORIENTED_EDGE('',*,*,#7287,.F.);
#7287 = EDGE_CURVE('',#7258,#6941,#7288,.T.);
#7288 = LINE('',#7289,#7290);
#7289 = CARTESIAN_POINT('',(-0.65,-0.75,0.525));
#7290 = VECTOR('',#7291,1.);
#7291 = DIRECTION('',(3.637979E-12,0.,-1.));
#7292 = ORIENTED_EDGE('',*,*,#7257,.T.);
#7293 = PLANE('',#7294);
#7294 = AXIS2_PLACEMENT_3D('',#7295,#7296,#7297);
#7295 = CARTESIAN_POINT('',(-0.65,-0.75,0.525));
#7296 = DIRECTION('',(1.,-4.286122E-16,3.637979E-12));
#7297 = DIRECTION('',(-3.637979E-12,1.559282E-27,1.));
#7298 = ADVANCED_FACE('',(#7299),#7313,.T.);
#7299 = FACE_BOUND('',#7300,.T.);
#7300 = EDGE_LOOP('',(#7301,#7302,#7303,#7304,#7305,#7306,#7307,#7308,
    #7309,#7310,#7311,#7312));
#7301 = ORIENTED_EDGE('',*,*,#6922,.F.);
#7302 = ORIENTED_EDGE('',*,*,#7280,.F.);
#7303 = ORIENTED_EDGE('',*,*,#7249,.F.);
#7304 = ORIENTED_EDGE('',*,*,#7216,.F.);
#7305 = ORIENTED_EDGE('',*,*,#7185,.F.);
#7306 = ORIENTED_EDGE('',*,*,#7170,.F.);
#7307 = ORIENTED_EDGE('',*,*,#7121,.F.);
#7308 = ORIENTED_EDGE('',*,*,#7090,.F.);
#7309 = ORIENTED_EDGE('',*,*,#7059,.F.);
#7310 = ORIENTED_EDGE('',*,*,#7026,.F.);
#7311 = ORIENTED_EDGE('',*,*,#6995,.F.);
#7312 = ORIENTED_EDGE('',*,*,#6980,.F.);
#7313 = PLANE('',#7314);
#7314 = AXIS2_PLACEMENT_3D('',#7315,#7316,#7317);
#7315 = CARTESIAN_POINT('',(-0.921692831301,-1.15,0.253865283075));
#7316 = DIRECTION('',(0.,-1.,0.));
#7317 = DIRECTION('',(0.,0.,-1.));
#7318 = ADVANCED_FACE('',(#7319),#7333,.F.);
#7319 = FACE_BOUND('',#7320,.T.);
#7320 = EDGE_LOOP('',(#7321,#7322,#7323,#7324,#7325,#7326,#7327,#7328,
    #7329,#7330,#7331,#7332));
#7321 = ORIENTED_EDGE('',*,*,#7287,.T.);
#7322 = ORIENTED_EDGE('',*,*,#6940,.T.);
#7323 = ORIENTED_EDGE('',*,*,#6963,.T.);
#7324 = ORIENTED_EDGE('',*,*,#7011,.T.);
#7325 = ORIENTED_EDGE('',*,*,#7043,.T.);
#7326 = ORIENTED_EDGE('',*,*,#7075,.T.);
#7327 = ORIENTED_EDGE('',*,*,#7106,.T.);
#7328 = ORIENTED_EDGE('',*,*,#7137,.T.);
#7329 = ORIENTED_EDGE('',*,*,#7153,.T.);
#7330 = ORIENTED_EDGE('',*,*,#7201,.T.);
#7331 = ORIENTED_EDGE('',*,*,#7233,.T.);
#7332 = ORIENTED_EDGE('',*,*,#7265,.T.);
#7333 = PLANE('',#7334);
#7334 = AXIS2_PLACEMENT_3D('',#7335,#7336,#7337);
#7335 = CARTESIAN_POINT('',(-0.921692831301,-0.75,0.253865283075));
#7336 = DIRECTION('',(0.,-1.,0.));
#7337 = DIRECTION('',(0.,0.,-1.));
#7338 = MANIFOLD_SOLID_BREP('',#7339);
#7339 = CLOSED_SHELL('',(#7340,#7380,#7413,#7444,#7477,#7508,#7539,#7570
    ,#7603,#7634,#7667,#7698,#7720,#7740));
#7340 = ADVANCED_FACE('',(#7341),#7375,.T.);
#7341 = FACE_BOUND('',#7342,.T.);
#7342 = EDGE_LOOP('',(#7343,#7353,#7361,#7369));
#7343 = ORIENTED_EDGE('',*,*,#7344,.T.);
#7344 = EDGE_CURVE('',#7345,#7347,#7349,.T.);
#7345 = VERTEX_POINT('',#7346);
#7346 = CARTESIAN_POINT('',(0.65,-0.2,0.525));
#7347 = VERTEX_POINT('',#7348);
#7348 = CARTESIAN_POINT('',(0.737925435592,-0.2,0.525));
#7349 = LINE('',#7350,#7351);
#7350 = CARTESIAN_POINT('',(0.65,-0.2,0.525));
#7351 = VECTOR('',#7352,1.);
#7352 = DIRECTION('',(1.,-3.156717E-16,-1.616239E-12));
#7353 = ORIENTED_EDGE('',*,*,#7354,.F.);
#7354 = EDGE_CURVE('',#7355,#7347,#7357,.T.);
#7355 = VERTEX_POINT('',#7356);
#7356 = CARTESIAN_POINT('',(0.737925435592,0.2,0.525));
#7357 = LINE('',#7358,#7359);
#7358 = CARTESIAN_POINT('',(0.737925435592,0.2,0.525));
#7359 = VECTOR('',#7360,1.);
#7360 = DIRECTION('',(0.,-1.,0.));
#7361 = ORIENTED_EDGE('',*,*,#7362,.T.);
#7362 = EDGE_CURVE('',#7355,#7363,#7365,.T.);
#7363 = VERTEX_POINT('',#7364);
#7364 = CARTESIAN_POINT('',(0.65,0.2,0.525));
#7365 = LINE('',#7366,#7367);
#7366 = CARTESIAN_POINT('',(0.737925435592,0.2,0.525));
#7367 = VECTOR('',#7368,1.);
#7368 = DIRECTION('',(-1.,3.156717E-16,1.616239E-12));
#7369 = ORIENTED_EDGE('',*,*,#7370,.T.);
#7370 = EDGE_CURVE('',#7363,#7345,#7371,.T.);
#7371 = LINE('',#7372,#7373);
#7372 = CARTESIAN_POINT('',(0.65,0.2,0.525));
#7373 = VECTOR('',#7374,1.);
#7374 = DIRECTION('',(0.,-1.,0.));
#7375 = PLANE('',#7376);
#7376 = AXIS2_PLACEMENT_3D('',#7377,#7378,#7379);
#7377 = CARTESIAN_POINT('',(0.65,0.2,0.525));
#7378 = DIRECTION('',(1.616239E-12,-6.927399E-28,1.));
#7379 = DIRECTION('',(-1.119633243236E-39,-1.,-6.927399E-28));
#7380 = ADVANCED_FACE('',(#7381),#7408,.T.);
#7381 = FACE_BOUND('',#7382,.T.);
#7382 = EDGE_LOOP('',(#7383,#7392,#7400,#7407));
#7383 = ORIENTED_EDGE('',*,*,#7384,.T.);
#7384 = EDGE_CURVE('',#7347,#7385,#7387,.T.);
#7385 = VERTEX_POINT('',#7386);
#7386 = CARTESIAN_POINT('',(0.956904549386,-0.2,0.351702492415));
#7387 = CIRCLE('',#7388,0.225);
#7388 = AXIS2_PLACEMENT_3D('',#7389,#7390,#7391);
#7389 = CARTESIAN_POINT('',(0.737925435592,-0.2,0.3));
#7390 = DIRECTION('',(1.65061E-16,1.,2.085714E-16));
#7391 = DIRECTION('',(0.620568749143,-2.659833878628E-16,0.784152043667)
  );
#7392 = ORIENTED_EDGE('',*,*,#7393,.F.);
#7393 = EDGE_CURVE('',#7394,#7385,#7396,.T.);
#7394 = VERTEX_POINT('',#7395);
#7395 = CARTESIAN_POINT('',(0.956904549386,0.2,0.351702492415));
#7396 = LINE('',#7397,#7398);
#7397 = CARTESIAN_POINT('',(0.956904549386,0.2,0.351702492415));
#7398 = VECTOR('',#7399,1.);
#7399 = DIRECTION('',(0.,-1.,0.));
#7400 = ORIENTED_EDGE('',*,*,#7401,.T.);
#7401 = EDGE_CURVE('',#7394,#7355,#7402,.T.);
#7402 = CIRCLE('',#7403,0.225);
#7403 = AXIS2_PLACEMENT_3D('',#7404,#7405,#7406);
#7404 = CARTESIAN_POINT('',(0.737925435592,0.2,0.3));
#7405 = DIRECTION('',(-1.65061E-16,-1.,-2.085714E-16));
#7406 = DIRECTION('',(0.620568749143,-2.659833878628E-16,0.784152043667)
  );
#7407 = ORIENTED_EDGE('',*,*,#7354,.T.);
#7408 = CYLINDRICAL_SURFACE('',#7409,0.225);
#7409 = AXIS2_PLACEMENT_3D('',#7410,#7411,#7412);
#7410 = CARTESIAN_POINT('',(0.737925435592,0.2,0.3));
#7411 = DIRECTION('',(-4.286122E-16,-1.,0.));
#7412 = DIRECTION('',(0.620568749143,-2.659833368214E-16,0.784152043667)
  );
#7413 = ADVANCED_FACE('',(#7414),#7439,.T.);
#7414 = FACE_BOUND('',#7415,.T.);
#7415 = EDGE_LOOP('',(#7416,#7424,#7432,#7438));
#7416 = ORIENTED_EDGE('',*,*,#7417,.T.);
#7417 = EDGE_CURVE('',#7385,#7418,#7420,.T.);
#7418 = VERTEX_POINT('',#7419);
#7419 = CARTESIAN_POINT('',(1.001337974712,-0.2,0.163510557241));
#7420 = LINE('',#7421,#7422);
#7421 = CARTESIAN_POINT('',(0.956904549386,-0.2,0.351702492415));
#7422 = VECTOR('',#7423,1.);
#7423 = DIRECTION('',(0.229788855176,-1.435388E-16,-0.973240505752));
#7424 = ORIENTED_EDGE('',*,*,#7425,.F.);
#7425 = EDGE_CURVE('',#7426,#7418,#7428,.T.);
#7426 = VERTEX_POINT('',#7427);
#7427 = CARTESIAN_POINT('',(1.001337974712,0.2,0.163510557241));
#7428 = LINE('',#7429,#7430);
#7429 = CARTESIAN_POINT('',(1.001337974712,0.2,0.163510557241));
#7430 = VECTOR('',#7431,1.);
#7431 = DIRECTION('',(0.,-1.,0.));
#7432 = ORIENTED_EDGE('',*,*,#7433,.T.);
#7433 = EDGE_CURVE('',#7426,#7394,#7434,.T.);
#7434 = LINE('',#7435,#7436);
#7435 = CARTESIAN_POINT('',(1.001337974712,0.2,0.163510557241));
#7436 = VECTOR('',#7437,1.);
#7437 = DIRECTION('',(-0.229788855176,1.435388E-16,0.973240505752));
#7438 = ORIENTED_EDGE('',*,*,#7393,.T.);
#7439 = PLANE('',#7440);
#7440 = AXIS2_PLACEMENT_3D('',#7441,#7442,#7443);
#7441 = CARTESIAN_POINT('',(0.956904549386,0.2,0.351702492415));
#7442 = DIRECTION('',(0.973240505752,-4.171428E-16,0.229788855176));
#7443 = DIRECTION('',(-0.229788855176,9.849031E-17,0.973240505752));
#7444 = ADVANCED_FACE('',(#7445),#7472,.F.);
#7445 = FACE_BOUND('',#7446,.F.);
#7446 = EDGE_LOOP('',(#7447,#7448,#7457,#7465));
#7447 = ORIENTED_EDGE('',*,*,#7425,.F.);
#7448 = ORIENTED_EDGE('',*,*,#7449,.F.);
#7449 = EDGE_CURVE('',#7450,#7426,#7452,.T.);
#7450 = VERTEX_POINT('',#7451);
#7451 = CARTESIAN_POINT('',(1.05,0.2,0.125));
#7452 = CIRCLE('',#7453,5.000000000003E-02);
#7453 = AXIS2_PLACEMENT_3D('',#7454,#7455,#7456);
#7454 = CARTESIAN_POINT('',(1.05,0.2,0.175));
#7455 = DIRECTION('',(1.65061E-16,1.,2.085714E-16));
#7456 = DIRECTION('',(-0.620568749143,2.659833878628E-16,-0.784152043667
    ));
#7457 = ORIENTED_EDGE('',*,*,#7458,.T.);
#7458 = EDGE_CURVE('',#7450,#7459,#7461,.T.);
#7459 = VERTEX_POINT('',#7460);
#7460 = CARTESIAN_POINT('',(1.05,-0.2,0.125));
#7461 = LINE('',#7462,#7463);
#7462 = CARTESIAN_POINT('',(1.05,0.2,0.125));
#7463 = VECTOR('',#7464,1.);
#7464 = DIRECTION('',(0.,-1.,0.));
#7465 = ORIENTED_EDGE('',*,*,#7466,.F.);
#7466 = EDGE_CURVE('',#7418,#7459,#7467,.T.);
#7467 = CIRCLE('',#7468,5.000000000003E-02);
#7468 = AXIS2_PLACEMENT_3D('',#7469,#7470,#7471);
#7469 = CARTESIAN_POINT('',(1.05,-0.2,0.175));
#7470 = DIRECTION('',(-1.65061E-16,-1.,-2.085714E-16));
#7471 = DIRECTION('',(-0.620568749143,2.659833878628E-16,-0.784152043667
    ));
#7472 = CYLINDRICAL_SURFACE('',#7473,5.000000000003E-02);
#7473 = AXIS2_PLACEMENT_3D('',#7474,#7475,#7476);
#7474 = CARTESIAN_POINT('',(1.05,0.2,0.175));
#7475 = DIRECTION('',(-4.286122E-16,-1.,0.));
#7476 = DIRECTION('',(-0.620568749143,2.659833368212E-16,-0.784152043667
    ));
#7477 = ADVANCED_FACE('',(#7478),#7503,.T.);
#7478 = FACE_BOUND('',#7479,.T.);
#7479 = EDGE_LOOP('',(#7480,#7488,#7496,#7502));
#7480 = ORIENTED_EDGE('',*,*,#7481,.T.);
#7481 = EDGE_CURVE('',#7459,#7482,#7484,.T.);
#7482 = VERTEX_POINT('',#7483);
#7483 = CARTESIAN_POINT('',(1.2,-0.2,0.125));
#7484 = LINE('',#7485,#7486);
#7485 = CARTESIAN_POINT('',(1.05,-0.2,0.125));
#7486 = VECTOR('',#7487,1.);
#7487 = DIRECTION('',(1.,0.,0.));
#7488 = ORIENTED_EDGE('',*,*,#7489,.F.);
#7489 = EDGE_CURVE('',#7490,#7482,#7492,.T.);
#7490 = VERTEX_POINT('',#7491);
#7491 = CARTESIAN_POINT('',(1.2,0.2,0.125));
#7492 = LINE('',#7493,#7494);
#7493 = CARTESIAN_POINT('',(1.2,0.2,0.125));
#7494 = VECTOR('',#7495,1.);
#7495 = DIRECTION('',(0.,-1.,0.));
#7496 = ORIENTED_EDGE('',*,*,#7497,.T.);
#7497 = EDGE_CURVE('',#7490,#7450,#7498,.T.);
#7498 = LINE('',#7499,#7500);
#7499 = CARTESIAN_POINT('',(1.2,0.2,0.125));
#7500 = VECTOR('',#7501,1.);
#7501 = DIRECTION('',(-1.,0.,0.));
#7502 = ORIENTED_EDGE('',*,*,#7458,.T.);
#7503 = PLANE('',#7504);
#7504 = AXIS2_PLACEMENT_3D('',#7505,#7506,#7507);
#7505 = CARTESIAN_POINT('',(1.05,0.2,0.125));
#7506 = DIRECTION('',(0.,0.,1.));
#7507 = DIRECTION('',(0.,-1.,0.));
#7508 = ADVANCED_FACE('',(#7509),#7534,.T.);
#7509 = FACE_BOUND('',#7510,.T.);
#7510 = EDGE_LOOP('',(#7511,#7519,#7527,#7533));
#7511 = ORIENTED_EDGE('',*,*,#7512,.T.);
#7512 = EDGE_CURVE('',#7482,#7513,#7515,.T.);
#7513 = VERTEX_POINT('',#7514);
#7514 = CARTESIAN_POINT('',(1.2,-0.2,0.));
#7515 = LINE('',#7516,#7517);
#7516 = CARTESIAN_POINT('',(1.2,-0.2,0.125));
#7517 = VECTOR('',#7518,1.);
#7518 = DIRECTION('',(0.,0.,-1.));
#7519 = ORIENTED_EDGE('',*,*,#7520,.F.);
#7520 = EDGE_CURVE('',#7521,#7513,#7523,.T.);
#7521 = VERTEX_POINT('',#7522);
#7522 = CARTESIAN_POINT('',(1.2,0.2,0.));
#7523 = LINE('',#7524,#7525);
#7524 = CARTESIAN_POINT('',(1.2,0.2,0.));
#7525 = VECTOR('',#7526,1.);
#7526 = DIRECTION('',(0.,-1.,0.));
#7527 = ORIENTED_EDGE('',*,*,#7528,.T.);
#7528 = EDGE_CURVE('',#7521,#7490,#7529,.T.);
#7529 = LINE('',#7530,#7531);
#7530 = CARTESIAN_POINT('',(1.2,0.2,0.));
#7531 = VECTOR('',#7532,1.);
#7532 = DIRECTION('',(0.,0.,1.));
#7533 = ORIENTED_EDGE('',*,*,#7489,.T.);
#7534 = PLANE('',#7535);
#7535 = AXIS2_PLACEMENT_3D('',#7536,#7537,#7538);
#7536 = CARTESIAN_POINT('',(1.2,0.2,0.125));
#7537 = DIRECTION('',(1.,0.,0.));
#7538 = DIRECTION('',(0.,0.,1.));
#7539 = ADVANCED_FACE('',(#7540),#7565,.T.);
#7540 = FACE_BOUND('',#7541,.T.);
#7541 = EDGE_LOOP('',(#7542,#7550,#7558,#7564));
#7542 = ORIENTED_EDGE('',*,*,#7543,.T.);
#7543 = EDGE_CURVE('',#7513,#7544,#7546,.T.);
#7544 = VERTEX_POINT('',#7545);
#7545 = CARTESIAN_POINT('',(1.05,-0.2,0.));
#7546 = LINE('',#7547,#7548);
#7547 = CARTESIAN_POINT('',(1.2,-0.2,0.));
#7548 = VECTOR('',#7549,1.);
#7549 = DIRECTION('',(-1.,0.,0.));
#7550 = ORIENTED_EDGE('',*,*,#7551,.F.);
#7551 = EDGE_CURVE('',#7552,#7544,#7554,.T.);
#7552 = VERTEX_POINT('',#7553);
#7553 = CARTESIAN_POINT('',(1.05,0.2,0.));
#7554 = LINE('',#7555,#7556);
#7555 = CARTESIAN_POINT('',(1.05,0.2,0.));
#7556 = VECTOR('',#7557,1.);
#7557 = DIRECTION('',(0.,-1.,0.));
#7558 = ORIENTED_EDGE('',*,*,#7559,.T.);
#7559 = EDGE_CURVE('',#7552,#7521,#7560,.T.);
#7560 = LINE('',#7561,#7562);
#7561 = CARTESIAN_POINT('',(1.05,0.2,0.));
#7562 = VECTOR('',#7563,1.);
#7563 = DIRECTION('',(1.,0.,0.));
#7564 = ORIENTED_EDGE('',*,*,#7520,.T.);
#7565 = PLANE('',#7566);
#7566 = AXIS2_PLACEMENT_3D('',#7567,#7568,#7569);
#7567 = CARTESIAN_POINT('',(1.2,0.2,0.));
#7568 = DIRECTION('',(0.,0.,-1.));
#7569 = DIRECTION('',(0.,1.,0.));
#7570 = ADVANCED_FACE('',(#7571),#7598,.T.);
#7571 = FACE_BOUND('',#7572,.T.);
#7572 = EDGE_LOOP('',(#7573,#7582,#7590,#7597));
#7573 = ORIENTED_EDGE('',*,*,#7574,.T.);
#7574 = EDGE_CURVE('',#7544,#7575,#7577,.T.);
#7575 = VERTEX_POINT('',#7576);
#7576 = CARTESIAN_POINT('',(0.879682911493,-0.2,0.134786950344));
#7577 = CIRCLE('',#7578,0.175);
#7578 = AXIS2_PLACEMENT_3D('',#7579,#7580,#7581);
#7579 = CARTESIAN_POINT('',(1.05,-0.2,0.175));
#7580 = DIRECTION('',(1.65061E-16,1.,2.085714E-16));
#7581 = DIRECTION('',(-0.620568749142,2.659833878628E-16,-0.784152043667
    ));
#7582 = ORIENTED_EDGE('',*,*,#7583,.F.);
#7583 = EDGE_CURVE('',#7584,#7575,#7586,.T.);
#7584 = VERTEX_POINT('',#7585);
#7585 = CARTESIAN_POINT('',(0.879682911493,0.2,0.134786950344));
#7586 = LINE('',#7587,#7588);
#7587 = CARTESIAN_POINT('',(0.879682911493,0.2,0.134786950344));
#7588 = VECTOR('',#7589,1.);
#7589 = DIRECTION('',(0.,-1.,0.));
#7590 = ORIENTED_EDGE('',*,*,#7591,.T.);
#7591 = EDGE_CURVE('',#7584,#7552,#7592,.T.);
#7592 = CIRCLE('',#7593,0.175);
#7593 = AXIS2_PLACEMENT_3D('',#7594,#7595,#7596);
#7594 = CARTESIAN_POINT('',(1.05,0.2,0.175));
#7595 = DIRECTION('',(-1.65061E-16,-1.,-2.085714E-16));
#7596 = DIRECTION('',(-0.620568749142,2.659833878628E-16,-0.784152043667
    ));
#7597 = ORIENTED_EDGE('',*,*,#7551,.T.);
#7598 = CYLINDRICAL_SURFACE('',#7599,0.175);
#7599 = AXIS2_PLACEMENT_3D('',#7600,#7601,#7602);
#7600 = CARTESIAN_POINT('',(1.05,0.2,0.175));
#7601 = DIRECTION('',(-4.286122E-16,-1.,0.));
#7602 = DIRECTION('',(-0.620568749142,2.659833368211E-16,-0.784152043667
    ));
#7603 = ADVANCED_FACE('',(#7604),#7629,.T.);
#7604 = FACE_BOUND('',#7605,.T.);
#7605 = EDGE_LOOP('',(#7606,#7614,#7622,#7628));
#7606 = ORIENTED_EDGE('',*,*,#7607,.T.);
#7607 = EDGE_CURVE('',#7575,#7608,#7610,.T.);
#7608 = VERTEX_POINT('',#7609);
#7609 = CARTESIAN_POINT('',(0.835249486167,-0.2,0.322978885518));
#7610 = LINE('',#7611,#7612);
#7611 = CARTESIAN_POINT('',(0.879682911493,-0.2,0.134786950344));
#7612 = VECTOR('',#7613,1.);
#7613 = DIRECTION('',(-0.229788855176,1.435388E-16,0.973240505752));
#7614 = ORIENTED_EDGE('',*,*,#7615,.F.);
#7615 = EDGE_CURVE('',#7616,#7608,#7618,.T.);
#7616 = VERTEX_POINT('',#7617);
#7617 = CARTESIAN_POINT('',(0.835249486167,0.2,0.322978885518));
#7618 = LINE('',#7619,#7620);
#7619 = CARTESIAN_POINT('',(0.835249486167,0.2,0.322978885518));
#7620 = VECTOR('',#7621,1.);
#7621 = DIRECTION('',(0.,-1.,0.));
#7622 = ORIENTED_EDGE('',*,*,#7623,.T.);
#7623 = EDGE_CURVE('',#7616,#7584,#7624,.T.);
#7624 = LINE('',#7625,#7626);
#7625 = CARTESIAN_POINT('',(0.835249486167,0.2,0.322978885518));
#7626 = VECTOR('',#7627,1.);
#7627 = DIRECTION('',(0.229788855176,-1.435388E-16,-0.973240505752));
#7628 = ORIENTED_EDGE('',*,*,#7583,.T.);
#7629 = PLANE('',#7630);
#7630 = AXIS2_PLACEMENT_3D('',#7631,#7632,#7633);
#7631 = CARTESIAN_POINT('',(0.879682911493,0.2,0.134786950344));
#7632 = DIRECTION('',(-0.973240505752,4.171428E-16,-0.229788855176));
#7633 = DIRECTION('',(0.229788855176,-9.849031E-17,-0.973240505752));
#7634 = ADVANCED_FACE('',(#7635),#7662,.F.);
#7635 = FACE_BOUND('',#7636,.F.);
#7636 = EDGE_LOOP('',(#7637,#7638,#7647,#7655));
#7637 = ORIENTED_EDGE('',*,*,#7615,.F.);
#7638 = ORIENTED_EDGE('',*,*,#7639,.F.);
#7639 = EDGE_CURVE('',#7640,#7616,#7642,.T.);
#7640 = VERTEX_POINT('',#7641);
#7641 = CARTESIAN_POINT('',(0.737925435592,0.2,0.4));
#7642 = CIRCLE('',#7643,9.999999999997E-02);
#7643 = AXIS2_PLACEMENT_3D('',#7644,#7645,#7646);
#7644 = CARTESIAN_POINT('',(0.737925435592,0.2,0.3));
#7645 = DIRECTION('',(1.65061E-16,1.,2.085714E-16));
#7646 = DIRECTION('',(0.620568749143,-2.659833878628E-16,0.784152043667)
  );
#7647 = ORIENTED_EDGE('',*,*,#7648,.T.);
#7648 = EDGE_CURVE('',#7640,#7649,#7651,.T.);
#7649 = VERTEX_POINT('',#7650);
#7650 = CARTESIAN_POINT('',(0.737925435592,-0.2,0.4));
#7651 = LINE('',#7652,#7653);
#7652 = CARTESIAN_POINT('',(0.737925435592,0.2,0.4));
#7653 = VECTOR('',#7654,1.);
#7654 = DIRECTION('',(0.,-1.,0.));
#7655 = ORIENTED_EDGE('',*,*,#7656,.F.);
#7656 = EDGE_CURVE('',#7608,#7649,#7657,.T.);
#7657 = CIRCLE('',#7658,9.999999999997E-02);
#7658 = AXIS2_PLACEMENT_3D('',#7659,#7660,#7661);
#7659 = CARTESIAN_POINT('',(0.737925435592,-0.2,0.3));
#7660 = DIRECTION('',(-1.65061E-16,-1.,-2.085714E-16));
#7661 = DIRECTION('',(0.620568749143,-2.659833878628E-16,0.784152043667)
  );
#7662 = CYLINDRICAL_SURFACE('',#7663,9.999999999997E-02);
#7663 = AXIS2_PLACEMENT_3D('',#7664,#7665,#7666);
#7664 = CARTESIAN_POINT('',(0.737925435592,0.2,0.3));
#7665 = DIRECTION('',(-4.286122E-16,-1.,0.));
#7666 = DIRECTION('',(0.620568749143,-2.659833368212E-16,0.784152043667)
  );
#7667 = ADVANCED_FACE('',(#7668),#7693,.T.);
#7668 = FACE_BOUND('',#7669,.T.);
#7669 = EDGE_LOOP('',(#7670,#7678,#7686,#7692));
#7670 = ORIENTED_EDGE('',*,*,#7671,.T.);
#7671 = EDGE_CURVE('',#7649,#7672,#7674,.T.);
#7672 = VERTEX_POINT('',#7673);
#7673 = CARTESIAN_POINT('',(0.65,-0.2,0.4));
#7674 = LINE('',#7675,#7676);
#7675 = CARTESIAN_POINT('',(0.737925435592,-0.2,0.4));
#7676 = VECTOR('',#7677,1.);
#7677 = DIRECTION('',(-1.,3.156717E-16,1.292991E-12));
#7678 = ORIENTED_EDGE('',*,*,#7679,.F.);
#7679 = EDGE_CURVE('',#7680,#7672,#7682,.T.);
#7680 = VERTEX_POINT('',#7681);
#7681 = CARTESIAN_POINT('',(0.65,0.2,0.4));
#7682 = LINE('',#7683,#7684);
#7683 = CARTESIAN_POINT('',(0.65,0.2,0.4));
#7684 = VECTOR('',#7685,1.);
#7685 = DIRECTION('',(0.,-1.,0.));
#7686 = ORIENTED_EDGE('',*,*,#7687,.T.);
#7687 = EDGE_CURVE('',#7680,#7640,#7688,.T.);
#7688 = LINE('',#7689,#7690);
#7689 = CARTESIAN_POINT('',(0.65,0.2,0.4));
#7690 = VECTOR('',#7691,1.);
#7691 = DIRECTION('',(1.,-3.156717E-16,-1.292991E-12));
#7692 = ORIENTED_EDGE('',*,*,#7648,.T.);
#7693 = PLANE('',#7694);
#7694 = AXIS2_PLACEMENT_3D('',#7695,#7696,#7697);
#7695 = CARTESIAN_POINT('',(0.737925435592,0.2,0.4));
#7696 = DIRECTION('',(-1.292991E-12,5.541919E-28,-1.));
#7697 = DIRECTION('',(7.165651389729E-40,1.,5.541919E-28));
#7698 = ADVANCED_FACE('',(#7699),#7715,.T.);
#7699 = FACE_BOUND('',#7700,.T.);
#7700 = EDGE_LOOP('',(#7701,#7707,#7708,#7714));
#7701 = ORIENTED_EDGE('',*,*,#7702,.T.);
#7702 = EDGE_CURVE('',#7672,#7345,#7703,.T.);
#7703 = LINE('',#7704,#7705);
#7704 = CARTESIAN_POINT('',(0.65,-0.2,0.4));
#7705 = VECTOR('',#7706,1.);
#7706 = DIRECTION('',(3.637979E-12,0.,1.));
#7707 = ORIENTED_EDGE('',*,*,#7370,.F.);
#7708 = ORIENTED_EDGE('',*,*,#7709,.T.);
#7709 = EDGE_CURVE('',#7363,#7680,#7710,.T.);
#7710 = LINE('',#7711,#7712);
#7711 = CARTESIAN_POINT('',(0.65,0.2,0.525));
#7712 = VECTOR('',#7713,1.);
#7713 = DIRECTION('',(-3.637979E-12,0.,-1.));
#7714 = ORIENTED_EDGE('',*,*,#7679,.T.);
#7715 = PLANE('',#7716);
#7716 = AXIS2_PLACEMENT_3D('',#7717,#7718,#7719);
#7717 = CARTESIAN_POINT('',(0.65,0.2,0.4));
#7718 = DIRECTION('',(-1.,4.286122E-16,3.637979E-12));
#7719 = DIRECTION('',(-3.637979E-12,1.559282E-27,-1.));
#7720 = ADVANCED_FACE('',(#7721),#7735,.F.);
#7721 = FACE_BOUND('',#7722,.T.);
#7722 = EDGE_LOOP('',(#7723,#7724,#7725,#7726,#7727,#7728,#7729,#7730,
    #7731,#7732,#7733,#7734));
#7723 = ORIENTED_EDGE('',*,*,#7709,.F.);
#7724 = ORIENTED_EDGE('',*,*,#7362,.F.);
#7725 = ORIENTED_EDGE('',*,*,#7401,.F.);
#7726 = ORIENTED_EDGE('',*,*,#7433,.F.);
#7727 = ORIENTED_EDGE('',*,*,#7449,.F.);
#7728 = ORIENTED_EDGE('',*,*,#7497,.F.);
#7729 = ORIENTED_EDGE('',*,*,#7528,.F.);
#7730 = ORIENTED_EDGE('',*,*,#7559,.F.);
#7731 = ORIENTED_EDGE('',*,*,#7591,.F.);
#7732 = ORIENTED_EDGE('',*,*,#7623,.F.);
#7733 = ORIENTED_EDGE('',*,*,#7639,.F.);
#7734 = ORIENTED_EDGE('',*,*,#7687,.F.);
#7735 = PLANE('',#7736);
#7736 = AXIS2_PLACEMENT_3D('',#7737,#7738,#7739);
#7737 = CARTESIAN_POINT('',(0.921692831301,0.2,0.253865283075));
#7738 = DIRECTION('',(0.,-1.,0.));
#7739 = DIRECTION('',(0.,0.,-1.));
#7740 = ADVANCED_FACE('',(#7741),#7755,.T.);
#7741 = FACE_BOUND('',#7742,.T.);
#7742 = EDGE_LOOP('',(#7743,#7744,#7745,#7746,#7747,#7748,#7749,#7750,
    #7751,#7752,#7753,#7754));
#7743 = ORIENTED_EDGE('',*,*,#7344,.F.);
#7744 = ORIENTED_EDGE('',*,*,#7702,.F.);
#7745 = ORIENTED_EDGE('',*,*,#7671,.F.);
#7746 = ORIENTED_EDGE('',*,*,#7656,.F.);
#7747 = ORIENTED_EDGE('',*,*,#7607,.F.);
#7748 = ORIENTED_EDGE('',*,*,#7574,.F.);
#7749 = ORIENTED_EDGE('',*,*,#7543,.F.);
#7750 = ORIENTED_EDGE('',*,*,#7512,.F.);
#7751 = ORIENTED_EDGE('',*,*,#7481,.F.);
#7752 = ORIENTED_EDGE('',*,*,#7466,.F.);
#7753 = ORIENTED_EDGE('',*,*,#7417,.F.);
#7754 = ORIENTED_EDGE('',*,*,#7384,.F.);
#7755 = PLANE('',#7756);
#7756 = AXIS2_PLACEMENT_3D('',#7757,#7758,#7759);
#7757 = CARTESIAN_POINT('',(0.921692831301,-0.2,0.253865283075));
#7758 = DIRECTION('',(0.,-1.,0.));
#7759 = DIRECTION('',(0.,0.,-1.));
#7760 = MANIFOLD_SOLID_BREP('',#7761);
#7761 = CLOSED_SHELL('',(#7762,#7802,#7835,#7866,#7899,#7930,#7961,#7992
    ,#8025,#8056,#8089,#8120,#8142,#8162));
#7762 = ADVANCED_FACE('',(#7763),#7797,.T.);
#7763 = FACE_BOUND('',#7764,.T.);
#7764 = EDGE_LOOP('',(#7765,#7775,#7783,#7791));
#7765 = ORIENTED_EDGE('',*,*,#7766,.T.);
#7766 = EDGE_CURVE('',#7767,#7769,#7771,.T.);
#7767 = VERTEX_POINT('',#7768);
#7768 = CARTESIAN_POINT('',(-0.65,0.75,0.4));
#7769 = VERTEX_POINT('',#7770);
#7770 = CARTESIAN_POINT('',(-0.737925435592,0.75,0.4));
#7771 = LINE('',#7772,#7773);
#7772 = CARTESIAN_POINT('',(-0.65,0.75,0.4));
#7773 = VECTOR('',#7774,1.);
#7774 = DIRECTION('',(-1.,0.,-1.292991E-12));
#7775 = ORIENTED_EDGE('',*,*,#7776,.F.);
#7776 = EDGE_CURVE('',#7777,#7769,#7779,.T.);
#7777 = VERTEX_POINT('',#7778);
#7778 = CARTESIAN_POINT('',(-0.737925435592,1.15,0.4));
#7779 = LINE('',#7780,#7781);
#7780 = CARTESIAN_POINT('',(-0.737925435592,1.15,0.4));
#7781 = VECTOR('',#7782,1.);
#7782 = DIRECTION('',(0.,-1.,0.));
#7783 = ORIENTED_EDGE('',*,*,#7784,.F.);
#7784 = EDGE_CURVE('',#7785,#7777,#7787,.T.);
#7785 = VERTEX_POINT('',#7786);
#7786 = CARTESIAN_POINT('',(-0.65,1.15,0.4));
#7787 = LINE('',#7788,#7789);
#7788 = CARTESIAN_POINT('',(-0.65,1.15,0.4));
#7789 = VECTOR('',#7790,1.);
#7790 = DIRECTION('',(-1.,0.,-1.292991E-12));
#7791 = ORIENTED_EDGE('',*,*,#7792,.T.);
#7792 = EDGE_CURVE('',#7785,#7767,#7793,.T.);
#7793 = LINE('',#7794,#7795);
#7794 = CARTESIAN_POINT('',(-0.65,1.15,0.4));
#7795 = VECTOR('',#7796,1.);
#7796 = DIRECTION('',(0.,-1.,0.));
#7797 = PLANE('',#7798);
#7798 = AXIS2_PLACEMENT_3D('',#7799,#7800,#7801);
#7799 = CARTESIAN_POINT('',(-0.65,1.15,0.4));
#7800 = DIRECTION('',(1.292991E-12,-5.541919E-28,-1.));
#7801 = DIRECTION('',(7.165651389729E-40,1.,-5.541919E-28));
#7802 = ADVANCED_FACE('',(#7803),#7830,.F.);
#7803 = FACE_BOUND('',#7804,.F.);
#7804 = EDGE_LOOP('',(#7805,#7806,#7815,#7823));
#7805 = ORIENTED_EDGE('',*,*,#7776,.F.);
#7806 = ORIENTED_EDGE('',*,*,#7807,.T.);
#7807 = EDGE_CURVE('',#7777,#7808,#7810,.T.);
#7808 = VERTEX_POINT('',#7809);
#7809 = CARTESIAN_POINT('',(-0.835249486167,1.15,0.322978885518));
#7810 = CIRCLE('',#7811,9.999999999997E-02);
#7811 = AXIS2_PLACEMENT_3D('',#7812,#7813,#7814);
#7812 = CARTESIAN_POINT('',(-0.737925435592,1.15,0.3));
#7813 = DIRECTION('',(-1.65061E-16,-1.,2.085714E-16));
#7814 = DIRECTION('',(-0.620568749143,2.659833878628E-16,0.784152043667)
  );
#7815 = ORIENTED_EDGE('',*,*,#7816,.T.);
#7816 = EDGE_CURVE('',#7808,#7817,#7819,.T.);
#7817 = VERTEX_POINT('',#7818);
#7818 = CARTESIAN_POINT('',(-0.835249486167,0.75,0.322978885518));
#7819 = LINE('',#7820,#7821);
#7820 = CARTESIAN_POINT('',(-0.835249486167,1.15,0.322978885518));
#7821 = VECTOR('',#7822,1.);
#7822 = DIRECTION('',(0.,-1.,0.));
#7823 = ORIENTED_EDGE('',*,*,#7824,.F.);
#7824 = EDGE_CURVE('',#7769,#7817,#7825,.T.);
#7825 = CIRCLE('',#7826,9.999999999997E-02);
#7826 = AXIS2_PLACEMENT_3D('',#7827,#7828,#7829);
#7827 = CARTESIAN_POINT('',(-0.737925435592,0.75,0.3));
#7828 = DIRECTION('',(-1.65061E-16,-1.,2.085714E-16));
#7829 = DIRECTION('',(-0.620568749143,2.659833878628E-16,0.784152043667)
  );
#7830 = CYLINDRICAL_SURFACE('',#7831,9.999999999997E-02);
#7831 = AXIS2_PLACEMENT_3D('',#7832,#7833,#7834);
#7832 = CARTESIAN_POINT('',(-0.737925435592,1.15,0.3));
#7833 = DIRECTION('',(-4.286122E-16,-1.,0.));
#7834 = DIRECTION('',(-0.620568749143,2.659833368212E-16,0.784152043667)
  );
#7835 = ADVANCED_FACE('',(#7836),#7861,.T.);
#7836 = FACE_BOUND('',#7837,.T.);
#7837 = EDGE_LOOP('',(#7838,#7846,#7854,#7860));
#7838 = ORIENTED_EDGE('',*,*,#7839,.T.);
#7839 = EDGE_CURVE('',#7817,#7840,#7842,.T.);
#7840 = VERTEX_POINT('',#7841);
#7841 = CARTESIAN_POINT('',(-0.879682911493,0.75,0.134786950344));
#7842 = LINE('',#7843,#7844);
#7843 = CARTESIAN_POINT('',(-0.835249486167,0.75,0.322978885518));
#7844 = VECTOR('',#7845,1.);
#7845 = DIRECTION('',(-0.229788855176,0.,-0.973240505752));
#7846 = ORIENTED_EDGE('',*,*,#7847,.F.);
#7847 = EDGE_CURVE('',#7848,#7840,#7850,.T.);
#7848 = VERTEX_POINT('',#7849);
#7849 = CARTESIAN_POINT('',(-0.879682911493,1.15,0.134786950344));
#7850 = LINE('',#7851,#7852);
#7851 = CARTESIAN_POINT('',(-0.879682911493,1.15,0.134786950344));
#7852 = VECTOR('',#7853,1.);
#7853 = DIRECTION('',(0.,-1.,0.));
#7854 = ORIENTED_EDGE('',*,*,#7855,.F.);
#7855 = EDGE_CURVE('',#7808,#7848,#7856,.T.);
#7856 = LINE('',#7857,#7858);
#7857 = CARTESIAN_POINT('',(-0.835249486167,1.15,0.322978885518));
#7858 = VECTOR('',#7859,1.);
#7859 = DIRECTION('',(-0.229788855176,0.,-0.973240505752));
#7860 = ORIENTED_EDGE('',*,*,#7816,.T.);
#7861 = PLANE('',#7862);
#7862 = AXIS2_PLACEMENT_3D('',#7863,#7864,#7865);
#7863 = CARTESIAN_POINT('',(-0.835249486167,1.15,0.322978885518));
#7864 = DIRECTION('',(0.973240505752,-4.171428E-16,-0.229788855176));
#7865 = DIRECTION('',(0.229788855176,-9.849031E-17,0.973240505752));
#7866 = ADVANCED_FACE('',(#7867),#7894,.T.);
#7867 = FACE_BOUND('',#7868,.T.);
#7868 = EDGE_LOOP('',(#7869,#7878,#7886,#7893));
#7869 = ORIENTED_EDGE('',*,*,#7870,.T.);
#7870 = EDGE_CURVE('',#7840,#7871,#7873,.T.);
#7871 = VERTEX_POINT('',#7872);
#7872 = CARTESIAN_POINT('',(-1.05,0.75,0.));
#7873 = CIRCLE('',#7874,0.175);
#7874 = AXIS2_PLACEMENT_3D('',#7875,#7876,#7877);
#7875 = CARTESIAN_POINT('',(-1.05,0.75,0.175));
#7876 = DIRECTION('',(1.65061E-16,1.,-2.085714E-16));
#7877 = DIRECTION('',(0.620568749142,-2.659833878628E-16,-0.784152043667
    ));
#7878 = ORIENTED_EDGE('',*,*,#7879,.F.);
#7879 = EDGE_CURVE('',#7880,#7871,#7882,.T.);
#7880 = VERTEX_POINT('',#7881);
#7881 = CARTESIAN_POINT('',(-1.05,1.15,0.));
#7882 = LINE('',#7883,#7884);
#7883 = CARTESIAN_POINT('',(-1.05,1.15,0.));
#7884 = VECTOR('',#7885,1.);
#7885 = DIRECTION('',(0.,-1.,0.));
#7886 = ORIENTED_EDGE('',*,*,#7887,.F.);
#7887 = EDGE_CURVE('',#7848,#7880,#7888,.T.);
#7888 = CIRCLE('',#7889,0.175);
#7889 = AXIS2_PLACEMENT_3D('',#7890,#7891,#7892);
#7890 = CARTESIAN_POINT('',(-1.05,1.15,0.175));
#7891 = DIRECTION('',(1.65061E-16,1.,-2.085714E-16));
#7892 = DIRECTION('',(0.620568749142,-2.659833878628E-16,-0.784152043667
    ));
#7893 = ORIENTED_EDGE('',*,*,#7847,.T.);
#7894 = CYLINDRICAL_SURFACE('',#7895,0.175);
#7895 = AXIS2_PLACEMENT_3D('',#7896,#7897,#7898);
#7896 = CARTESIAN_POINT('',(-1.05,1.15,0.175));
#7897 = DIRECTION('',(-4.286122E-16,-1.,0.));
#7898 = DIRECTION('',(0.620568749142,-2.659833368211E-16,-0.784152043667
    ));
#7899 = ADVANCED_FACE('',(#7900),#7925,.T.);
#7900 = FACE_BOUND('',#7901,.T.);
#7901 = EDGE_LOOP('',(#7902,#7910,#7918,#7924));
#7902 = ORIENTED_EDGE('',*,*,#7903,.T.);
#7903 = EDGE_CURVE('',#7871,#7904,#7906,.T.);
#7904 = VERTEX_POINT('',#7905);
#7905 = CARTESIAN_POINT('',(-1.2,0.75,0.));
#7906 = LINE('',#7907,#7908);
#7907 = CARTESIAN_POINT('',(-1.05,0.75,0.));
#7908 = VECTOR('',#7909,1.);
#7909 = DIRECTION('',(-1.,0.,0.));
#7910 = ORIENTED_EDGE('',*,*,#7911,.F.);
#7911 = EDGE_CURVE('',#7912,#7904,#7914,.T.);
#7912 = VERTEX_POINT('',#7913);
#7913 = CARTESIAN_POINT('',(-1.2,1.15,0.));
#7914 = LINE('',#7915,#7916);
#7915 = CARTESIAN_POINT('',(-1.2,1.15,0.));
#7916 = VECTOR('',#7917,1.);
#7917 = DIRECTION('',(0.,-1.,0.));
#7918 = ORIENTED_EDGE('',*,*,#7919,.F.);
#7919 = EDGE_CURVE('',#7880,#7912,#7920,.T.);
#7920 = LINE('',#7921,#7922);
#7921 = CARTESIAN_POINT('',(-1.05,1.15,0.));
#7922 = VECTOR('',#7923,1.);
#7923 = DIRECTION('',(-1.,0.,0.));
#7924 = ORIENTED_EDGE('',*,*,#7879,.T.);
#7925 = PLANE('',#7926);
#7926 = AXIS2_PLACEMENT_3D('',#7927,#7928,#7929);
#7927 = CARTESIAN_POINT('',(-1.05,1.15,0.));
#7928 = DIRECTION('',(0.,0.,-1.));
#7929 = DIRECTION('',(0.,1.,0.));
#7930 = ADVANCED_FACE('',(#7931),#7956,.T.);
#7931 = FACE_BOUND('',#7932,.T.);
#7932 = EDGE_LOOP('',(#7933,#7941,#7949,#7955));
#7933 = ORIENTED_EDGE('',*,*,#7934,.T.);
#7934 = EDGE_CURVE('',#7904,#7935,#7937,.T.);
#7935 = VERTEX_POINT('',#7936);
#7936 = CARTESIAN_POINT('',(-1.2,0.75,0.125));
#7937 = LINE('',#7938,#7939);
#7938 = CARTESIAN_POINT('',(-1.2,0.75,0.));
#7939 = VECTOR('',#7940,1.);
#7940 = DIRECTION('',(0.,0.,1.));
#7941 = ORIENTED_EDGE('',*,*,#7942,.F.);
#7942 = EDGE_CURVE('',#7943,#7935,#7945,.T.);
#7943 = VERTEX_POINT('',#7944);
#7944 = CARTESIAN_POINT('',(-1.2,1.15,0.125));
#7945 = LINE('',#7946,#7947);
#7946 = CARTESIAN_POINT('',(-1.2,1.15,0.125));
#7947 = VECTOR('',#7948,1.);
#7948 = DIRECTION('',(0.,-1.,0.));
#7949 = ORIENTED_EDGE('',*,*,#7950,.F.);
#7950 = EDGE_CURVE('',#7912,#7943,#7951,.T.);
#7951 = LINE('',#7952,#7953);
#7952 = CARTESIAN_POINT('',(-1.2,1.15,0.));
#7953 = VECTOR('',#7954,1.);
#7954 = DIRECTION('',(0.,0.,1.));
#7955 = ORIENTED_EDGE('',*,*,#7911,.T.);
#7956 = PLANE('',#7957);
#7957 = AXIS2_PLACEMENT_3D('',#7958,#7959,#7960);
#7958 = CARTESIAN_POINT('',(-1.2,1.15,0.));
#7959 = DIRECTION('',(-1.,0.,0.));
#7960 = DIRECTION('',(0.,0.,-1.));
#7961 = ADVANCED_FACE('',(#7962),#7987,.T.);
#7962 = FACE_BOUND('',#7963,.T.);
#7963 = EDGE_LOOP('',(#7964,#7972,#7980,#7986));
#7964 = ORIENTED_EDGE('',*,*,#7965,.T.);
#7965 = EDGE_CURVE('',#7935,#7966,#7968,.T.);
#7966 = VERTEX_POINT('',#7967);
#7967 = CARTESIAN_POINT('',(-1.05,0.75,0.125));
#7968 = LINE('',#7969,#7970);
#7969 = CARTESIAN_POINT('',(-1.2,0.75,0.125));
#7970 = VECTOR('',#7971,1.);
#7971 = DIRECTION('',(1.,0.,0.));
#7972 = ORIENTED_EDGE('',*,*,#7973,.F.);
#7973 = EDGE_CURVE('',#7974,#7966,#7976,.T.);
#7974 = VERTEX_POINT('',#7975);
#7975 = CARTESIAN_POINT('',(-1.05,1.15,0.125));
#7976 = LINE('',#7977,#7978);
#7977 = CARTESIAN_POINT('',(-1.05,1.15,0.125));
#7978 = VECTOR('',#7979,1.);
#7979 = DIRECTION('',(0.,-1.,0.));
#7980 = ORIENTED_EDGE('',*,*,#7981,.F.);
#7981 = EDGE_CURVE('',#7943,#7974,#7982,.T.);
#7982 = LINE('',#7983,#7984);
#7983 = CARTESIAN_POINT('',(-1.2,1.15,0.125));
#7984 = VECTOR('',#7985,1.);
#7985 = DIRECTION('',(1.,0.,0.));
#7986 = ORIENTED_EDGE('',*,*,#7942,.T.);
#7987 = PLANE('',#7988);
#7988 = AXIS2_PLACEMENT_3D('',#7989,#7990,#7991);
#7989 = CARTESIAN_POINT('',(-1.2,1.15,0.125));
#7990 = DIRECTION('',(0.,0.,1.));
#7991 = DIRECTION('',(0.,-1.,0.));
#7992 = ADVANCED_FACE('',(#7993),#8020,.F.);
#7993 = FACE_BOUND('',#7994,.F.);
#7994 = EDGE_LOOP('',(#7995,#7996,#8005,#8013));
#7995 = ORIENTED_EDGE('',*,*,#7973,.F.);
#7996 = ORIENTED_EDGE('',*,*,#7997,.T.);
#7997 = EDGE_CURVE('',#7974,#7998,#8000,.T.);
#7998 = VERTEX_POINT('',#7999);
#7999 = CARTESIAN_POINT('',(-1.001337974712,1.15,0.163510557241));
#8000 = CIRCLE('',#8001,5.000000000003E-02);
#8001 = AXIS2_PLACEMENT_3D('',#8002,#8003,#8004);
#8002 = CARTESIAN_POINT('',(-1.05,1.15,0.175));
#8003 = DIRECTION('',(-1.65061E-16,-1.,2.085714E-16));
#8004 = DIRECTION('',(0.620568749143,-2.659833878628E-16,-0.784152043667
    ));
#8005 = ORIENTED_EDGE('',*,*,#8006,.T.);
#8006 = EDGE_CURVE('',#7998,#8007,#8009,.T.);
#8007 = VERTEX_POINT('',#8008);
#8008 = CARTESIAN_POINT('',(-1.001337974712,0.75,0.163510557241));
#8009 = LINE('',#8010,#8011);
#8010 = CARTESIAN_POINT('',(-1.001337974712,1.15,0.163510557241));
#8011 = VECTOR('',#8012,1.);
#8012 = DIRECTION('',(0.,-1.,0.));
#8013 = ORIENTED_EDGE('',*,*,#8014,.F.);
#8014 = EDGE_CURVE('',#7966,#8007,#8015,.T.);
#8015 = CIRCLE('',#8016,5.000000000003E-02);
#8016 = AXIS2_PLACEMENT_3D('',#8017,#8018,#8019);
#8017 = CARTESIAN_POINT('',(-1.05,0.75,0.175));
#8018 = DIRECTION('',(-1.65061E-16,-1.,2.085714E-16));
#8019 = DIRECTION('',(0.620568749143,-2.659833878628E-16,-0.784152043667
    ));
#8020 = CYLINDRICAL_SURFACE('',#8021,5.000000000003E-02);
#8021 = AXIS2_PLACEMENT_3D('',#8022,#8023,#8024);
#8022 = CARTESIAN_POINT('',(-1.05,1.15,0.175));
#8023 = DIRECTION('',(-4.286122E-16,-1.,0.));
#8024 = DIRECTION('',(0.620568749143,-2.659833368212E-16,-0.784152043667
    ));
#8025 = ADVANCED_FACE('',(#8026),#8051,.T.);
#8026 = FACE_BOUND('',#8027,.T.);
#8027 = EDGE_LOOP('',(#8028,#8036,#8044,#8050));
#8028 = ORIENTED_EDGE('',*,*,#8029,.T.);
#8029 = EDGE_CURVE('',#8007,#8030,#8032,.T.);
#8030 = VERTEX_POINT('',#8031);
#8031 = CARTESIAN_POINT('',(-0.956904549386,0.75,0.351702492415));
#8032 = LINE('',#8033,#8034);
#8033 = CARTESIAN_POINT('',(-1.001337974712,0.75,0.163510557241));
#8034 = VECTOR('',#8035,1.);
#8035 = DIRECTION('',(0.229788855176,0.,0.973240505752));
#8036 = ORIENTED_EDGE('',*,*,#8037,.F.);
#8037 = EDGE_CURVE('',#8038,#8030,#8040,.T.);
#8038 = VERTEX_POINT('',#8039);
#8039 = CARTESIAN_POINT('',(-0.956904549386,1.15,0.351702492415));
#8040 = LINE('',#8041,#8042);
#8041 = CARTESIAN_POINT('',(-0.956904549386,1.15,0.351702492415));
#8042 = VECTOR('',#8043,1.);
#8043 = DIRECTION('',(0.,-1.,0.));
#8044 = ORIENTED_EDGE('',*,*,#8045,.F.);
#8045 = EDGE_CURVE('',#7998,#8038,#8046,.T.);
#8046 = LINE('',#8047,#8048);
#8047 = CARTESIAN_POINT('',(-1.001337974712,1.15,0.163510557241));
#8048 = VECTOR('',#8049,1.);
#8049 = DIRECTION('',(0.229788855176,0.,0.973240505752));
#8050 = ORIENTED_EDGE('',*,*,#8006,.T.);
#8051 = PLANE('',#8052);
#8052 = AXIS2_PLACEMENT_3D('',#8053,#8054,#8055);
#8053 = CARTESIAN_POINT('',(-1.001337974712,1.15,0.163510557241));
#8054 = DIRECTION('',(-0.973240505752,4.171428E-16,0.229788855176));
#8055 = DIRECTION('',(-0.229788855176,9.849031E-17,-0.973240505752));
#8056 = ADVANCED_FACE('',(#8057),#8084,.T.);
#8057 = FACE_BOUND('',#8058,.T.);
#8058 = EDGE_LOOP('',(#8059,#8068,#8076,#8083));
#8059 = ORIENTED_EDGE('',*,*,#8060,.T.);
#8060 = EDGE_CURVE('',#8030,#8061,#8063,.T.);
#8061 = VERTEX_POINT('',#8062);
#8062 = CARTESIAN_POINT('',(-0.737925435592,0.75,0.525));
#8063 = CIRCLE('',#8064,0.225);
#8064 = AXIS2_PLACEMENT_3D('',#8065,#8066,#8067);
#8065 = CARTESIAN_POINT('',(-0.737925435592,0.75,0.3));
#8066 = DIRECTION('',(1.65061E-16,1.,-2.085714E-16));
#8067 = DIRECTION('',(-0.620568749143,2.659833878628E-16,0.784152043667)
  );
#8068 = ORIENTED_EDGE('',*,*,#8069,.F.);
#8069 = EDGE_CURVE('',#8070,#8061,#8072,.T.);
#8070 = VERTEX_POINT('',#8071);
#8071 = CARTESIAN_POINT('',(-0.737925435592,1.15,0.525));
#8072 = LINE('',#8073,#8074);
#8073 = CARTESIAN_POINT('',(-0.737925435592,1.15,0.525));
#8074 = VECTOR('',#8075,1.);
#8075 = DIRECTION('',(0.,-1.,0.));
#8076 = ORIENTED_EDGE('',*,*,#8077,.F.);
#8077 = EDGE_CURVE('',#8038,#8070,#8078,.T.);
#8078 = CIRCLE('',#8079,0.225);
#8079 = AXIS2_PLACEMENT_3D('',#8080,#8081,#8082);
#8080 = CARTESIAN_POINT('',(-0.737925435592,1.15,0.3));
#8081 = DIRECTION('',(1.65061E-16,1.,-2.085714E-16));
#8082 = DIRECTION('',(-0.620568749143,2.659833878628E-16,0.784152043667)
  );
#8083 = ORIENTED_EDGE('',*,*,#8037,.T.);
#8084 = CYLINDRICAL_SURFACE('',#8085,0.225);
#8085 = AXIS2_PLACEMENT_3D('',#8086,#8087,#8088);
#8086 = CARTESIAN_POINT('',(-0.737925435592,1.15,0.3));
#8087 = DIRECTION('',(-4.286122E-16,-1.,0.));
#8088 = DIRECTION('',(-0.620568749143,2.659833368214E-16,0.784152043667)
  );
#8089 = ADVANCED_FACE('',(#8090),#8115,.T.);
#8090 = FACE_BOUND('',#8091,.T.);
#8091 = EDGE_LOOP('',(#8092,#8100,#8108,#8114));
#8092 = ORIENTED_EDGE('',*,*,#8093,.T.);
#8093 = EDGE_CURVE('',#8061,#8094,#8096,.T.);
#8094 = VERTEX_POINT('',#8095);
#8095 = CARTESIAN_POINT('',(-0.65,0.75,0.525));
#8096 = LINE('',#8097,#8098);
#8097 = CARTESIAN_POINT('',(-0.737925435592,0.75,0.525));
#8098 = VECTOR('',#8099,1.);
#8099 = DIRECTION('',(1.,0.,1.616239E-12));
#8100 = ORIENTED_EDGE('',*,*,#8101,.F.);
#8101 = EDGE_CURVE('',#8102,#8094,#8104,.T.);
#8102 = VERTEX_POINT('',#8103);
#8103 = CARTESIAN_POINT('',(-0.65,1.15,0.525));
#8104 = LINE('',#8105,#8106);
#8105 = CARTESIAN_POINT('',(-0.65,1.15,0.525));
#8106 = VECTOR('',#8107,1.);
#8107 = DIRECTION('',(0.,-1.,0.));
#8108 = ORIENTED_EDGE('',*,*,#8109,.F.);
#8109 = EDGE_CURVE('',#8070,#8102,#8110,.T.);
#8110 = LINE('',#8111,#8112);
#8111 = CARTESIAN_POINT('',(-0.737925435592,1.15,0.525));
#8112 = VECTOR('',#8113,1.);
#8113 = DIRECTION('',(1.,0.,1.616239E-12));
#8114 = ORIENTED_EDGE('',*,*,#8069,.T.);
#8115 = PLANE('',#8116);
#8116 = AXIS2_PLACEMENT_3D('',#8117,#8118,#8119);
#8117 = CARTESIAN_POINT('',(-0.737925435592,1.15,0.525));
#8118 = DIRECTION('',(-1.616239E-12,6.927399E-28,1.));
#8119 = DIRECTION('',(-1.119633243236E-39,-1.,6.927399E-28));
#8120 = ADVANCED_FACE('',(#8121),#8137,.T.);
#8121 = FACE_BOUND('',#8122,.T.);
#8122 = EDGE_LOOP('',(#8123,#8129,#8130,#8136));
#8123 = ORIENTED_EDGE('',*,*,#8124,.T.);
#8124 = EDGE_CURVE('',#8094,#7767,#8125,.T.);
#8125 = LINE('',#8126,#8127);
#8126 = CARTESIAN_POINT('',(-0.65,0.75,0.525));
#8127 = VECTOR('',#8128,1.);
#8128 = DIRECTION('',(3.637979E-12,0.,-1.));
#8129 = ORIENTED_EDGE('',*,*,#7792,.F.);
#8130 = ORIENTED_EDGE('',*,*,#8131,.F.);
#8131 = EDGE_CURVE('',#8102,#7785,#8132,.T.);
#8132 = LINE('',#8133,#8134);
#8133 = CARTESIAN_POINT('',(-0.65,1.15,0.525));
#8134 = VECTOR('',#8135,1.);
#8135 = DIRECTION('',(3.637979E-12,0.,-1.));
#8136 = ORIENTED_EDGE('',*,*,#8101,.T.);
#8137 = PLANE('',#8138);
#8138 = AXIS2_PLACEMENT_3D('',#8139,#8140,#8141);
#8139 = CARTESIAN_POINT('',(-0.65,1.15,0.525));
#8140 = DIRECTION('',(1.,-4.286122E-16,3.637979E-12));
#8141 = DIRECTION('',(-3.637979E-12,1.559282E-27,1.));
#8142 = ADVANCED_FACE('',(#8143),#8157,.T.);
#8143 = FACE_BOUND('',#8144,.T.);
#8144 = EDGE_LOOP('',(#8145,#8146,#8147,#8148,#8149,#8150,#8151,#8152,
    #8153,#8154,#8155,#8156));
#8145 = ORIENTED_EDGE('',*,*,#7766,.F.);
#8146 = ORIENTED_EDGE('',*,*,#8124,.F.);
#8147 = ORIENTED_EDGE('',*,*,#8093,.F.);
#8148 = ORIENTED_EDGE('',*,*,#8060,.F.);
#8149 = ORIENTED_EDGE('',*,*,#8029,.F.);
#8150 = ORIENTED_EDGE('',*,*,#8014,.F.);
#8151 = ORIENTED_EDGE('',*,*,#7965,.F.);
#8152 = ORIENTED_EDGE('',*,*,#7934,.F.);
#8153 = ORIENTED_EDGE('',*,*,#7903,.F.);
#8154 = ORIENTED_EDGE('',*,*,#7870,.F.);
#8155 = ORIENTED_EDGE('',*,*,#7839,.F.);
#8156 = ORIENTED_EDGE('',*,*,#7824,.F.);
#8157 = PLANE('',#8158);
#8158 = AXIS2_PLACEMENT_3D('',#8159,#8160,#8161);
#8159 = CARTESIAN_POINT('',(-0.921692831301,0.75,0.253865283075));
#8160 = DIRECTION('',(0.,-1.,0.));
#8161 = DIRECTION('',(0.,0.,-1.));
#8162 = ADVANCED_FACE('',(#8163),#8177,.F.);
#8163 = FACE_BOUND('',#8164,.T.);
#8164 = EDGE_LOOP('',(#8165,#8166,#8167,#8168,#8169,#8170,#8171,#8172,
    #8173,#8174,#8175,#8176));
#8165 = ORIENTED_EDGE('',*,*,#8131,.T.);
#8166 = ORIENTED_EDGE('',*,*,#7784,.T.);
#8167 = ORIENTED_EDGE('',*,*,#7807,.T.);
#8168 = ORIENTED_EDGE('',*,*,#7855,.T.);
#8169 = ORIENTED_EDGE('',*,*,#7887,.T.);
#8170 = ORIENTED_EDGE('',*,*,#7919,.T.);
#8171 = ORIENTED_EDGE('',*,*,#7950,.T.);
#8172 = ORIENTED_EDGE('',*,*,#7981,.T.);
#8173 = ORIENTED_EDGE('',*,*,#7997,.T.);
#8174 = ORIENTED_EDGE('',*,*,#8045,.T.);
#8175 = ORIENTED_EDGE('',*,*,#8077,.T.);
#8176 = ORIENTED_EDGE('',*,*,#8109,.T.);
#8177 = PLANE('',#8178);
#8178 = AXIS2_PLACEMENT_3D('',#8179,#8180,#8181);
#8179 = CARTESIAN_POINT('',(-0.921692831301,1.15,0.253865283075));
#8180 = DIRECTION('',(0.,-1.,0.));
#8181 = DIRECTION('',(0.,0.,-1.));
#8182 = MANIFOLD_SOLID_BREP('',#8183);
#8183 = CLOSED_SHELL('',(#8184,#8226,#8257,#8316,#8348,#8372,#8397,#8422
    ,#8448,#8460));
#8184 = ADVANCED_FACE('',(#8185),#8221,.T.);
#8185 = FACE_BOUND('',#8186,.T.);
#8186 = EDGE_LOOP('',(#8187,#8198,#8206,#8215));
#8187 = ORIENTED_EDGE('',*,*,#8188,.T.);
#8188 = EDGE_CURVE('',#8189,#8191,#8193,.T.);
#8189 = VERTEX_POINT('',#8190);
#8190 = CARTESIAN_POINT('',(0.62,-1.485,0.4));
#8191 = VERTEX_POINT('',#8192);
#8192 = CARTESIAN_POINT('',(0.65,-1.455,0.4));
#8193 = CIRCLE('',#8194,3.E-02);
#8194 = AXIS2_PLACEMENT_3D('',#8195,#8196,#8197);
#8195 = CARTESIAN_POINT('',(0.62,-1.455,0.4));
#8196 = DIRECTION('',(0.,0.,1.));
#8197 = DIRECTION('',(0.707106781187,-0.707106781187,0.));
#8198 = ORIENTED_EDGE('',*,*,#8199,.T.);
#8199 = EDGE_CURVE('',#8191,#8200,#8202,.T.);
#8200 = VERTEX_POINT('',#8201);
#8201 = CARTESIAN_POINT('',(0.65,-1.455,0.525000000003));
#8202 = LINE('',#8203,#8204);
#8203 = CARTESIAN_POINT('',(0.65,-1.455,0.4));
#8204 = VECTOR('',#8205,1.);
#8205 = DIRECTION('',(0.,0.,1.));
#8206 = ORIENTED_EDGE('',*,*,#8207,.T.);
#8207 = EDGE_CURVE('',#8200,#8208,#8210,.T.);
#8208 = VERTEX_POINT('',#8209);
#8209 = CARTESIAN_POINT('',(0.62,-1.485,0.525000000003));
#8210 = CIRCLE('',#8211,3.E-02);
#8211 = AXIS2_PLACEMENT_3D('',#8212,#8213,#8214);
#8212 = CARTESIAN_POINT('',(0.62,-1.455,0.525000000003));
#8213 = DIRECTION('',(0.,0.,-1.));
#8214 = DIRECTION('',(0.707106781187,-0.707106781187,0.));
#8215 = ORIENTED_EDGE('',*,*,#8216,.T.);
#8216 = EDGE_CURVE('',#8208,#8189,#8217,.T.);
#8217 = LINE('',#8218,#8219);
#8218 = CARTESIAN_POINT('',(0.62,-1.485,0.525000000003));
#8219 = VECTOR('',#8220,1.);
#8220 = DIRECTION('',(0.,0.,-1.));
#8221 = CYLINDRICAL_SURFACE('',#8222,3.E-02);
#8222 = AXIS2_PLACEMENT_3D('',#8223,#8224,#8225);
#8223 = CARTESIAN_POINT('',(0.62,-1.455,0.493750000002));
#8224 = DIRECTION('',(0.,0.,-1.));
#8225 = DIRECTION('',(0.707106781187,-0.707106781187,0.));
#8226 = ADVANCED_FACE('',(#8227),#8252,.T.);
#8227 = FACE_BOUND('',#8228,.T.);
#8228 = EDGE_LOOP('',(#8229,#8230,#8238,#8246));
#8229 = ORIENTED_EDGE('',*,*,#8199,.F.);
#8230 = ORIENTED_EDGE('',*,*,#8231,.F.);
#8231 = EDGE_CURVE('',#8232,#8191,#8234,.T.);
#8232 = VERTEX_POINT('',#8233);
#8233 = CARTESIAN_POINT('',(0.65,1.455,0.4));
#8234 = LINE('',#8235,#8236);
#8235 = CARTESIAN_POINT('',(0.65,1.455,0.4));
#8236 = VECTOR('',#8237,1.);
#8237 = DIRECTION('',(0.,-1.,0.));
#8238 = ORIENTED_EDGE('',*,*,#8239,.F.);
#8239 = EDGE_CURVE('',#8240,#8232,#8242,.T.);
#8240 = VERTEX_POINT('',#8241);
#8241 = CARTESIAN_POINT('',(0.65,1.455,0.525000000003));
#8242 = LINE('',#8243,#8244);
#8243 = CARTESIAN_POINT('',(0.65,1.455,0.525000000003));
#8244 = VECTOR('',#8245,1.);
#8245 = DIRECTION('',(0.,0.,-1.));
#8246 = ORIENTED_EDGE('',*,*,#8247,.T.);
#8247 = EDGE_CURVE('',#8240,#8200,#8248,.T.);
#8248 = LINE('',#8249,#8250);
#8249 = CARTESIAN_POINT('',(0.65,1.455,0.525000000003));
#8250 = VECTOR('',#8251,1.);
#8251 = DIRECTION('',(0.,-1.,0.));
#8252 = PLANE('',#8253);
#8253 = AXIS2_PLACEMENT_3D('',#8254,#8255,#8256);
#8254 = CARTESIAN_POINT('',(0.65,1.485,0.525000000003));
#8255 = DIRECTION('',(1.,0.,0.));
#8256 = DIRECTION('',(0.,0.,1.));
#8257 = ADVANCED_FACE('',(#8258),#8311,.T.);
#8258 = FACE_BOUND('',#8259,.T.);
#8259 = EDGE_LOOP('',(#8260,#8261,#8269,#8278,#8286,#8295,#8303,#8310));
#8260 = ORIENTED_EDGE('',*,*,#8188,.F.);
#8261 = ORIENTED_EDGE('',*,*,#8262,.T.);
#8262 = EDGE_CURVE('',#8189,#8263,#8265,.T.);
#8263 = VERTEX_POINT('',#8264);
#8264 = CARTESIAN_POINT('',(-0.62,-1.485,0.4));
#8265 = LINE('',#8266,#8267);
#8266 = CARTESIAN_POINT('',(0.62,-1.485,0.4));
#8267 = VECTOR('',#8268,1.);
#8268 = DIRECTION('',(-1.,0.,0.));
#8269 = ORIENTED_EDGE('',*,*,#8270,.F.);
#8270 = EDGE_CURVE('',#8271,#8263,#8273,.T.);
#8271 = VERTEX_POINT('',#8272);
#8272 = CARTESIAN_POINT('',(-0.65,-1.455,0.4));
#8273 = CIRCLE('',#8274,3.E-02);
#8274 = AXIS2_PLACEMENT_3D('',#8275,#8276,#8277);
#8275 = CARTESIAN_POINT('',(-0.62,-1.455,0.4));
#8276 = DIRECTION('',(0.,0.,1.));
#8277 = DIRECTION('',(-0.707106781187,-0.707106781187,0.));
#8278 = ORIENTED_EDGE('',*,*,#8279,.F.);
#8279 = EDGE_CURVE('',#8280,#8271,#8282,.T.);
#8280 = VERTEX_POINT('',#8281);
#8281 = CARTESIAN_POINT('',(-0.65,1.455,0.4));
#8282 = LINE('',#8283,#8284);
#8283 = CARTESIAN_POINT('',(-0.65,1.455,0.4));
#8284 = VECTOR('',#8285,1.);
#8285 = DIRECTION('',(0.,-1.,0.));
#8286 = ORIENTED_EDGE('',*,*,#8287,.F.);
#8287 = EDGE_CURVE('',#8288,#8280,#8290,.T.);
#8288 = VERTEX_POINT('',#8289);
#8289 = CARTESIAN_POINT('',(-0.62,1.485,0.4));
#8290 = CIRCLE('',#8291,3.E-02);
#8291 = AXIS2_PLACEMENT_3D('',#8292,#8293,#8294);
#8292 = CARTESIAN_POINT('',(-0.62,1.455,0.4));
#8293 = DIRECTION('',(0.,0.,1.));
#8294 = DIRECTION('',(-0.707106781187,0.707106781187,0.));
#8295 = ORIENTED_EDGE('',*,*,#8296,.F.);
#8296 = EDGE_CURVE('',#8297,#8288,#8299,.T.);
#8297 = VERTEX_POINT('',#8298);
#8298 = CARTESIAN_POINT('',(0.62,1.485,0.4));
#8299 = LINE('',#8300,#8301);
#8300 = CARTESIAN_POINT('',(0.62,1.485,0.4));
#8301 = VECTOR('',#8302,1.);
#8302 = DIRECTION('',(-1.,0.,0.));
#8303 = ORIENTED_EDGE('',*,*,#8304,.F.);
#8304 = EDGE_CURVE('',#8232,#8297,#8305,.T.);
#8305 = CIRCLE('',#8306,3.E-02);
#8306 = AXIS2_PLACEMENT_3D('',#8307,#8308,#8309);
#8307 = CARTESIAN_POINT('',(0.62,1.455,0.4));
#8308 = DIRECTION('',(0.,0.,1.));
#8309 = DIRECTION('',(0.707106781187,0.707106781187,-0.));
#8310 = ORIENTED_EDGE('',*,*,#8231,.T.);
#8311 = PLANE('',#8312);
#8312 = AXIS2_PLACEMENT_3D('',#8313,#8314,#8315);
#8313 = CARTESIAN_POINT('',(0.65,1.485,0.4));
#8314 = DIRECTION('',(0.,0.,-1.));
#8315 = DIRECTION('',(0.,1.,0.));
#8316 = ADVANCED_FACE('',(#8317),#8343,.T.);
#8317 = FACE_BOUND('',#8318,.T.);
#8318 = EDGE_LOOP('',(#8319,#8330,#8336,#8337));
#8319 = ORIENTED_EDGE('',*,*,#8320,.T.);
#8320 = EDGE_CURVE('',#8321,#8323,#8325,.T.);
#8321 = VERTEX_POINT('',#8322);
#8322 = CARTESIAN_POINT('',(-0.62,-1.485,0.525000000003));
#8323 = VERTEX_POINT('',#8324);
#8324 = CARTESIAN_POINT('',(-0.65,-1.455,0.525000000003));
#8325 = CIRCLE('',#8326,3.E-02);
#8326 = AXIS2_PLACEMENT_3D('',#8327,#8328,#8329);
#8327 = CARTESIAN_POINT('',(-0.62,-1.455,0.525000000003));
#8328 = DIRECTION('',(0.,0.,-1.));
#8329 = DIRECTION('',(-0.707106781187,-0.707106781187,-0.));
#8330 = ORIENTED_EDGE('',*,*,#8331,.T.);
#8331 = EDGE_CURVE('',#8323,#8271,#8332,.T.);
#8332 = LINE('',#8333,#8334);
#8333 = CARTESIAN_POINT('',(-0.65,-1.455,0.525000000003));
#8334 = VECTOR('',#8335,1.);
#8335 = DIRECTION('',(0.,0.,-1.));
#8336 = ORIENTED_EDGE('',*,*,#8270,.T.);
#8337 = ORIENTED_EDGE('',*,*,#8338,.T.);
#8338 = EDGE_CURVE('',#8263,#8321,#8339,.T.);
#8339 = LINE('',#8340,#8341);
#8340 = CARTESIAN_POINT('',(-0.62,-1.485,0.4));
#8341 = VECTOR('',#8342,1.);
#8342 = DIRECTION('',(0.,0.,1.));
#8343 = CYLINDRICAL_SURFACE('',#8344,3.E-02);
#8344 = AXIS2_PLACEMENT_3D('',#8345,#8346,#8347);
#8345 = CARTESIAN_POINT('',(-0.62,-1.455,0.431250000001));
#8346 = DIRECTION('',(0.,0.,1.));
#8347 = DIRECTION('',(-0.707106781187,-0.707106781187,0.));
#8348 = ADVANCED_FACE('',(#8349),#8367,.T.);
#8349 = FACE_BOUND('',#8350,.T.);
#8350 = EDGE_LOOP('',(#8351,#8352,#8360,#8366));
#8351 = ORIENTED_EDGE('',*,*,#8331,.F.);
#8352 = ORIENTED_EDGE('',*,*,#8353,.F.);
#8353 = EDGE_CURVE('',#8354,#8323,#8356,.T.);
#8354 = VERTEX_POINT('',#8355);
#8355 = CARTESIAN_POINT('',(-0.65,1.455,0.525000000003));
#8356 = LINE('',#8357,#8358);
#8357 = CARTESIAN_POINT('',(-0.65,1.455,0.525000000003));
#8358 = VECTOR('',#8359,1.);
#8359 = DIRECTION('',(0.,-1.,0.));
#8360 = ORIENTED_EDGE('',*,*,#8361,.F.);
#8361 = EDGE_CURVE('',#8280,#8354,#8362,.T.);
#8362 = LINE('',#8363,#8364);
#8363 = CARTESIAN_POINT('',(-0.65,1.455,0.4));
#8364 = VECTOR('',#8365,1.);
#8365 = DIRECTION('',(0.,0.,1.));
#8366 = ORIENTED_EDGE('',*,*,#8279,.T.);
#8367 = PLANE('',#8368);
#8368 = AXIS2_PLACEMENT_3D('',#8369,#8370,#8371);
#8369 = CARTESIAN_POINT('',(-0.65,1.485,0.4));
#8370 = DIRECTION('',(-1.,0.,0.));
#8371 = DIRECTION('',(0.,0.,-1.));
#8372 = ADVANCED_FACE('',(#8373),#8392,.T.);
#8373 = FACE_BOUND('',#8374,.T.);
#8374 = EDGE_LOOP('',(#8375,#8384,#8390,#8391));
#8375 = ORIENTED_EDGE('',*,*,#8376,.T.);
#8376 = EDGE_CURVE('',#8354,#8377,#8379,.T.);
#8377 = VERTEX_POINT('',#8378);
#8378 = CARTESIAN_POINT('',(-0.62,1.485,0.525000000003));
#8379 = CIRCLE('',#8380,3.E-02);
#8380 = AXIS2_PLACEMENT_3D('',#8381,#8382,#8383);
#8381 = CARTESIAN_POINT('',(-0.62,1.455,0.525000000003));
#8382 = DIRECTION('',(0.,0.,-1.));
#8383 = DIRECTION('',(-0.707106781187,0.707106781187,0.));
#8384 = ORIENTED_EDGE('',*,*,#8385,.T.);
#8385 = EDGE_CURVE('',#8377,#8288,#8386,.T.);
#8386 = LINE('',#8387,#8388);
#8387 = CARTESIAN_POINT('',(-0.62,1.485,0.525000000003));
#8388 = VECTOR('',#8389,1.);
#8389 = DIRECTION('',(0.,0.,-1.));
#8390 = ORIENTED_EDGE('',*,*,#8287,.T.);
#8391 = ORIENTED_EDGE('',*,*,#8361,.T.);
#8392 = CYLINDRICAL_SURFACE('',#8393,3.E-02);
#8393 = AXIS2_PLACEMENT_3D('',#8394,#8395,#8396);
#8394 = CARTESIAN_POINT('',(-0.62,1.455,0.431250000001));
#8395 = DIRECTION('',(0.,0.,1.));
#8396 = DIRECTION('',(-0.707106781187,0.707106781187,0.));
#8397 = ADVANCED_FACE('',(#8398),#8417,.T.);
#8398 = FACE_BOUND('',#8399,.T.);
#8399 = EDGE_LOOP('',(#8400,#8401,#8409,#8416));
#8400 = ORIENTED_EDGE('',*,*,#8304,.T.);
#8401 = ORIENTED_EDGE('',*,*,#8402,.T.);
#8402 = EDGE_CURVE('',#8297,#8403,#8405,.T.);
#8403 = VERTEX_POINT('',#8404);
#8404 = CARTESIAN_POINT('',(0.62,1.485,0.525000000003));
#8405 = LINE('',#8406,#8407);
#8406 = CARTESIAN_POINT('',(0.62,1.485,0.4));
#8407 = VECTOR('',#8408,1.);
#8408 = DIRECTION('',(0.,0.,1.));
#8409 = ORIENTED_EDGE('',*,*,#8410,.T.);
#8410 = EDGE_CURVE('',#8403,#8240,#8411,.T.);
#8411 = CIRCLE('',#8412,3.E-02);
#8412 = AXIS2_PLACEMENT_3D('',#8413,#8414,#8415);
#8413 = CARTESIAN_POINT('',(0.62,1.455,0.525000000003));
#8414 = DIRECTION('',(0.,0.,-1.));
#8415 = DIRECTION('',(0.707106781187,0.707106781187,0.));
#8416 = ORIENTED_EDGE('',*,*,#8239,.T.);
#8417 = CYLINDRICAL_SURFACE('',#8418,3.E-02);
#8418 = AXIS2_PLACEMENT_3D('',#8419,#8420,#8421);
#8419 = CARTESIAN_POINT('',(0.62,1.455,0.493750000002));
#8420 = DIRECTION('',(0.,0.,-1.));
#8421 = DIRECTION('',(0.707106781187,0.707106781187,0.));
#8422 = ADVANCED_FACE('',(#8423),#8443,.T.);
#8423 = FACE_BOUND('',#8424,.T.);
#8424 = EDGE_LOOP('',(#8425,#8426,#8427,#8428,#8434,#8435,#8436,#8437));
#8425 = ORIENTED_EDGE('',*,*,#8207,.F.);
#8426 = ORIENTED_EDGE('',*,*,#8247,.F.);
#8427 = ORIENTED_EDGE('',*,*,#8410,.F.);
#8428 = ORIENTED_EDGE('',*,*,#8429,.F.);
#8429 = EDGE_CURVE('',#8377,#8403,#8430,.T.);
#8430 = LINE('',#8431,#8432);
#8431 = CARTESIAN_POINT('',(-0.62,1.485,0.525000000003));
#8432 = VECTOR('',#8433,1.);
#8433 = DIRECTION('',(1.,0.,0.));
#8434 = ORIENTED_EDGE('',*,*,#8376,.F.);
#8435 = ORIENTED_EDGE('',*,*,#8353,.T.);
#8436 = ORIENTED_EDGE('',*,*,#8320,.F.);
#8437 = ORIENTED_EDGE('',*,*,#8438,.T.);
#8438 = EDGE_CURVE('',#8321,#8208,#8439,.T.);
#8439 = LINE('',#8440,#8441);
#8440 = CARTESIAN_POINT('',(-0.62,-1.485,0.525000000003));
#8441 = VECTOR('',#8442,1.);
#8442 = DIRECTION('',(1.,0.,0.));
#8443 = PLANE('',#8444);
#8444 = AXIS2_PLACEMENT_3D('',#8445,#8446,#8447);
#8445 = CARTESIAN_POINT('',(-0.65,1.485,0.525000000003));
#8446 = DIRECTION('',(0.,0.,1.));
#8447 = DIRECTION('',(0.,-1.,0.));
#8448 = ADVANCED_FACE('',(#8449),#8455,.T.);
#8449 = FACE_BOUND('',#8450,.T.);
#8450 = EDGE_LOOP('',(#8451,#8452,#8453,#8454));
#8451 = ORIENTED_EDGE('',*,*,#8216,.F.);
#8452 = ORIENTED_EDGE('',*,*,#8438,.F.);
#8453 = ORIENTED_EDGE('',*,*,#8338,.F.);
#8454 = ORIENTED_EDGE('',*,*,#8262,.F.);
#8455 = PLANE('',#8456);
#8456 = AXIS2_PLACEMENT_3D('',#8457,#8458,#8459);
#8457 = CARTESIAN_POINT('',(-6.364892E-16,-1.485,0.462500000001));
#8458 = DIRECTION('',(0.,-1.,0.));
#8459 = DIRECTION('',(0.,0.,-1.));
#8460 = ADVANCED_FACE('',(#8461),#8467,.F.);
#8461 = FACE_BOUND('',#8462,.T.);
#8462 = EDGE_LOOP('',(#8463,#8464,#8465,#8466));
#8463 = ORIENTED_EDGE('',*,*,#8385,.F.);
#8464 = ORIENTED_EDGE('',*,*,#8429,.T.);
#8465 = ORIENTED_EDGE('',*,*,#8402,.F.);
#8466 = ORIENTED_EDGE('',*,*,#8296,.T.);
#8467 = PLANE('',#8468);
#8468 = AXIS2_PLACEMENT_3D('',#8469,#8470,#8471);
#8469 = CARTESIAN_POINT('',(6.364892E-16,1.485,0.462500000001));
#8470 = DIRECTION('',(0.,-1.,0.));
#8471 = DIRECTION('',(0.,0.,-1.));
#8472 = MANIFOLD_SOLID_BREP('',#8473);
#8473 = CLOSED_SHELL('',(#8474,#8534,#8584,#8608,#8651,#8684,#8708,#8767
    ,#8798,#8822,#8842,#8860,#8878,#8890));
#8474 = ADVANCED_FACE('',(#8475),#8529,.T.);
#8475 = FACE_BOUND('',#8476,.T.);
#8476 = EDGE_LOOP('',(#8477,#8488,#8496,#8505,#8514,#8522));
#8477 = ORIENTED_EDGE('',*,*,#8478,.T.);
#8478 = EDGE_CURVE('',#8479,#8481,#8483,.T.);
#8479 = VERTEX_POINT('',#8480);
#8480 = CARTESIAN_POINT('',(-0.591212545143,-1.474283628291,
    0.107018666706));
#8481 = VERTEX_POINT('',#8482);
#8482 = CARTESIAN_POINT('',(-0.601473149442,-1.455,0.12479055467));
#8483 = ELLIPSE('',#8484,4.242640687119E-02,3.E-02);
#8484 = AXIS2_PLACEMENT_3D('',#8485,#8486,#8487);
#8485 = CARTESIAN_POINT('',(-0.571928916852,-1.455,0.13));
#8486 = DIRECTION('',(0.122787803969,0.707106781187,-0.69636424032));
#8487 = DIRECTION('',(0.122787803969,-0.707106781187,-0.69636424032));
#8488 = ORIENTED_EDGE('',*,*,#8489,.T.);
#8489 = EDGE_CURVE('',#8481,#8490,#8492,.T.);
#8490 = VERTEX_POINT('',#8491);
#8491 = CARTESIAN_POINT('',(-0.601473149442,1.455,0.12479055467));
#8492 = LINE('',#8493,#8494);
#8493 = CARTESIAN_POINT('',(-0.601473149442,-1.455,0.12479055467));
#8494 = VECTOR('',#8495,1.);
#8495 = DIRECTION('',(0.,1.,0.));
#8496 = ORIENTED_EDGE('',*,*,#8497,.T.);
#8497 = EDGE_CURVE('',#8490,#8498,#8500,.T.);
#8498 = VERTEX_POINT('',#8499);
#8499 = CARTESIAN_POINT('',(-0.591212545143,1.474283628291,
    0.107018666706));
#8500 = ELLIPSE('',#8501,4.242640687119E-02,3.E-02);
#8501 = AXIS2_PLACEMENT_3D('',#8502,#8503,#8504);
#8502 = CARTESIAN_POINT('',(-0.571928916852,1.455,0.13));
#8503 = DIRECTION('',(0.122787803969,-0.707106781187,-0.69636424032));
#8504 = DIRECTION('',(0.122787803969,0.707106781187,-0.69636424032));
#8505 = ORIENTED_EDGE('',*,*,#8506,.T.);
#8506 = EDGE_CURVE('',#8498,#8507,#8509,.T.);
#8507 = VERTEX_POINT('',#8508);
#8508 = CARTESIAN_POINT('',(-0.571928916852,1.455,9.999999999999E-02));
#8509 = ELLIPSE('',#8510,4.242640687119E-02,3.E-02);
#8510 = AXIS2_PLACEMENT_3D('',#8511,#8512,#8513);
#8511 = CARTESIAN_POINT('',(-0.571928916852,1.455,0.13));
#8512 = DIRECTION('',(-0.707106781187,-0.707106781187,0.));
#8513 = DIRECTION('',(-0.707106781187,0.707106781187,0.));
#8514 = ORIENTED_EDGE('',*,*,#8515,.T.);
#8515 = EDGE_CURVE('',#8507,#8516,#8518,.T.);
#8516 = VERTEX_POINT('',#8517);
#8517 = CARTESIAN_POINT('',(-0.571928916852,-1.455,9.999999999999E-02));
#8518 = LINE('',#8519,#8520);
#8519 = CARTESIAN_POINT('',(-0.571928916852,1.455,9.999999999999E-02));
#8520 = VECTOR('',#8521,1.);
#8521 = DIRECTION('',(0.,-1.,0.));
#8522 = ORIENTED_EDGE('',*,*,#8523,.T.);
#8523 = EDGE_CURVE('',#8516,#8479,#8524,.T.);
#8524 = ELLIPSE('',#8525,4.242640687119E-02,3.E-02);
#8525 = AXIS2_PLACEMENT_3D('',#8526,#8527,#8528);
#8526 = CARTESIAN_POINT('',(-0.571928916852,-1.455,0.13));
#8527 = DIRECTION('',(-0.707106781187,0.707106781187,0.));
#8528 = DIRECTION('',(-0.707106781187,-0.707106781187,-4.088782E-17));
#8529 = CYLINDRICAL_SURFACE('',#8530,3.E-02);
#8530 = AXIS2_PLACEMENT_3D('',#8531,#8532,#8533);
#8531 = CARTESIAN_POINT('',(-0.571928916852,1.485,0.13));
#8532 = DIRECTION('',(-4.286122E-16,-1.,0.));
#8533 = DIRECTION('',(-0.642787609687,2.755066115205E-16,-0.766044443119
    ));
#8534 = ADVANCED_FACE('',(#8535),#8579,.T.);
#8535 = FACE_BOUND('',#8536,.T.);
#8536 = EDGE_LOOP('',(#8537,#8538,#8546,#8555,#8564,#8572));
#8537 = ORIENTED_EDGE('',*,*,#8523,.F.);
#8538 = ORIENTED_EDGE('',*,*,#8539,.T.);
#8539 = EDGE_CURVE('',#8516,#8540,#8542,.T.);
#8540 = VERTEX_POINT('',#8541);
#8541 = CARTESIAN_POINT('',(0.571928916852,-1.455,9.999999999999E-02));
#8542 = LINE('',#8543,#8544);
#8543 = CARTESIAN_POINT('',(-0.571928916852,-1.455,9.999999999999E-02));
#8544 = VECTOR('',#8545,1.);
#8545 = DIRECTION('',(1.,0.,0.));
#8546 = ORIENTED_EDGE('',*,*,#8547,.T.);
#8547 = EDGE_CURVE('',#8540,#8548,#8550,.T.);
#8548 = VERTEX_POINT('',#8549);
#8549 = CARTESIAN_POINT('',(0.591212545143,-1.474283628291,
    0.107018666706));
#8550 = ELLIPSE('',#8551,4.242640687119E-02,3.E-02);
#8551 = AXIS2_PLACEMENT_3D('',#8552,#8553,#8554);
#8552 = CARTESIAN_POINT('',(0.571928916852,-1.455,0.13));
#8553 = DIRECTION('',(-0.707106781187,-0.707106781187,0.));
#8554 = DIRECTION('',(0.707106781187,-0.707106781187,0.));
#8555 = ORIENTED_EDGE('',*,*,#8556,.F.);
#8556 = EDGE_CURVE('',#8557,#8548,#8559,.T.);
#8557 = VERTEX_POINT('',#8558);
#8558 = CARTESIAN_POINT('',(0.571928916852,-1.485,0.13));
#8559 = ELLIPSE('',#8560,3.916221867997E-02,3.E-02);
#8560 = AXIS2_PLACEMENT_3D('',#8561,#8562,#8563);
#8561 = CARTESIAN_POINT('',(0.571928916852,-1.455,0.13));
#8562 = DIRECTION('',(0.766044443119,-3.28336E-16,0.642787609687));
#8563 = DIRECTION('',(0.642787609687,-9.832326E-17,-0.766044443119));
#8564 = ORIENTED_EDGE('',*,*,#8565,.T.);
#8565 = EDGE_CURVE('',#8557,#8566,#8568,.T.);
#8566 = VERTEX_POINT('',#8567);
#8567 = CARTESIAN_POINT('',(-0.571928916852,-1.485,0.13));
#8568 = LINE('',#8569,#8570);
#8569 = CARTESIAN_POINT('',(0.571928916852,-1.485,0.13));
#8570 = VECTOR('',#8571,1.);
#8571 = DIRECTION('',(-1.,0.,0.));
#8572 = ORIENTED_EDGE('',*,*,#8573,.F.);
#8573 = EDGE_CURVE('',#8479,#8566,#8574,.T.);
#8574 = ELLIPSE('',#8575,3.916221867997E-02,3.E-02);
#8575 = AXIS2_PLACEMENT_3D('',#8576,#8577,#8578);
#8576 = CARTESIAN_POINT('',(-0.571928916852,-1.455,0.13));
#8577 = DIRECTION('',(-0.766044443119,3.28336E-16,0.642787609687));
#8578 = DIRECTION('',(-0.642787609687,1.869149E-16,-0.766044443119));
#8579 = CYLINDRICAL_SURFACE('',#8580,3.E-02);
#8580 = AXIS2_PLACEMENT_3D('',#8581,#8582,#8583);
#8581 = CARTESIAN_POINT('',(0.298550952894,-1.455,0.13));
#8582 = DIRECTION('',(-1.,4.286122E-16,0.));
#8583 = DIRECTION('',(-3.030745931193E-16,-0.707106781187,
    -0.707106781187));
#8584 = ADVANCED_FACE('',(#8585),#8603,.T.);
#8585 = FACE_BOUND('',#8586,.T.);
#8586 = EDGE_LOOP('',(#8587,#8588,#8596,#8602));
#8587 = ORIENTED_EDGE('',*,*,#8515,.F.);
#8588 = ORIENTED_EDGE('',*,*,#8589,.F.);
#8589 = EDGE_CURVE('',#8590,#8507,#8592,.T.);
#8590 = VERTEX_POINT('',#8591);
#8591 = CARTESIAN_POINT('',(0.571928916852,1.455,9.999999999999E-02));
#8592 = LINE('',#8593,#8594);
#8593 = CARTESIAN_POINT('',(0.571928916852,1.455,9.999999999999E-02));
#8594 = VECTOR('',#8595,1.);
#8595 = DIRECTION('',(-1.,0.,0.));
#8596 = ORIENTED_EDGE('',*,*,#8597,.F.);
#8597 = EDGE_CURVE('',#8540,#8590,#8598,.T.);
#8598 = LINE('',#8599,#8600);
#8599 = CARTESIAN_POINT('',(0.571928916852,-1.455,9.999999999999E-02));
#8600 = VECTOR('',#8601,1.);
#8601 = DIRECTION('',(0.,1.,0.));
#8602 = ORIENTED_EDGE('',*,*,#8539,.F.);
#8603 = PLANE('',#8604);
#8604 = AXIS2_PLACEMENT_3D('',#8605,#8606,#8607);
#8605 = CARTESIAN_POINT('',(0.597101905787,1.485,9.999999999999E-02));
#8606 = DIRECTION('',(0.,0.,-1.));
#8607 = DIRECTION('',(0.,1.,0.));
#8608 = ADVANCED_FACE('',(#8609),#8646,.T.);
#8609 = FACE_BOUND('',#8610,.T.);
#8610 = EDGE_LOOP('',(#8611,#8612,#8621,#8629,#8638,#8645));
#8611 = ORIENTED_EDGE('',*,*,#8506,.F.);
#8612 = ORIENTED_EDGE('',*,*,#8613,.F.);
#8613 = EDGE_CURVE('',#8614,#8498,#8616,.T.);
#8614 = VERTEX_POINT('',#8615);
#8615 = CARTESIAN_POINT('',(-0.571928916852,1.485,0.13));
#8616 = ELLIPSE('',#8617,3.916221867997E-02,3.E-02);
#8617 = AXIS2_PLACEMENT_3D('',#8618,#8619,#8620);
#8618 = CARTESIAN_POINT('',(-0.571928916852,1.455,0.13));
#8619 = DIRECTION('',(-0.766044443119,3.28336E-16,0.642787609687));
#8620 = DIRECTION('',(-0.642787609687,2.312108E-16,-0.766044443119));
#8621 = ORIENTED_EDGE('',*,*,#8622,.T.);
#8622 = EDGE_CURVE('',#8614,#8623,#8625,.T.);
#8623 = VERTEX_POINT('',#8624);
#8624 = CARTESIAN_POINT('',(0.571928916852,1.485,0.13));
#8625 = LINE('',#8626,#8627);
#8626 = CARTESIAN_POINT('',(-0.571928916852,1.485,0.13));
#8627 = VECTOR('',#8628,1.);
#8628 = DIRECTION('',(1.,0.,0.));
#8629 = ORIENTED_EDGE('',*,*,#8630,.F.);
#8630 = EDGE_CURVE('',#8631,#8623,#8633,.T.);
#8631 = VERTEX_POINT('',#8632);
#8632 = CARTESIAN_POINT('',(0.591212545143,1.474283628291,0.107018666706
    ));
#8633 = ELLIPSE('',#8634,3.916221867997E-02,3.E-02);
#8634 = AXIS2_PLACEMENT_3D('',#8635,#8636,#8637);
#8635 = CARTESIAN_POINT('',(0.571928916852,1.455,0.13));
#8636 = DIRECTION('',(0.766044443119,-3.28336E-16,0.642787609687));
#8637 = DIRECTION('',(0.642787609687,-1.869149E-16,-0.766044443119));
#8638 = ORIENTED_EDGE('',*,*,#8639,.F.);
#8639 = EDGE_CURVE('',#8590,#8631,#8640,.T.);
#8640 = ELLIPSE('',#8641,4.242640687119E-02,3.E-02);
#8641 = AXIS2_PLACEMENT_3D('',#8642,#8643,#8644);
#8642 = CARTESIAN_POINT('',(0.571928916852,1.455,0.13));
#8643 = DIRECTION('',(0.707106781187,-0.707106781187,2.465190328816E-32)
  );
#8644 = DIRECTION('',(0.707106781187,0.707106781187,-8.177565E-17));
#8645 = ORIENTED_EDGE('',*,*,#8589,.T.);
#8646 = CYLINDRICAL_SURFACE('',#8647,3.E-02);
#8647 = AXIS2_PLACEMENT_3D('',#8648,#8649,#8650);
#8648 = CARTESIAN_POINT('',(0.298550952894,1.455,0.13));
#8649 = DIRECTION('',(1.,-4.286122E-16,0.));
#8650 = DIRECTION('',(3.030745931193E-16,0.707106781187,-0.707106781187)
  );
#8651 = ADVANCED_FACE('',(#8652),#8679,.T.);
#8652 = FACE_BOUND('',#8653,.T.);
#8653 = EDGE_LOOP('',(#8654,#8655,#8656,#8664,#8673));
#8654 = ORIENTED_EDGE('',*,*,#8478,.F.);
#8655 = ORIENTED_EDGE('',*,*,#8573,.T.);
#8656 = ORIENTED_EDGE('',*,*,#8657,.T.);
#8657 = EDGE_CURVE('',#8566,#8658,#8660,.T.);
#8658 = VERTEX_POINT('',#8659);
#8659 = CARTESIAN_POINT('',(-0.619537201643,-1.485,0.4));
#8660 = LINE('',#8661,#8662);
#8661 = CARTESIAN_POINT('',(-0.571928916852,-1.485,0.13));
#8662 = VECTOR('',#8663,1.);
#8663 = DIRECTION('',(-0.173648177667,0.,0.984807753012));
#8664 = ORIENTED_EDGE('',*,*,#8665,.T.);
#8665 = EDGE_CURVE('',#8658,#8666,#8668,.T.);
#8666 = VERTEX_POINT('',#8667);
#8667 = CARTESIAN_POINT('',(-0.65,-1.455,0.4));
#8668 = ELLIPSE('',#8669,3.046279835657E-02,3.E-02);
#8669 = AXIS2_PLACEMENT_3D('',#8670,#8671,#8672);
#8670 = CARTESIAN_POINT('',(-0.619537201643,-1.455,0.4));
#8671 = DIRECTION('',(0.,0.,-1.));
#8672 = DIRECTION('',(-1.,0.,0.));
#8673 = ORIENTED_EDGE('',*,*,#8674,.T.);
#8674 = EDGE_CURVE('',#8666,#8481,#8675,.T.);
#8675 = LINE('',#8676,#8677);
#8676 = CARTESIAN_POINT('',(-0.65,-1.455,0.4));
#8677 = VECTOR('',#8678,1.);
#8678 = DIRECTION('',(0.173648177667,0.,-0.984807753012));
#8679 = CYLINDRICAL_SURFACE('',#8680,3.E-02);
#8680 = AXIS2_PLACEMENT_3D('',#8681,#8682,#8683);
#8681 = CARTESIAN_POINT('',(-0.571818242685,-1.455,0.129372335609));
#8682 = DIRECTION('',(-0.173648177667,7.442773E-17,0.984807753012));
#8683 = DIRECTION('',(-0.69636424032,-0.707106781187,-0.122787803969));
#8684 = ADVANCED_FACE('',(#8685),#8703,.T.);
#8685 = FACE_BOUND('',#8686,.T.);
#8686 = EDGE_LOOP('',(#8687,#8688,#8689,#8697));
#8687 = ORIENTED_EDGE('',*,*,#8489,.F.);
#8688 = ORIENTED_EDGE('',*,*,#8674,.F.);
#8689 = ORIENTED_EDGE('',*,*,#8690,.F.);
#8690 = EDGE_CURVE('',#8691,#8666,#8693,.T.);
#8691 = VERTEX_POINT('',#8692);
#8692 = CARTESIAN_POINT('',(-0.65,1.455,0.4));
#8693 = LINE('',#8694,#8695);
#8694 = CARTESIAN_POINT('',(-0.65,1.455,0.4));
#8695 = VECTOR('',#8696,1.);
#8696 = DIRECTION('',(0.,-1.,0.));
#8697 = ORIENTED_EDGE('',*,*,#8698,.F.);
#8698 = EDGE_CURVE('',#8490,#8691,#8699,.T.);
#8699 = LINE('',#8700,#8701);
#8700 = CARTESIAN_POINT('',(-0.601473149442,1.455,0.12479055467));
#8701 = VECTOR('',#8702,1.);
#8702 = DIRECTION('',(-0.173648177667,0.,0.984807753012));
#8703 = PLANE('',#8704);
#8704 = AXIS2_PLACEMENT_3D('',#8705,#8706,#8707);
#8705 = CARTESIAN_POINT('',(-0.597101905787,1.485,9.999999999999E-02));
#8706 = DIRECTION('',(-0.984807753012,4.221006E-16,-0.173648177667));
#8707 = DIRECTION('',(0.173648177667,-7.442773E-17,-0.984807753012));
#8708 = ADVANCED_FACE('',(#8709),#8762,.T.);
#8709 = FACE_BOUND('',#8710,.T.);
#8710 = EDGE_LOOP('',(#8711,#8712,#8720,#8729,#8737,#8746,#8754,#8761));
#8711 = ORIENTED_EDGE('',*,*,#8665,.F.);
#8712 = ORIENTED_EDGE('',*,*,#8713,.T.);
#8713 = EDGE_CURVE('',#8658,#8714,#8716,.T.);
#8714 = VERTEX_POINT('',#8715);
#8715 = CARTESIAN_POINT('',(0.619537201643,-1.485,0.4));
#8716 = LINE('',#8717,#8718);
#8717 = CARTESIAN_POINT('',(-0.619537201643,-1.485,0.4));
#8718 = VECTOR('',#8719,1.);
#8719 = DIRECTION('',(1.,0.,0.));
#8720 = ORIENTED_EDGE('',*,*,#8721,.F.);
#8721 = EDGE_CURVE('',#8722,#8714,#8724,.T.);
#8722 = VERTEX_POINT('',#8723);
#8723 = CARTESIAN_POINT('',(0.65,-1.455,0.4));
#8724 = ELLIPSE('',#8725,3.046279835657E-02,3.E-02);
#8725 = AXIS2_PLACEMENT_3D('',#8726,#8727,#8728);
#8726 = CARTESIAN_POINT('',(0.619537201643,-1.455,0.4));
#8727 = DIRECTION('',(0.,0.,-1.));
#8728 = DIRECTION('',(1.,0.,0.));
#8729 = ORIENTED_EDGE('',*,*,#8730,.F.);
#8730 = EDGE_CURVE('',#8731,#8722,#8733,.T.);
#8731 = VERTEX_POINT('',#8732);
#8732 = CARTESIAN_POINT('',(0.65,1.455,0.4));
#8733 = LINE('',#8734,#8735);
#8734 = CARTESIAN_POINT('',(0.65,1.455,0.4));
#8735 = VECTOR('',#8736,1.);
#8736 = DIRECTION('',(0.,-1.,0.));
#8737 = ORIENTED_EDGE('',*,*,#8738,.F.);
#8738 = EDGE_CURVE('',#8739,#8731,#8741,.T.);
#8739 = VERTEX_POINT('',#8740);
#8740 = CARTESIAN_POINT('',(0.619537201643,1.485,0.4));
#8741 = ELLIPSE('',#8742,3.046279835657E-02,3.E-02);
#8742 = AXIS2_PLACEMENT_3D('',#8743,#8744,#8745);
#8743 = CARTESIAN_POINT('',(0.619537201643,1.455,0.4));
#8744 = DIRECTION('',(0.,0.,-1.));
#8745 = DIRECTION('',(1.,0.,0.));
#8746 = ORIENTED_EDGE('',*,*,#8747,.T.);
#8747 = EDGE_CURVE('',#8739,#8748,#8750,.T.);
#8748 = VERTEX_POINT('',#8749);
#8749 = CARTESIAN_POINT('',(-0.619537201643,1.485,0.4));
#8750 = LINE('',#8751,#8752);
#8751 = CARTESIAN_POINT('',(0.619537201643,1.485,0.4));
#8752 = VECTOR('',#8753,1.);
#8753 = DIRECTION('',(-1.,0.,0.));
#8754 = ORIENTED_EDGE('',*,*,#8755,.F.);
#8755 = EDGE_CURVE('',#8691,#8748,#8756,.T.);
#8756 = ELLIPSE('',#8757,3.046279835657E-02,3.E-02);
#8757 = AXIS2_PLACEMENT_3D('',#8758,#8759,#8760);
#8758 = CARTESIAN_POINT('',(-0.619537201643,1.455,0.4));
#8759 = DIRECTION('',(0.,0.,-1.));
#8760 = DIRECTION('',(-1.,0.,0.));
#8761 = ORIENTED_EDGE('',*,*,#8690,.T.);
#8762 = PLANE('',#8763);
#8763 = AXIS2_PLACEMENT_3D('',#8764,#8765,#8766);
#8764 = CARTESIAN_POINT('',(-0.65,1.485,0.4));
#8765 = DIRECTION('',(0.,0.,1.));
#8766 = DIRECTION('',(0.,-1.,0.));
#8767 = ADVANCED_FACE('',(#8768),#8793,.T.);
#8768 = FACE_BOUND('',#8769,.T.);
#8769 = EDGE_LOOP('',(#8770,#8779,#8785,#8786,#8792));
#8770 = ORIENTED_EDGE('',*,*,#8771,.T.);
#8771 = EDGE_CURVE('',#8548,#8772,#8774,.T.);
#8772 = VERTEX_POINT('',#8773);
#8773 = CARTESIAN_POINT('',(0.601473149442,-1.455,0.12479055467));
#8774 = ELLIPSE('',#8775,4.242640687119E-02,3.E-02);
#8775 = AXIS2_PLACEMENT_3D('',#8776,#8777,#8778);
#8776 = CARTESIAN_POINT('',(0.571928916852,-1.455,0.13));
#8777 = DIRECTION('',(0.122787803969,-0.707106781187,0.69636424032));
#8778 = DIRECTION('',(-0.122787803969,-0.707106781187,-0.69636424032));
#8779 = ORIENTED_EDGE('',*,*,#8780,.T.);
#8780 = EDGE_CURVE('',#8772,#8722,#8781,.T.);
#8781 = LINE('',#8782,#8783);
#8782 = CARTESIAN_POINT('',(0.601473149442,-1.455,0.12479055467));
#8783 = VECTOR('',#8784,1.);
#8784 = DIRECTION('',(0.173648177667,0.,0.984807753012));
#8785 = ORIENTED_EDGE('',*,*,#8721,.T.);
#8786 = ORIENTED_EDGE('',*,*,#8787,.T.);
#8787 = EDGE_CURVE('',#8714,#8557,#8788,.T.);
#8788 = LINE('',#8789,#8790);
#8789 = CARTESIAN_POINT('',(0.619537201643,-1.485,0.4));
#8790 = VECTOR('',#8791,1.);
#8791 = DIRECTION('',(-0.173648177667,0.,-0.984807753012));
#8792 = ORIENTED_EDGE('',*,*,#8556,.T.);
#8793 = CYLINDRICAL_SURFACE('',#8794,3.E-02);
#8794 = AXIS2_PLACEMENT_3D('',#8795,#8796,#8797);
#8795 = CARTESIAN_POINT('',(0.598267289791,-1.455,0.279372335609));
#8796 = DIRECTION('',(-0.173648177667,7.442773E-17,-0.984807753012));
#8797 = DIRECTION('',(0.69636424032,-0.707106781187,-0.122787803969));
#8798 = ADVANCED_FACE('',(#8799),#8817,.T.);
#8799 = FACE_BOUND('',#8800,.T.);
#8800 = EDGE_LOOP('',(#8801,#8802,#8810,#8816));
#8801 = ORIENTED_EDGE('',*,*,#8780,.F.);
#8802 = ORIENTED_EDGE('',*,*,#8803,.F.);
#8803 = EDGE_CURVE('',#8804,#8772,#8806,.T.);
#8804 = VERTEX_POINT('',#8805);
#8805 = CARTESIAN_POINT('',(0.601473149442,1.455,0.12479055467));
#8806 = LINE('',#8807,#8808);
#8807 = CARTESIAN_POINT('',(0.601473149442,1.455,0.12479055467));
#8808 = VECTOR('',#8809,1.);
#8809 = DIRECTION('',(0.,-1.,0.));
#8810 = ORIENTED_EDGE('',*,*,#8811,.F.);
#8811 = EDGE_CURVE('',#8731,#8804,#8812,.T.);
#8812 = LINE('',#8813,#8814);
#8813 = CARTESIAN_POINT('',(0.65,1.455,0.4));
#8814 = VECTOR('',#8815,1.);
#8815 = DIRECTION('',(-0.173648177667,0.,-0.984807753012));
#8816 = ORIENTED_EDGE('',*,*,#8730,.T.);
#8817 = PLANE('',#8818);
#8818 = AXIS2_PLACEMENT_3D('',#8819,#8820,#8821);
#8819 = CARTESIAN_POINT('',(0.65,1.485,0.4));
#8820 = DIRECTION('',(0.984807753012,-4.221006E-16,-0.173648177667));
#8821 = DIRECTION('',(0.173648177667,-7.442773E-17,0.984807753012));
#8822 = ADVANCED_FACE('',(#8823),#8837,.T.);
#8823 = FACE_BOUND('',#8824,.T.);
#8824 = EDGE_LOOP('',(#8825,#8826,#8827,#8828,#8829,#8836));
#8825 = ORIENTED_EDGE('',*,*,#8771,.F.);
#8826 = ORIENTED_EDGE('',*,*,#8547,.F.);
#8827 = ORIENTED_EDGE('',*,*,#8597,.T.);
#8828 = ORIENTED_EDGE('',*,*,#8639,.T.);
#8829 = ORIENTED_EDGE('',*,*,#8830,.F.);
#8830 = EDGE_CURVE('',#8804,#8631,#8831,.T.);
#8831 = ELLIPSE('',#8832,4.242640687119E-02,3.E-02);
#8832 = AXIS2_PLACEMENT_3D('',#8833,#8834,#8835);
#8833 = CARTESIAN_POINT('',(0.571928916852,1.455,0.13));
#8834 = DIRECTION('',(0.122787803969,0.707106781187,0.69636424032));
#8835 = DIRECTION('',(-0.122787803969,0.707106781187,-0.69636424032));
#8836 = ORIENTED_EDGE('',*,*,#8803,.T.);
#8837 = CYLINDRICAL_SURFACE('',#8838,3.E-02);
#8838 = AXIS2_PLACEMENT_3D('',#8839,#8840,#8841);
#8839 = CARTESIAN_POINT('',(0.571928916852,1.485,0.13));
#8840 = DIRECTION('',(-4.286122E-16,-1.,0.));
#8841 = DIRECTION('',(0.642787609687,-2.755066115205E-16,-0.766044443119
    ));
#8842 = ADVANCED_FACE('',(#8843),#8855,.T.);
#8843 = FACE_BOUND('',#8844,.T.);
#8844 = EDGE_LOOP('',(#8845,#8846,#8847,#8848,#8849));
#8845 = ORIENTED_EDGE('',*,*,#8738,.T.);
#8846 = ORIENTED_EDGE('',*,*,#8811,.T.);
#8847 = ORIENTED_EDGE('',*,*,#8830,.T.);
#8848 = ORIENTED_EDGE('',*,*,#8630,.T.);
#8849 = ORIENTED_EDGE('',*,*,#8850,.T.);
#8850 = EDGE_CURVE('',#8623,#8739,#8851,.T.);
#8851 = LINE('',#8852,#8853);
#8852 = CARTESIAN_POINT('',(0.571928916852,1.485,0.13));
#8853 = VECTOR('',#8854,1.);
#8854 = DIRECTION('',(0.173648177667,0.,0.984807753012));
#8855 = CYLINDRICAL_SURFACE('',#8856,3.E-02);
#8856 = AXIS2_PLACEMENT_3D('',#8857,#8858,#8859);
#8857 = CARTESIAN_POINT('',(0.598267289791,1.455,0.279372335609));
#8858 = DIRECTION('',(0.173648177667,-7.442773E-17,0.984807753012));
#8859 = DIRECTION('',(0.69636424032,0.707106781187,-0.122787803969));
#8860 = ADVANCED_FACE('',(#8861),#8873,.T.);
#8861 = FACE_BOUND('',#8862,.T.);
#8862 = EDGE_LOOP('',(#8863,#8864,#8865,#8866,#8872));
#8863 = ORIENTED_EDGE('',*,*,#8497,.F.);
#8864 = ORIENTED_EDGE('',*,*,#8698,.T.);
#8865 = ORIENTED_EDGE('',*,*,#8755,.T.);
#8866 = ORIENTED_EDGE('',*,*,#8867,.T.);
#8867 = EDGE_CURVE('',#8748,#8614,#8868,.T.);
#8868 = LINE('',#8869,#8870);
#8869 = CARTESIAN_POINT('',(-0.619537201643,1.485,0.4));
#8870 = VECTOR('',#8871,1.);
#8871 = DIRECTION('',(0.173648177667,0.,-0.984807753012));
#8872 = ORIENTED_EDGE('',*,*,#8613,.T.);
#8873 = CYLINDRICAL_SURFACE('',#8874,3.E-02);
#8874 = AXIS2_PLACEMENT_3D('',#8875,#8876,#8877);
#8875 = CARTESIAN_POINT('',(-0.571818242685,1.455,0.129372335609));
#8876 = DIRECTION('',(0.173648177667,-7.442773E-17,-0.984807753012));
#8877 = DIRECTION('',(-0.69636424032,0.707106781187,-0.122787803969));
#8878 = ADVANCED_FACE('',(#8879),#8885,.T.);
#8879 = FACE_BOUND('',#8880,.T.);
#8880 = EDGE_LOOP('',(#8881,#8882,#8883,#8884));
#8881 = ORIENTED_EDGE('',*,*,#8657,.F.);
#8882 = ORIENTED_EDGE('',*,*,#8565,.F.);
#8883 = ORIENTED_EDGE('',*,*,#8787,.F.);
#8884 = ORIENTED_EDGE('',*,*,#8713,.F.);
#8885 = PLANE('',#8886);
#8886 = AXIS2_PLACEMENT_3D('',#8887,#8888,#8889);
#8887 = CARTESIAN_POINT('',(-6.226114E-16,-1.485,0.255113463488));
#8888 = DIRECTION('',(0.,-1.,0.));
#8889 = DIRECTION('',(0.,0.,-1.));
#8890 = ADVANCED_FACE('',(#8891),#8897,.F.);
#8891 = FACE_BOUND('',#8892,.T.);
#8892 = EDGE_LOOP('',(#8893,#8894,#8895,#8896));
#8893 = ORIENTED_EDGE('',*,*,#8850,.F.);
#8894 = ORIENTED_EDGE('',*,*,#8622,.F.);
#8895 = ORIENTED_EDGE('',*,*,#8867,.F.);
#8896 = ORIENTED_EDGE('',*,*,#8747,.F.);
#8897 = PLANE('',#8898);
#8898 = AXIS2_PLACEMENT_3D('',#8899,#8900,#8901);
#8899 = CARTESIAN_POINT('',(6.503669E-16,1.485,0.255113463488));
#8900 = DIRECTION('',(0.,-1.,0.));
#8901 = DIRECTION('',(0.,0.,-1.));
#8902 = ( GEOMETRIC_REPRESENTATION_CONTEXT(3) 
GLOBAL_UNCERTAINTY_ASSIGNED_CONTEXT((#8906)) 
GLOBAL_UNIT_ASSIGNED_CONTEXT((#8903,#8904,#8905)) REPRESENTATION_CONTEXT
('Context #1','3D Context with UNIT and UNCERTAINTY') );
#8903 = ( LENGTH_UNIT() NAMED_UNIT(*) SI_UNIT(.MILLI.,.METRE.) );
#8904 = ( NAMED_UNIT(*) PLANE_ANGLE_UNIT() SI_UNIT($,.RADIAN.) );
#8905 = ( NAMED_UNIT(*) SI_UNIT($,.STERADIAN.) SOLID_ANGLE_UNIT() );
#8906 = UNCERTAINTY_MEASURE_WITH_UNIT(LENGTH_MEASURE(1.E-07),#8903,
  'distance_accuracy_value','confusion accuracy');
#8907 = CONTEXT_DEPENDENT_SHAPE_REPRESENTATION(#8908,#8910);
#8908 = ( REPRESENTATION_RELATIONSHIP('','',#52,#10) 
REPRESENTATION_RELATIONSHIP_WITH_TRANSFORMATION(#8909) 
SHAPE_REPRESENTATION_RELATIONSHIP() );
#8909 = ITEM_DEFINED_TRANSFORMATION('','',#11,#15);
#8910 = PRODUCT_DEFINITION_SHAPE('Placement','Placement of an item',
  #8911);
#8911 = NEXT_ASSEMBLY_USAGE_OCCURRENCE('1','Q4','',#5,#47,$);
#8912 = PRODUCT_RELATED_PRODUCT_CATEGORY('part',$,(#49));
#8913 = CONTEXT_DEPENDENT_SHAPE_REPRESENTATION(#8914,#8916);
#8914 = ( REPRESENTATION_RELATIONSHIP('','',#52,#10) 
REPRESENTATION_RELATIONSHIP_WITH_TRANSFORMATION(#8915) 
SHAPE_REPRESENTATION_RELATIONSHIP() );
#8915 = ITEM_DEFINED_TRANSFORMATION('','',#11,#19);
#8916 = PRODUCT_DEFINITION_SHAPE('Placement','Placement of an item',
  #8917);
#8917 = NEXT_ASSEMBLY_USAGE_OCCURRENCE('2','Q2','',#5,#47,$);
#8918 = CONTEXT_DEPENDENT_SHAPE_REPRESENTATION(#8919,#8921);
#8919 = ( REPRESENTATION_RELATIONSHIP('','',#52,#10) 
REPRESENTATION_RELATIONSHIP_WITH_TRANSFORMATION(#8920) 
SHAPE_REPRESENTATION_RELATIONSHIP() );
#8920 = ITEM_DEFINED_TRANSFORMATION('','',#11,#23);
#8921 = PRODUCT_DEFINITION_SHAPE('Placement','Placement of an item',
  #8922);
#8922 = NEXT_ASSEMBLY_USAGE_OCCURRENCE('3','Q3','',#5,#47,$);
#8923 = CONTEXT_DEPENDENT_SHAPE_REPRESENTATION(#8924,#8926);
#8924 = ( REPRESENTATION_RELATIONSHIP('','',#52,#10) 
REPRESENTATION_RELATIONSHIP_WITH_TRANSFORMATION(#8925) 
SHAPE_REPRESENTATION_RELATIONSHIP() );
#8925 = ITEM_DEFINED_TRANSFORMATION('','',#11,#27);
#8926 = PRODUCT_DEFINITION_SHAPE('Placement','Placement of an item',
  #8927);
#8927 = NEXT_ASSEMBLY_USAGE_OCCURRENCE('4','Q1','',#5,#47,$);
#8928 = CONTEXT_DEPENDENT_SHAPE_REPRESENTATION(#8929,#8931);
#8929 = ( REPRESENTATION_RELATIONSHIP('','',#52,#10) 
REPRESENTATION_RELATIONSHIP_WITH_TRANSFORMATION(#8930) 
SHAPE_REPRESENTATION_RELATIONSHIP() );
#8930 = ITEM_DEFINED_TRANSFORMATION('','',#11,#31);
#8931 = PRODUCT_DEFINITION_SHAPE('Placement','Placement of an item',
  #8932);
#8932 = NEXT_ASSEMBLY_USAGE_OCCURRENCE('5','Q5','',#5,#47,$);
#8933 = SHAPE_DEFINITION_REPRESENTATION(#8934,#8940);
#8934 = PRODUCT_DEFINITION_SHAPE('','',#8935);
#8935 = PRODUCT_DEFINITION('design','',#8936,#8939);
#8936 = PRODUCT_DEFINITION_FORMATION('','',#8937);
#8937 = PRODUCT('DC_PCB','DC_PCB','',(#8938));
#8938 = PRODUCT_CONTEXT('',#2,'mechanical');
#8939 = PRODUCT_DEFINITION_CONTEXT('part definition',#2,'design');
#8940 = ADVANCED_BREP_SHAPE_REPRESENTATION('',(#11,#8941),#18525);
#8941 = MANIFOLD_SOLID_BREP('',#8942);
#8942 = CLOSED_SHELL('',(#8943,#8983,#9014,#9045,#11688,#14331,#14343,
    #14360,#14377,#14399,#14416,#14433,#14445,#14462,#14479,#14496,
    #14513,#14530,#14547,#14564,#14581,#14598,#14615,#14632,#14649,
    #14666,#14683,#14705,#14722,#14739,#14751,#14768,#14785,#14802,
    #14819,#14836,#14853,#14870,#14887,#14904,#14921,#14938,#14955,
    #14972,#14989,#15006,#15023,#15040,#15057,#15079,#15096,#15113,
    #15125,#15147,#15164,#15181,#15193,#15210,#15227,#15244,#15261,
    #15278,#15295,#15312,#15329,#15346,#15363,#15380,#15397,#15414,
    #15431,#15448,#15465,#15482,#15499,#15516,#15533,#15550,#15567,
    #15584,#15601,#15618,#15635,#15652,#15669,#15686,#15703,#15720,
    #15737,#15754,#15771,#15788,#15805,#15822,#15839,#15856,#15873,
    #15890,#15907,#15924,#15941,#15958,#15975,#15992,#16009,#16026,
    #16043,#16060,#16077,#16094,#16111,#16128,#16145,#16162,#16179,
    #16196,#16213,#16230,#16247,#16264,#16281,#16298,#16315,#16332,
    #16349,#16366,#16383,#16400,#16417,#16434,#16451,#16468,#16485,
    #16502,#16519,#16536,#16553,#16570,#16587,#16604,#16621,#16638,
    #16655,#16672,#16689,#16706,#16723,#16740,#16757,#16774,#16791,
    #16808,#16825,#16842,#16859,#16876,#16893,#16910,#16927,#16944,
    #16961,#16978,#16995,#17012,#17029,#17046,#17068,#17085,#17102,
    #17114,#17136,#17153,#17170,#17182,#17204,#17221,#17238,#17250,
    #17272,#17289,#17306,#17318,#17335,#17357,#17374,#17391,#17403,
    #17425,#17442,#17459,#17471,#17488,#17505,#17522,#17539,#17556,
    #17573,#17590,#17607,#17624,#17641,#17658,#17675,#17692,#17709,
    #17726,#17743,#17760,#17777,#17794,#17811,#17828,#17845,#17862,
    #17879,#17896,#17913,#17930,#17947,#17964,#17981,#17998,#18015,
    #18032,#18049,#18066,#18083,#18100,#18117,#18134,#18151,#18168,
    #18185,#18202,#18219,#18236,#18253,#18270,#18287,#18304,#18321,
    #18338,#18355,#18372,#18389,#18406,#18423,#18440,#18457,#18474,
    #18491,#18508));
#8943 = ADVANCED_FACE('',(#8944),#8978,.T.);
#8944 = FACE_BOUND('',#8945,.T.);
#8945 = EDGE_LOOP('',(#8946,#8956,#8964,#8972));
#8946 = ORIENTED_EDGE('',*,*,#8947,.T.);
#8947 = EDGE_CURVE('',#8948,#8950,#8952,.T.);
#8948 = VERTEX_POINT('',#8949);
#8949 = CARTESIAN_POINT('',(269.5,-198.5,0.));
#8950 = VERTEX_POINT('',#8951);
#8951 = CARTESIAN_POINT('',(269.5,-198.5,1.474798));
#8952 = LINE('',#8953,#8954);
#8953 = CARTESIAN_POINT('',(269.5,-198.5,0.));
#8954 = VECTOR('',#8955,1.);
#8955 = DIRECTION('',(0.,0.,1.));
#8956 = ORIENTED_EDGE('',*,*,#8957,.T.);
#8957 = EDGE_CURVE('',#8950,#8958,#8960,.T.);
#8958 = VERTEX_POINT('',#8959);
#8959 = CARTESIAN_POINT('',(70.,-198.5,1.474798));
#8960 = LINE('',#8961,#8962);
#8961 = CARTESIAN_POINT('',(269.5,-198.5,1.474798));
#8962 = VECTOR('',#8963,1.);
#8963 = DIRECTION('',(-1.,0.,0.));
#8964 = ORIENTED_EDGE('',*,*,#8965,.F.);
#8965 = EDGE_CURVE('',#8966,#8958,#8968,.T.);
#8966 = VERTEX_POINT('',#8967);
#8967 = CARTESIAN_POINT('',(70.,-198.5,0.));
#8968 = LINE('',#8969,#8970);
#8969 = CARTESIAN_POINT('',(70.,-198.5,0.));
#8970 = VECTOR('',#8971,1.);
#8971 = DIRECTION('',(0.,0.,1.));
#8972 = ORIENTED_EDGE('',*,*,#8973,.F.);
#8973 = EDGE_CURVE('',#8948,#8966,#8974,.T.);
#8974 = LINE('',#8975,#8976);
#8975 = CARTESIAN_POINT('',(269.5,-198.5,0.));
#8976 = VECTOR('',#8977,1.);
#8977 = DIRECTION('',(-1.,0.,0.));
#8978 = PLANE('',#8979);
#8979 = AXIS2_PLACEMENT_3D('',#8980,#8981,#8982);
#8980 = CARTESIAN_POINT('',(269.5,-198.5,0.));
#8981 = DIRECTION('',(0.,-1.,0.));
#8982 = DIRECTION('',(-1.,0.,0.));
#8983 = ADVANCED_FACE('',(#8984),#9009,.T.);
#8984 = FACE_BOUND('',#8985,.T.);
#8985 = EDGE_LOOP('',(#8986,#8996,#9002,#9003));
#8986 = ORIENTED_EDGE('',*,*,#8987,.T.);
#8987 = EDGE_CURVE('',#8988,#8990,#8992,.T.);
#8988 = VERTEX_POINT('',#8989);
#8989 = CARTESIAN_POINT('',(269.5,-58.5,0.));
#8990 = VERTEX_POINT('',#8991);
#8991 = CARTESIAN_POINT('',(269.5,-58.5,1.474798));
#8992 = LINE('',#8993,#8994);
#8993 = CARTESIAN_POINT('',(269.5,-58.5,0.));
#8994 = VECTOR('',#8995,1.);
#8995 = DIRECTION('',(0.,0.,1.));
#8996 = ORIENTED_EDGE('',*,*,#8997,.T.);
#8997 = EDGE_CURVE('',#8990,#8950,#8998,.T.);
#8998 = LINE('',#8999,#9000);
#8999 = CARTESIAN_POINT('',(269.5,-58.5,1.474798));
#9000 = VECTOR('',#9001,1.);
#9001 = DIRECTION('',(0.,-1.,0.));
#9002 = ORIENTED_EDGE('',*,*,#8947,.F.);
#9003 = ORIENTED_EDGE('',*,*,#9004,.F.);
#9004 = EDGE_CURVE('',#8988,#8948,#9005,.T.);
#9005 = LINE('',#9006,#9007);
#9006 = CARTESIAN_POINT('',(269.5,-58.5,0.));
#9007 = VECTOR('',#9008,1.);
#9008 = DIRECTION('',(0.,-1.,0.));
#9009 = PLANE('',#9010);
#9010 = AXIS2_PLACEMENT_3D('',#9011,#9012,#9013);
#9011 = CARTESIAN_POINT('',(269.5,-58.5,0.));
#9012 = DIRECTION('',(1.,0.,-0.));
#9013 = DIRECTION('',(0.,-1.,0.));
#9014 = ADVANCED_FACE('',(#9015),#9040,.T.);
#9015 = FACE_BOUND('',#9016,.T.);
#9016 = EDGE_LOOP('',(#9017,#9018,#9026,#9034));
#9017 = ORIENTED_EDGE('',*,*,#8965,.T.);
#9018 = ORIENTED_EDGE('',*,*,#9019,.T.);
#9019 = EDGE_CURVE('',#8958,#9020,#9022,.T.);
#9020 = VERTEX_POINT('',#9021);
#9021 = CARTESIAN_POINT('',(70.,-58.5,1.474798));
#9022 = LINE('',#9023,#9024);
#9023 = CARTESIAN_POINT('',(70.,-198.5,1.474798));
#9024 = VECTOR('',#9025,1.);
#9025 = DIRECTION('',(0.,1.,0.));
#9026 = ORIENTED_EDGE('',*,*,#9027,.F.);
#9027 = EDGE_CURVE('',#9028,#9020,#9030,.T.);
#9028 = VERTEX_POINT('',#9029);
#9029 = CARTESIAN_POINT('',(70.,-58.5,0.));
#9030 = LINE('',#9031,#9032);
#9031 = CARTESIAN_POINT('',(70.,-58.5,0.));
#9032 = VECTOR('',#9033,1.);
#9033 = DIRECTION('',(0.,0.,1.));
#9034 = ORIENTED_EDGE('',*,*,#9035,.F.);
#9035 = EDGE_CURVE('',#8966,#9028,#9036,.T.);
#9036 = LINE('',#9037,#9038);
#9037 = CARTESIAN_POINT('',(70.,-198.5,0.));
#9038 = VECTOR('',#9039,1.);
#9039 = DIRECTION('',(0.,1.,0.));
#9040 = PLANE('',#9041);
#9041 = AXIS2_PLACEMENT_3D('',#9042,#9043,#9044);
#9042 = CARTESIAN_POINT('',(70.,-198.5,0.));
#9043 = DIRECTION('',(-1.,0.,0.));
#9044 = DIRECTION('',(0.,1.,0.));
#9045 = ADVANCED_FACE('',(#9046,#9057,#9068,#9079,#9115,#9126,#9137,
    #9148,#9159,#9170,#9181,#9192,#9203,#9214,#9225,#9236,#9247,#9258,
    #9269,#9305,#9316,#9327,#9338,#9349,#9360,#9371,#9382,#9393,#9404,
    #9415,#9426,#9437,#9448,#9459,#9470,#9481,#9492,#9503,#9539,#9575,
    #9586,#9597,#9608,#9619,#9630,#9641,#9652,#9663,#9674,#9685,#9696,
    #9707,#9718,#9729,#9740,#9751,#9762,#9773,#9784,#9795,#9806,#9817,
    #9828,#9839,#9850,#9861,#9872,#9883,#9894,#9905,#9916,#9927,#9938,
    #9949,#9960,#9971,#9982,#9993,#10004,#10015,#10026,#10037,#10048,
    #10059,#10070,#10081,#10092,#10103,#10114,#10125,#10136,#10147,
    #10158,#10169,#10180,#10191,#10202,#10213,#10224,#10235,#10246,
    #10257,#10268,#10279,#10290,#10301,#10312,#10323,#10334,#10345,
    #10356,#10367,#10378,#10389,#10400,#10411,#10422,#10433,#10444,
    #10455,#10466,#10477,#10488,#10499,#10510,#10521,#10532,#10543,
    #10554,#10565,#10576,#10587,#10598,#10609,#10620,#10631,#10642,
    #10653,#10664,#10675,#10686,#10697,#10708,#10719,#10730,#10741,
    #10752,#10763,#10774,#10810,#10846,#10882,#10918,#10929,#10965,
    #11001,#11012,#11023,#11034,#11045,#11056,#11067,#11078,#11089,
    #11100,#11111,#11122,#11133,#11144,#11155,#11166,#11177,#11188,
    #11199,#11210,#11221,#11232,#11243,#11254,#11265,#11276,#11287,
    #11298,#11309,#11320,#11331,#11342,#11353,#11364,#11375,#11386,
    #11397,#11408,#11419,#11430,#11441,#11452,#11463,#11474,#11485,
    #11496,#11507,#11518,#11529,#11540,#11551,#11562,#11573,#11584,
    #11595,#11606,#11617,#11628,#11639,#11650,#11661,#11672),#11683,.F.
  );
#9046 = FACE_BOUND('',#9047,.F.);
#9047 = EDGE_LOOP('',(#9048,#9049,#9050,#9056));
#9048 = ORIENTED_EDGE('',*,*,#8973,.F.);
#9049 = ORIENTED_EDGE('',*,*,#9004,.F.);
#9050 = ORIENTED_EDGE('',*,*,#9051,.F.);
#9051 = EDGE_CURVE('',#9028,#8988,#9052,.T.);
#9052 = LINE('',#9053,#9054);
#9053 = CARTESIAN_POINT('',(70.,-58.5,0.));
#9054 = VECTOR('',#9055,1.);
#9055 = DIRECTION('',(1.,0.,0.));
#9056 = ORIENTED_EDGE('',*,*,#9035,.F.);
#9057 = FACE_BOUND('',#9058,.F.);
#9058 = EDGE_LOOP('',(#9059));
#9059 = ORIENTED_EDGE('',*,*,#9060,.T.);
#9060 = EDGE_CURVE('',#9061,#9061,#9063,.T.);
#9061 = VERTEX_POINT('',#9062);
#9062 = CARTESIAN_POINT('',(75.5,-195.25,0.));
#9063 = CIRCLE('',#9064,2.25);
#9064 = AXIS2_PLACEMENT_3D('',#9065,#9066,#9067);
#9065 = CARTESIAN_POINT('',(75.5,-193.,0.));
#9066 = DIRECTION('',(-0.,0.,-1.));
#9067 = DIRECTION('',(-0.,-1.,0.));
#9068 = FACE_BOUND('',#9069,.F.);
#9069 = EDGE_LOOP('',(#9070));
#9070 = ORIENTED_EDGE('',*,*,#9071,.T.);
#9071 = EDGE_CURVE('',#9072,#9072,#9074,.T.);
#9072 = VERTEX_POINT('',#9073);
#9073 = CARTESIAN_POINT('',(93.49999,-193.5193,0.));
#9074 = CIRCLE('',#9075,2.0193);
#9075 = AXIS2_PLACEMENT_3D('',#9076,#9077,#9078);
#9076 = CARTESIAN_POINT('',(93.49999,-191.5,0.));
#9077 = DIRECTION('',(-0.,0.,-1.));
#9078 = DIRECTION('',(-0.,-1.,0.));
#9079 = FACE_BOUND('',#9080,.F.);
#9080 = EDGE_LOOP('',(#9081,#9092,#9100,#9109));
#9081 = ORIENTED_EDGE('',*,*,#9082,.T.);
#9082 = EDGE_CURVE('',#9083,#9085,#9087,.T.);
#9083 = VERTEX_POINT('',#9084);
#9084 = CARTESIAN_POINT('',(86.815,-183.305,0.));
#9085 = VERTEX_POINT('',#9086);
#9086 = CARTESIAN_POINT('',(86.815,-184.065,0.));
#9087 = CIRCLE('',#9088,0.38);
#9088 = AXIS2_PLACEMENT_3D('',#9089,#9090,#9091);
#9089 = CARTESIAN_POINT('',(86.815,-183.685,0.));
#9090 = DIRECTION('',(-0.,0.,-1.));
#9091 = DIRECTION('',(-0.,-1.,0.));
#9092 = ORIENTED_EDGE('',*,*,#9093,.T.);
#9093 = EDGE_CURVE('',#9085,#9094,#9096,.T.);
#9094 = VERTEX_POINT('',#9095);
#9095 = CARTESIAN_POINT('',(81.185,-184.065,0.));
#9096 = LINE('',#9097,#9098);
#9097 = CARTESIAN_POINT('',(40.5925,-184.065,0.));
#9098 = VECTOR('',#9099,1.);
#9099 = DIRECTION('',(-1.,0.,0.));
#9100 = ORIENTED_EDGE('',*,*,#9101,.T.);
#9101 = EDGE_CURVE('',#9094,#9102,#9104,.T.);
#9102 = VERTEX_POINT('',#9103);
#9103 = CARTESIAN_POINT('',(81.185,-183.305,0.));
#9104 = CIRCLE('',#9105,0.38);
#9105 = AXIS2_PLACEMENT_3D('',#9106,#9107,#9108);
#9106 = CARTESIAN_POINT('',(81.185,-183.685,0.));
#9107 = DIRECTION('',(-0.,0.,-1.));
#9108 = DIRECTION('',(0.,1.,0.));
#9109 = ORIENTED_EDGE('',*,*,#9110,.T.);
#9110 = EDGE_CURVE('',#9102,#9083,#9111,.T.);
#9111 = LINE('',#9112,#9113);
#9112 = CARTESIAN_POINT('',(43.4075,-183.305,0.));
#9113 = VECTOR('',#9114,1.);
#9114 = DIRECTION('',(1.,0.,-0.));
#9115 = FACE_BOUND('',#9116,.F.);
#9116 = EDGE_LOOP('',(#9117));
#9117 = ORIENTED_EDGE('',*,*,#9118,.T.);
#9118 = EDGE_CURVE('',#9119,#9119,#9121,.T.);
#9119 = VERTEX_POINT('',#9120);
#9120 = CARTESIAN_POINT('',(100.499991,-193.314701,0.));
#9121 = CIRCLE('',#9122,0.7747);
#9122 = AXIS2_PLACEMENT_3D('',#9123,#9124,#9125);
#9123 = CARTESIAN_POINT('',(100.499991,-192.540001,0.));
#9124 = DIRECTION('',(-0.,0.,-1.));
#9125 = DIRECTION('',(-0.,-1.,0.));
#9126 = FACE_BOUND('',#9127,.F.);
#9127 = EDGE_LOOP('',(#9128));
#9128 = ORIENTED_EDGE('',*,*,#9129,.T.);
#9129 = EDGE_CURVE('',#9130,#9130,#9132,.T.);
#9130 = VERTEX_POINT('',#9131);
#9131 = CARTESIAN_POINT('',(103.999992,-193.314701,0.));
#9132 = CIRCLE('',#9133,0.7747);
#9133 = AXIS2_PLACEMENT_3D('',#9134,#9135,#9136);
#9134 = CARTESIAN_POINT('',(103.999992,-192.540001,0.));
#9135 = DIRECTION('',(-0.,0.,-1.));
#9136 = DIRECTION('',(1.834368751155E-14,-1.,-0.));
#9137 = FACE_BOUND('',#9138,.F.);
#9138 = EDGE_LOOP('',(#9139));
#9139 = ORIENTED_EDGE('',*,*,#9140,.T.);
#9140 = EDGE_CURVE('',#9141,#9141,#9143,.T.);
#9141 = VERTEX_POINT('',#9142);
#9142 = CARTESIAN_POINT('',(107.499993,-193.314701,0.));
#9143 = CIRCLE('',#9144,0.7747);
#9144 = AXIS2_PLACEMENT_3D('',#9145,#9146,#9147);
#9145 = CARTESIAN_POINT('',(107.499993,-192.540001,0.));
#9146 = DIRECTION('',(-0.,0.,-1.));
#9147 = DIRECTION('',(1.834368751155E-14,-1.,-0.));
#9148 = FACE_BOUND('',#9149,.F.);
#9149 = EDGE_LOOP('',(#9150));
#9150 = ORIENTED_EDGE('',*,*,#9151,.T.);
#9151 = EDGE_CURVE('',#9152,#9152,#9154,.T.);
#9152 = VERTEX_POINT('',#9153);
#9153 = CARTESIAN_POINT('',(100.499991,-189.814699,0.));
#9154 = CIRCLE('',#9155,0.7747);
#9155 = AXIS2_PLACEMENT_3D('',#9156,#9157,#9158);
#9156 = CARTESIAN_POINT('',(100.499991,-189.039999,0.));
#9157 = DIRECTION('',(-0.,0.,-1.));
#9158 = DIRECTION('',(-0.,-1.,0.));
#9159 = FACE_BOUND('',#9160,.F.);
#9160 = EDGE_LOOP('',(#9161));
#9161 = ORIENTED_EDGE('',*,*,#9162,.T.);
#9162 = EDGE_CURVE('',#9163,#9163,#9165,.T.);
#9163 = VERTEX_POINT('',#9164);
#9164 = CARTESIAN_POINT('',(103.999992,-189.814699,0.));
#9165 = CIRCLE('',#9166,0.7747);
#9166 = AXIS2_PLACEMENT_3D('',#9167,#9168,#9169);
#9167 = CARTESIAN_POINT('',(103.999992,-189.039999,0.));
#9168 = DIRECTION('',(-0.,0.,-1.));
#9169 = DIRECTION('',(1.834368751155E-14,-1.,-0.));
#9170 = FACE_BOUND('',#9171,.F.);
#9171 = EDGE_LOOP('',(#9172));
#9172 = ORIENTED_EDGE('',*,*,#9173,.T.);
#9173 = EDGE_CURVE('',#9174,#9174,#9176,.T.);
#9174 = VERTEX_POINT('',#9175);
#9175 = CARTESIAN_POINT('',(107.499993,-189.814699,0.));
#9176 = CIRCLE('',#9177,0.7747);
#9177 = AXIS2_PLACEMENT_3D('',#9178,#9179,#9180);
#9178 = CARTESIAN_POINT('',(107.499993,-189.039999,0.));
#9179 = DIRECTION('',(-0.,0.,-1.));
#9180 = DIRECTION('',(1.834368751155E-14,-1.,-0.));
#9181 = FACE_BOUND('',#9182,.F.);
#9182 = EDGE_LOOP('',(#9183));
#9183 = ORIENTED_EDGE('',*,*,#9184,.T.);
#9184 = EDGE_CURVE('',#9185,#9185,#9187,.T.);
#9185 = VERTEX_POINT('',#9186);
#9186 = CARTESIAN_POINT('',(110.999993,-193.314701,0.));
#9187 = CIRCLE('',#9188,0.7747);
#9188 = AXIS2_PLACEMENT_3D('',#9189,#9190,#9191);
#9189 = CARTESIAN_POINT('',(110.999993,-192.540001,0.));
#9190 = DIRECTION('',(-0.,0.,-1.));
#9191 = DIRECTION('',(1.834368751155E-14,-1.,-0.));
#9192 = FACE_BOUND('',#9193,.F.);
#9193 = EDGE_LOOP('',(#9194));
#9194 = ORIENTED_EDGE('',*,*,#9195,.T.);
#9195 = EDGE_CURVE('',#9196,#9196,#9198,.T.);
#9196 = VERTEX_POINT('',#9197);
#9197 = CARTESIAN_POINT('',(114.499994,-193.314701,0.));
#9198 = CIRCLE('',#9199,0.7747);
#9199 = AXIS2_PLACEMENT_3D('',#9200,#9201,#9202);
#9200 = CARTESIAN_POINT('',(114.499994,-192.540001,0.));
#9201 = DIRECTION('',(-0.,0.,-1.));
#9202 = DIRECTION('',(-0.,-1.,0.));
#9203 = FACE_BOUND('',#9204,.F.);
#9204 = EDGE_LOOP('',(#9205));
#9205 = ORIENTED_EDGE('',*,*,#9206,.T.);
#9206 = EDGE_CURVE('',#9207,#9207,#9209,.T.);
#9207 = VERTEX_POINT('',#9208);
#9208 = CARTESIAN_POINT('',(117.999995,-193.314701,0.));
#9209 = CIRCLE('',#9210,0.7747);
#9210 = AXIS2_PLACEMENT_3D('',#9211,#9212,#9213);
#9211 = CARTESIAN_POINT('',(117.999995,-192.540001,0.));
#9212 = DIRECTION('',(-0.,0.,-1.));
#9213 = DIRECTION('',(-0.,-1.,0.));
#9214 = FACE_BOUND('',#9215,.F.);
#9215 = EDGE_LOOP('',(#9216));
#9216 = ORIENTED_EDGE('',*,*,#9217,.T.);
#9217 = EDGE_CURVE('',#9218,#9218,#9220,.T.);
#9218 = VERTEX_POINT('',#9219);
#9219 = CARTESIAN_POINT('',(121.499995,-193.314701,0.));
#9220 = CIRCLE('',#9221,0.7747);
#9221 = AXIS2_PLACEMENT_3D('',#9222,#9223,#9224);
#9222 = CARTESIAN_POINT('',(121.499995,-192.540001,0.));
#9223 = DIRECTION('',(-0.,0.,-1.));
#9224 = DIRECTION('',(-0.,-1.,0.));
#9225 = FACE_BOUND('',#9226,.F.);
#9226 = EDGE_LOOP('',(#9227));
#9227 = ORIENTED_EDGE('',*,*,#9228,.T.);
#9228 = EDGE_CURVE('',#9229,#9229,#9231,.T.);
#9229 = VERTEX_POINT('',#9230);
#9230 = CARTESIAN_POINT('',(110.999993,-189.814699,0.));
#9231 = CIRCLE('',#9232,0.7747);
#9232 = AXIS2_PLACEMENT_3D('',#9233,#9234,#9235);
#9233 = CARTESIAN_POINT('',(110.999993,-189.039999,0.));
#9234 = DIRECTION('',(-0.,0.,-1.));
#9235 = DIRECTION('',(1.834368751155E-14,-1.,-0.));
#9236 = FACE_BOUND('',#9237,.F.);
#9237 = EDGE_LOOP('',(#9238));
#9238 = ORIENTED_EDGE('',*,*,#9239,.T.);
#9239 = EDGE_CURVE('',#9240,#9240,#9242,.T.);
#9240 = VERTEX_POINT('',#9241);
#9241 = CARTESIAN_POINT('',(114.499994,-189.814699,0.));
#9242 = CIRCLE('',#9243,0.7747);
#9243 = AXIS2_PLACEMENT_3D('',#9244,#9245,#9246);
#9244 = CARTESIAN_POINT('',(114.499994,-189.039999,0.));
#9245 = DIRECTION('',(-0.,0.,-1.));
#9246 = DIRECTION('',(-0.,-1.,0.));
#9247 = FACE_BOUND('',#9248,.F.);
#9248 = EDGE_LOOP('',(#9249));
#9249 = ORIENTED_EDGE('',*,*,#9250,.T.);
#9250 = EDGE_CURVE('',#9251,#9251,#9253,.T.);
#9251 = VERTEX_POINT('',#9252);
#9252 = CARTESIAN_POINT('',(117.999995,-189.814699,0.));
#9253 = CIRCLE('',#9254,0.7747);
#9254 = AXIS2_PLACEMENT_3D('',#9255,#9256,#9257);
#9255 = CARTESIAN_POINT('',(117.999995,-189.039999,0.));
#9256 = DIRECTION('',(-0.,0.,-1.));
#9257 = DIRECTION('',(-0.,-1.,0.));
#9258 = FACE_BOUND('',#9259,.F.);
#9259 = EDGE_LOOP('',(#9260));
#9260 = ORIENTED_EDGE('',*,*,#9261,.T.);
#9261 = EDGE_CURVE('',#9262,#9262,#9264,.T.);
#9262 = VERTEX_POINT('',#9263);
#9263 = CARTESIAN_POINT('',(121.499995,-189.814699,0.));
#9264 = CIRCLE('',#9265,0.7747);
#9265 = AXIS2_PLACEMENT_3D('',#9266,#9267,#9268);
#9266 = CARTESIAN_POINT('',(121.499995,-189.039999,0.));
#9267 = DIRECTION('',(-0.,0.,-1.));
#9268 = DIRECTION('',(-0.,-1.,0.));
#9269 = FACE_BOUND('',#9270,.F.);
#9270 = EDGE_LOOP('',(#9271,#9282,#9290,#9299));
#9271 = ORIENTED_EDGE('',*,*,#9272,.T.);
#9272 = EDGE_CURVE('',#9273,#9275,#9277,.T.);
#9273 = VERTEX_POINT('',#9274);
#9274 = CARTESIAN_POINT('',(105.815,-183.305,0.));
#9275 = VERTEX_POINT('',#9276);
#9276 = CARTESIAN_POINT('',(105.815,-184.065,0.));
#9277 = CIRCLE('',#9278,0.38);
#9278 = AXIS2_PLACEMENT_3D('',#9279,#9280,#9281);
#9279 = CARTESIAN_POINT('',(105.815,-183.685,0.));
#9280 = DIRECTION('',(-0.,0.,-1.));
#9281 = DIRECTION('',(-0.,-1.,0.));
#9282 = ORIENTED_EDGE('',*,*,#9283,.T.);
#9283 = EDGE_CURVE('',#9275,#9284,#9286,.T.);
#9284 = VERTEX_POINT('',#9285);
#9285 = CARTESIAN_POINT('',(100.185,-184.065,0.));
#9286 = LINE('',#9287,#9288);
#9287 = CARTESIAN_POINT('',(50.0925,-184.065,0.));
#9288 = VECTOR('',#9289,1.);
#9289 = DIRECTION('',(-1.,0.,0.));
#9290 = ORIENTED_EDGE('',*,*,#9291,.T.);
#9291 = EDGE_CURVE('',#9284,#9292,#9294,.T.);
#9292 = VERTEX_POINT('',#9293);
#9293 = CARTESIAN_POINT('',(100.185,-183.305,0.));
#9294 = CIRCLE('',#9295,0.38);
#9295 = AXIS2_PLACEMENT_3D('',#9296,#9297,#9298);
#9296 = CARTESIAN_POINT('',(100.185,-183.685,0.));
#9297 = DIRECTION('',(-0.,0.,-1.));
#9298 = DIRECTION('',(0.,1.,0.));
#9299 = ORIENTED_EDGE('',*,*,#9300,.T.);
#9300 = EDGE_CURVE('',#9292,#9273,#9301,.T.);
#9301 = LINE('',#9302,#9303);
#9302 = CARTESIAN_POINT('',(52.9075,-183.305,0.));
#9303 = VECTOR('',#9304,1.);
#9304 = DIRECTION('',(1.,0.,-0.));
#9305 = FACE_BOUND('',#9306,.F.);
#9306 = EDGE_LOOP('',(#9307));
#9307 = ORIENTED_EDGE('',*,*,#9308,.T.);
#9308 = EDGE_CURVE('',#9309,#9309,#9311,.T.);
#9309 = VERTEX_POINT('',#9310);
#9310 = CARTESIAN_POINT('',(124.999998,-193.314701,0.));
#9311 = CIRCLE('',#9312,0.7747);
#9312 = AXIS2_PLACEMENT_3D('',#9313,#9314,#9315);
#9313 = CARTESIAN_POINT('',(124.999998,-192.540001,0.));
#9314 = DIRECTION('',(-0.,0.,-1.));
#9315 = DIRECTION('',(-0.,-1.,0.));
#9316 = FACE_BOUND('',#9317,.F.);
#9317 = EDGE_LOOP('',(#9318));
#9318 = ORIENTED_EDGE('',*,*,#9319,.T.);
#9319 = EDGE_CURVE('',#9320,#9320,#9322,.T.);
#9320 = VERTEX_POINT('',#9321);
#9321 = CARTESIAN_POINT('',(128.499999,-193.314701,0.));
#9322 = CIRCLE('',#9323,0.7747);
#9323 = AXIS2_PLACEMENT_3D('',#9324,#9325,#9326);
#9324 = CARTESIAN_POINT('',(128.499999,-192.540001,0.));
#9325 = DIRECTION('',(-0.,0.,-1.));
#9326 = DIRECTION('',(-0.,-1.,0.));
#9327 = FACE_BOUND('',#9328,.F.);
#9328 = EDGE_LOOP('',(#9329));
#9329 = ORIENTED_EDGE('',*,*,#9330,.T.);
#9330 = EDGE_CURVE('',#9331,#9331,#9333,.T.);
#9331 = VERTEX_POINT('',#9332);
#9332 = CARTESIAN_POINT('',(132.,-193.314701,0.));
#9333 = CIRCLE('',#9334,0.7747);
#9334 = AXIS2_PLACEMENT_3D('',#9335,#9336,#9337);
#9335 = CARTESIAN_POINT('',(132.,-192.540001,0.));
#9336 = DIRECTION('',(-0.,0.,-1.));
#9337 = DIRECTION('',(-0.,-1.,0.));
#9338 = FACE_BOUND('',#9339,.F.);
#9339 = EDGE_LOOP('',(#9340));
#9340 = ORIENTED_EDGE('',*,*,#9341,.T.);
#9341 = EDGE_CURVE('',#9342,#9342,#9344,.T.);
#9342 = VERTEX_POINT('',#9343);
#9343 = CARTESIAN_POINT('',(124.999998,-189.814699,0.));
#9344 = CIRCLE('',#9345,0.7747);
#9345 = AXIS2_PLACEMENT_3D('',#9346,#9347,#9348);
#9346 = CARTESIAN_POINT('',(124.999998,-189.039999,0.));
#9347 = DIRECTION('',(-0.,0.,-1.));
#9348 = DIRECTION('',(-0.,-1.,0.));
#9349 = FACE_BOUND('',#9350,.F.);
#9350 = EDGE_LOOP('',(#9351));
#9351 = ORIENTED_EDGE('',*,*,#9352,.T.);
#9352 = EDGE_CURVE('',#9353,#9353,#9355,.T.);
#9353 = VERTEX_POINT('',#9354);
#9354 = CARTESIAN_POINT('',(128.499999,-189.814699,0.));
#9355 = CIRCLE('',#9356,0.7747);
#9356 = AXIS2_PLACEMENT_3D('',#9357,#9358,#9359);
#9357 = CARTESIAN_POINT('',(128.499999,-189.039999,0.));
#9358 = DIRECTION('',(-0.,0.,-1.));
#9359 = DIRECTION('',(-0.,-1.,0.));
#9360 = FACE_BOUND('',#9361,.F.);
#9361 = EDGE_LOOP('',(#9362));
#9362 = ORIENTED_EDGE('',*,*,#9363,.T.);
#9363 = EDGE_CURVE('',#9364,#9364,#9366,.T.);
#9364 = VERTEX_POINT('',#9365);
#9365 = CARTESIAN_POINT('',(132.,-189.814699,0.));
#9366 = CIRCLE('',#9367,0.7747);
#9367 = AXIS2_PLACEMENT_3D('',#9368,#9369,#9370);
#9368 = CARTESIAN_POINT('',(132.,-189.039999,0.));
#9369 = DIRECTION('',(-0.,0.,-1.));
#9370 = DIRECTION('',(-0.,-1.,0.));
#9371 = FACE_BOUND('',#9372,.F.);
#9372 = EDGE_LOOP('',(#9373));
#9373 = ORIENTED_EDGE('',*,*,#9374,.T.);
#9374 = EDGE_CURVE('',#9375,#9375,#9377,.T.);
#9375 = VERTEX_POINT('',#9376);
#9376 = CARTESIAN_POINT('',(139.000001,-193.5193,0.));
#9377 = CIRCLE('',#9378,2.0193);
#9378 = AXIS2_PLACEMENT_3D('',#9379,#9380,#9381);
#9379 = CARTESIAN_POINT('',(139.000001,-191.5,0.));
#9380 = DIRECTION('',(-0.,0.,-1.));
#9381 = DIRECTION('',(-0.,-1.,0.));
#9382 = FACE_BOUND('',#9383,.F.);
#9383 = EDGE_LOOP('',(#9384));
#9384 = ORIENTED_EDGE('',*,*,#9385,.T.);
#9385 = EDGE_CURVE('',#9386,#9386,#9388,.T.);
#9386 = VERTEX_POINT('',#9387);
#9387 = CARTESIAN_POINT('',(134.75,-177.96,0.));
#9388 = CIRCLE('',#9389,1.);
#9389 = AXIS2_PLACEMENT_3D('',#9390,#9391,#9392);
#9390 = CARTESIAN_POINT('',(134.75,-176.96,0.));
#9391 = DIRECTION('',(-0.,0.,-1.));
#9392 = DIRECTION('',(-0.,-1.,0.));
#9393 = FACE_BOUND('',#9394,.F.);
#9394 = EDGE_LOOP('',(#9395));
#9395 = ORIENTED_EDGE('',*,*,#9396,.T.);
#9396 = EDGE_CURVE('',#9397,#9397,#9399,.T.);
#9397 = VERTEX_POINT('',#9398);
#9398 = CARTESIAN_POINT('',(135.7,-174.7,0.));
#9399 = CIRCLE('',#9400,0.7);
#9400 = AXIS2_PLACEMENT_3D('',#9401,#9402,#9403);
#9401 = CARTESIAN_POINT('',(135.7,-174.,0.));
#9402 = DIRECTION('',(-0.,0.,-1.));
#9403 = DIRECTION('',(-0.,-1.,0.));
#9404 = FACE_BOUND('',#9405,.F.);
#9405 = EDGE_LOOP('',(#9406));
#9406 = ORIENTED_EDGE('',*,*,#9407,.T.);
#9407 = EDGE_CURVE('',#9408,#9408,#9410,.T.);
#9408 = VERTEX_POINT('',#9409);
#9409 = CARTESIAN_POINT('',(141.,-174.7,0.));
#9410 = CIRCLE('',#9411,0.7);
#9411 = AXIS2_PLACEMENT_3D('',#9412,#9413,#9414);
#9412 = CARTESIAN_POINT('',(141.,-174.,0.));
#9413 = DIRECTION('',(-0.,0.,-1.));
#9414 = DIRECTION('',(-0.,-1.,0.));
#9415 = FACE_BOUND('',#9416,.F.);
#9416 = EDGE_LOOP('',(#9417));
#9417 = ORIENTED_EDGE('',*,*,#9418,.T.);
#9418 = EDGE_CURVE('',#9419,#9419,#9421,.T.);
#9419 = VERTEX_POINT('',#9420);
#9420 = CARTESIAN_POINT('',(135.,-169.7,0.));
#9421 = CIRCLE('',#9422,0.7);
#9422 = AXIS2_PLACEMENT_3D('',#9423,#9424,#9425);
#9423 = CARTESIAN_POINT('',(135.,-169.,0.));
#9424 = DIRECTION('',(-0.,0.,-1.));
#9425 = DIRECTION('',(-0.,-1.,0.));
#9426 = FACE_BOUND('',#9427,.F.);
#9427 = EDGE_LOOP('',(#9428));
#9428 = ORIENTED_EDGE('',*,*,#9429,.T.);
#9429 = EDGE_CURVE('',#9430,#9430,#9432,.T.);
#9430 = VERTEX_POINT('',#9431);
#9431 = CARTESIAN_POINT('',(139.73,-169.7,0.));
#9432 = CIRCLE('',#9433,0.7);
#9433 = AXIS2_PLACEMENT_3D('',#9434,#9435,#9436);
#9434 = CARTESIAN_POINT('',(139.73,-169.,0.));
#9435 = DIRECTION('',(-0.,0.,-1.));
#9436 = DIRECTION('',(-4.060244204344E-14,-1.,0.));
#9437 = FACE_BOUND('',#9438,.F.);
#9438 = EDGE_LOOP('',(#9439));
#9439 = ORIENTED_EDGE('',*,*,#9440,.T.);
#9440 = EDGE_CURVE('',#9441,#9441,#9443,.T.);
#9441 = VERTEX_POINT('',#9442);
#9442 = CARTESIAN_POINT('',(142.27,-169.7,0.));
#9443 = CIRCLE('',#9444,0.7);
#9444 = AXIS2_PLACEMENT_3D('',#9445,#9446,#9447);
#9445 = CARTESIAN_POINT('',(142.27,-169.,0.));
#9446 = DIRECTION('',(-0.,0.,-1.));
#9447 = DIRECTION('',(4.060244204343E-14,-1.,-0.));
#9448 = FACE_BOUND('',#9449,.F.);
#9449 = EDGE_LOOP('',(#9450));
#9450 = ORIENTED_EDGE('',*,*,#9451,.T.);
#9451 = EDGE_CURVE('',#9452,#9452,#9454,.T.);
#9452 = VERTEX_POINT('',#9453);
#9453 = CARTESIAN_POINT('',(134.75,-166.96,0.));
#9454 = CIRCLE('',#9455,1.);
#9455 = AXIS2_PLACEMENT_3D('',#9456,#9457,#9458);
#9456 = CARTESIAN_POINT('',(134.75,-165.96,0.));
#9457 = DIRECTION('',(-0.,0.,-1.));
#9458 = DIRECTION('',(-0.,-1.,0.));
#9459 = FACE_BOUND('',#9460,.F.);
#9460 = EDGE_LOOP('',(#9461));
#9461 = ORIENTED_EDGE('',*,*,#9462,.T.);
#9462 = EDGE_CURVE('',#9463,#9463,#9465,.T.);
#9463 = VERTEX_POINT('',#9464);
#9464 = CARTESIAN_POINT('',(147.25,-177.96,0.));
#9465 = CIRCLE('',#9466,1.);
#9466 = AXIS2_PLACEMENT_3D('',#9467,#9468,#9469);
#9467 = CARTESIAN_POINT('',(147.25,-176.96,0.));
#9468 = DIRECTION('',(-0.,0.,-1.));
#9469 = DIRECTION('',(-0.,-1.,0.));
#9470 = FACE_BOUND('',#9471,.F.);
#9471 = EDGE_LOOP('',(#9472));
#9472 = ORIENTED_EDGE('',*,*,#9473,.T.);
#9473 = EDGE_CURVE('',#9474,#9474,#9476,.T.);
#9474 = VERTEX_POINT('',#9475);
#9475 = CARTESIAN_POINT('',(147.,-174.7,0.));
#9476 = CIRCLE('',#9477,0.7);
#9477 = AXIS2_PLACEMENT_3D('',#9478,#9479,#9480);
#9478 = CARTESIAN_POINT('',(147.,-174.,0.));
#9479 = DIRECTION('',(-0.,0.,-1.));
#9480 = DIRECTION('',(-0.,-1.,0.));
#9481 = FACE_BOUND('',#9482,.F.);
#9482 = EDGE_LOOP('',(#9483));
#9483 = ORIENTED_EDGE('',*,*,#9484,.T.);
#9484 = EDGE_CURVE('',#9485,#9485,#9487,.T.);
#9485 = VERTEX_POINT('',#9486);
#9486 = CARTESIAN_POINT('',(146.3,-169.7,0.));
#9487 = CIRCLE('',#9488,0.7);
#9488 = AXIS2_PLACEMENT_3D('',#9489,#9490,#9491);
#9489 = CARTESIAN_POINT('',(146.3,-169.,0.));
#9490 = DIRECTION('',(-0.,0.,-1.));
#9491 = DIRECTION('',(-0.,-1.,0.));
#9492 = FACE_BOUND('',#9493,.F.);
#9493 = EDGE_LOOP('',(#9494));
#9494 = ORIENTED_EDGE('',*,*,#9495,.T.);
#9495 = EDGE_CURVE('',#9496,#9496,#9498,.T.);
#9496 = VERTEX_POINT('',#9497);
#9497 = CARTESIAN_POINT('',(147.25,-166.96,0.));
#9498 = CIRCLE('',#9499,1.);
#9499 = AXIS2_PLACEMENT_3D('',#9500,#9501,#9502);
#9500 = CARTESIAN_POINT('',(147.25,-165.96,0.));
#9501 = DIRECTION('',(-0.,0.,-1.));
#9502 = DIRECTION('',(-0.,-1.,0.));
#9503 = FACE_BOUND('',#9504,.F.);
#9504 = EDGE_LOOP('',(#9505,#9516,#9524,#9533));
#9505 = ORIENTED_EDGE('',*,*,#9506,.T.);
#9506 = EDGE_CURVE('',#9507,#9509,#9511,.T.);
#9507 = VERTEX_POINT('',#9508);
#9508 = CARTESIAN_POINT('',(86.815,-159.935,0.));
#9509 = VERTEX_POINT('',#9510);
#9510 = CARTESIAN_POINT('',(86.815,-160.695,0.));
#9511 = CIRCLE('',#9512,0.38);
#9512 = AXIS2_PLACEMENT_3D('',#9513,#9514,#9515);
#9513 = CARTESIAN_POINT('',(86.815,-160.315,0.));
#9514 = DIRECTION('',(-0.,0.,-1.));
#9515 = DIRECTION('',(-0.,-1.,0.));
#9516 = ORIENTED_EDGE('',*,*,#9517,.T.);
#9517 = EDGE_CURVE('',#9509,#9518,#9520,.T.);
#9518 = VERTEX_POINT('',#9519);
#9519 = CARTESIAN_POINT('',(81.185,-160.695,0.));
#9520 = LINE('',#9521,#9522);
#9521 = CARTESIAN_POINT('',(40.5925,-160.695,0.));
#9522 = VECTOR('',#9523,1.);
#9523 = DIRECTION('',(-1.,0.,0.));
#9524 = ORIENTED_EDGE('',*,*,#9525,.T.);
#9525 = EDGE_CURVE('',#9518,#9526,#9528,.T.);
#9526 = VERTEX_POINT('',#9527);
#9527 = CARTESIAN_POINT('',(81.185,-159.935,0.));
#9528 = CIRCLE('',#9529,0.38);
#9529 = AXIS2_PLACEMENT_3D('',#9530,#9531,#9532);
#9530 = CARTESIAN_POINT('',(81.185,-160.315,0.));
#9531 = DIRECTION('',(-0.,0.,-1.));
#9532 = DIRECTION('',(0.,1.,0.));
#9533 = ORIENTED_EDGE('',*,*,#9534,.T.);
#9534 = EDGE_CURVE('',#9526,#9507,#9535,.T.);
#9535 = LINE('',#9536,#9537);
#9536 = CARTESIAN_POINT('',(43.4075,-159.935,0.));
#9537 = VECTOR('',#9538,1.);
#9538 = DIRECTION('',(1.,0.,-0.));
#9539 = FACE_BOUND('',#9540,.F.);
#9540 = EDGE_LOOP('',(#9541,#9552,#9560,#9569));
#9541 = ORIENTED_EDGE('',*,*,#9542,.T.);
#9542 = EDGE_CURVE('',#9543,#9545,#9547,.T.);
#9543 = VERTEX_POINT('',#9544);
#9544 = CARTESIAN_POINT('',(105.815,-159.935,0.));
#9545 = VERTEX_POINT('',#9546);
#9546 = CARTESIAN_POINT('',(105.815,-160.695,0.));
#9547 = CIRCLE('',#9548,0.38);
#9548 = AXIS2_PLACEMENT_3D('',#9549,#9550,#9551);
#9549 = CARTESIAN_POINT('',(105.815,-160.315,0.));
#9550 = DIRECTION('',(-0.,0.,-1.));
#9551 = DIRECTION('',(-0.,-1.,0.));
#9552 = ORIENTED_EDGE('',*,*,#9553,.T.);
#9553 = EDGE_CURVE('',#9545,#9554,#9556,.T.);
#9554 = VERTEX_POINT('',#9555);
#9555 = CARTESIAN_POINT('',(100.185,-160.695,0.));
#9556 = LINE('',#9557,#9558);
#9557 = CARTESIAN_POINT('',(50.0925,-160.695,0.));
#9558 = VECTOR('',#9559,1.);
#9559 = DIRECTION('',(-1.,0.,0.));
#9560 = ORIENTED_EDGE('',*,*,#9561,.T.);
#9561 = EDGE_CURVE('',#9554,#9562,#9564,.T.);
#9562 = VERTEX_POINT('',#9563);
#9563 = CARTESIAN_POINT('',(100.185,-159.935,0.));
#9564 = CIRCLE('',#9565,0.38);
#9565 = AXIS2_PLACEMENT_3D('',#9566,#9567,#9568);
#9566 = CARTESIAN_POINT('',(100.185,-160.315,0.));
#9567 = DIRECTION('',(-0.,0.,-1.));
#9568 = DIRECTION('',(0.,1.,0.));
#9569 = ORIENTED_EDGE('',*,*,#9570,.T.);
#9570 = EDGE_CURVE('',#9562,#9543,#9571,.T.);
#9571 = LINE('',#9572,#9573);
#9572 = CARTESIAN_POINT('',(52.9075,-159.935,0.));
#9573 = VECTOR('',#9574,1.);
#9574 = DIRECTION('',(1.,0.,-0.));
#9575 = FACE_BOUND('',#9576,.F.);
#9576 = EDGE_LOOP('',(#9577));
#9577 = ORIENTED_EDGE('',*,*,#9578,.T.);
#9578 = EDGE_CURVE('',#9579,#9579,#9581,.T.);
#9579 = VERTEX_POINT('',#9580);
#9580 = CARTESIAN_POINT('',(80.75,-141.54,0.));
#9581 = CIRCLE('',#9582,1.);
#9582 = AXIS2_PLACEMENT_3D('',#9583,#9584,#9585);
#9583 = CARTESIAN_POINT('',(80.75,-140.54,0.));
#9584 = DIRECTION('',(-0.,0.,-1.));
#9585 = DIRECTION('',(-0.,-1.,0.));
#9586 = FACE_BOUND('',#9587,.F.);
#9587 = EDGE_LOOP('',(#9588));
#9588 = ORIENTED_EDGE('',*,*,#9589,.T.);
#9589 = EDGE_CURVE('',#9590,#9590,#9592,.T.);
#9590 = VERTEX_POINT('',#9591);
#9591 = CARTESIAN_POINT('',(81.7,-138.2,0.));
#9592 = CIRCLE('',#9593,0.7);
#9593 = AXIS2_PLACEMENT_3D('',#9594,#9595,#9596);
#9594 = CARTESIAN_POINT('',(81.7,-137.5,0.));
#9595 = DIRECTION('',(-0.,0.,-1.));
#9596 = DIRECTION('',(-0.,-1.,0.));
#9597 = FACE_BOUND('',#9598,.F.);
#9598 = EDGE_LOOP('',(#9599));
#9599 = ORIENTED_EDGE('',*,*,#9600,.T.);
#9600 = EDGE_CURVE('',#9601,#9601,#9603,.T.);
#9601 = VERTEX_POINT('',#9602);
#9602 = CARTESIAN_POINT('',(85.73,-138.2,0.));
#9603 = CIRCLE('',#9604,0.7);
#9604 = AXIS2_PLACEMENT_3D('',#9605,#9606,#9607);
#9605 = CARTESIAN_POINT('',(85.73,-137.5,0.));
#9606 = DIRECTION('',(-0.,0.,-1.));
#9607 = DIRECTION('',(-0.,-1.,0.));
#9608 = FACE_BOUND('',#9609,.F.);
#9609 = EDGE_LOOP('',(#9610));
#9610 = ORIENTED_EDGE('',*,*,#9611,.T.);
#9611 = EDGE_CURVE('',#9612,#9612,#9614,.T.);
#9612 = VERTEX_POINT('',#9613);
#9613 = CARTESIAN_POINT('',(88.27,-138.2,0.));
#9614 = CIRCLE('',#9615,0.7);
#9615 = AXIS2_PLACEMENT_3D('',#9616,#9617,#9618);
#9616 = CARTESIAN_POINT('',(88.27,-137.5,0.));
#9617 = DIRECTION('',(-0.,0.,-1.));
#9618 = DIRECTION('',(-0.,-1.,0.));
#9619 = FACE_BOUND('',#9620,.F.);
#9620 = EDGE_LOOP('',(#9621));
#9621 = ORIENTED_EDGE('',*,*,#9622,.T.);
#9622 = EDGE_CURVE('',#9623,#9623,#9625,.T.);
#9623 = VERTEX_POINT('',#9624);
#9624 = CARTESIAN_POINT('',(93.25,-141.54,0.));
#9625 = CIRCLE('',#9626,1.);
#9626 = AXIS2_PLACEMENT_3D('',#9627,#9628,#9629);
#9627 = CARTESIAN_POINT('',(93.25,-140.54,0.));
#9628 = DIRECTION('',(-0.,0.,-1.));
#9629 = DIRECTION('',(-0.,-1.,0.));
#9630 = FACE_BOUND('',#9631,.F.);
#9631 = EDGE_LOOP('',(#9632));
#9632 = ORIENTED_EDGE('',*,*,#9633,.T.);
#9633 = EDGE_CURVE('',#9634,#9634,#9636,.T.);
#9634 = VERTEX_POINT('',#9635);
#9635 = CARTESIAN_POINT('',(93.,-138.2,0.));
#9636 = CIRCLE('',#9637,0.7);
#9637 = AXIS2_PLACEMENT_3D('',#9638,#9639,#9640);
#9638 = CARTESIAN_POINT('',(93.,-137.5,0.));
#9639 = DIRECTION('',(-0.,0.,-1.));
#9640 = DIRECTION('',(-0.,-1.,0.));
#9641 = FACE_BOUND('',#9642,.F.);
#9642 = EDGE_LOOP('',(#9643));
#9643 = ORIENTED_EDGE('',*,*,#9644,.T.);
#9644 = EDGE_CURVE('',#9645,#9645,#9647,.T.);
#9645 = VERTEX_POINT('',#9646);
#9646 = CARTESIAN_POINT('',(81.,-133.2,0.));
#9647 = CIRCLE('',#9648,0.7);
#9648 = AXIS2_PLACEMENT_3D('',#9649,#9650,#9651);
#9649 = CARTESIAN_POINT('',(81.,-132.5,0.));
#9650 = DIRECTION('',(-0.,0.,-1.));
#9651 = DIRECTION('',(-0.,-1.,0.));
#9652 = FACE_BOUND('',#9653,.F.);
#9653 = EDGE_LOOP('',(#9654));
#9654 = ORIENTED_EDGE('',*,*,#9655,.T.);
#9655 = EDGE_CURVE('',#9656,#9656,#9658,.T.);
#9656 = VERTEX_POINT('',#9657);
#9657 = CARTESIAN_POINT('',(80.75,-130.54,0.));
#9658 = CIRCLE('',#9659,1.);
#9659 = AXIS2_PLACEMENT_3D('',#9660,#9661,#9662);
#9660 = CARTESIAN_POINT('',(80.75,-129.54,0.));
#9661 = DIRECTION('',(-0.,0.,-1.));
#9662 = DIRECTION('',(-0.,-1.,0.));
#9663 = FACE_BOUND('',#9664,.F.);
#9664 = EDGE_LOOP('',(#9665));
#9665 = ORIENTED_EDGE('',*,*,#9666,.T.);
#9666 = EDGE_CURVE('',#9667,#9667,#9669,.T.);
#9667 = VERTEX_POINT('',#9668);
#9668 = CARTESIAN_POINT('',(87.,-133.2,0.));
#9669 = CIRCLE('',#9670,0.7);
#9670 = AXIS2_PLACEMENT_3D('',#9671,#9672,#9673);
#9671 = CARTESIAN_POINT('',(87.,-132.5,0.));
#9672 = DIRECTION('',(-0.,0.,-1.));
#9673 = DIRECTION('',(-0.,-1.,0.));
#9674 = FACE_BOUND('',#9675,.F.);
#9675 = EDGE_LOOP('',(#9676));
#9676 = ORIENTED_EDGE('',*,*,#9677,.T.);
#9677 = EDGE_CURVE('',#9678,#9678,#9680,.T.);
#9678 = VERTEX_POINT('',#9679);
#9679 = CARTESIAN_POINT('',(92.3,-133.2,0.));
#9680 = CIRCLE('',#9681,0.7);
#9681 = AXIS2_PLACEMENT_3D('',#9682,#9683,#9684);
#9682 = CARTESIAN_POINT('',(92.3,-132.5,0.));
#9683 = DIRECTION('',(-0.,0.,-1.));
#9684 = DIRECTION('',(-0.,-1.,0.));
#9685 = FACE_BOUND('',#9686,.F.);
#9686 = EDGE_LOOP('',(#9687));
#9687 = ORIENTED_EDGE('',*,*,#9688,.T.);
#9688 = EDGE_CURVE('',#9689,#9689,#9691,.T.);
#9689 = VERTEX_POINT('',#9690);
#9690 = CARTESIAN_POINT('',(93.25,-130.54,0.));
#9691 = CIRCLE('',#9692,1.);
#9692 = AXIS2_PLACEMENT_3D('',#9693,#9694,#9695);
#9693 = CARTESIAN_POINT('',(93.25,-129.54,0.));
#9694 = DIRECTION('',(-0.,0.,-1.));
#9695 = DIRECTION('',(-0.,-1.,0.));
#9696 = FACE_BOUND('',#9697,.F.);
#9697 = EDGE_LOOP('',(#9698));
#9698 = ORIENTED_EDGE('',*,*,#9699,.T.);
#9699 = EDGE_CURVE('',#9700,#9700,#9702,.T.);
#9700 = VERTEX_POINT('',#9701);
#9701 = CARTESIAN_POINT('',(107.875,-141.5,0.));
#9702 = CIRCLE('',#9703,1.);
#9703 = AXIS2_PLACEMENT_3D('',#9704,#9705,#9706);
#9704 = CARTESIAN_POINT('',(107.875,-140.5,0.));
#9705 = DIRECTION('',(-0.,0.,-1.));
#9706 = DIRECTION('',(-0.,-1.,0.));
#9707 = FACE_BOUND('',#9708,.F.);
#9708 = EDGE_LOOP('',(#9709));
#9709 = ORIENTED_EDGE('',*,*,#9710,.T.);
#9710 = EDGE_CURVE('',#9711,#9711,#9713,.T.);
#9711 = VERTEX_POINT('',#9712);
#9712 = CARTESIAN_POINT('',(108.825,-138.16,0.));
#9713 = CIRCLE('',#9714,0.7);
#9714 = AXIS2_PLACEMENT_3D('',#9715,#9716,#9717);
#9715 = CARTESIAN_POINT('',(108.825,-137.46,0.));
#9716 = DIRECTION('',(-0.,0.,-1.));
#9717 = DIRECTION('',(-0.,-1.,0.));
#9718 = FACE_BOUND('',#9719,.F.);
#9719 = EDGE_LOOP('',(#9720));
#9720 = ORIENTED_EDGE('',*,*,#9721,.T.);
#9721 = EDGE_CURVE('',#9722,#9722,#9724,.T.);
#9722 = VERTEX_POINT('',#9723);
#9723 = CARTESIAN_POINT('',(112.855,-138.16,0.));
#9724 = CIRCLE('',#9725,0.7);
#9725 = AXIS2_PLACEMENT_3D('',#9726,#9727,#9728);
#9726 = CARTESIAN_POINT('',(112.855,-137.46,0.));
#9727 = DIRECTION('',(-0.,0.,-1.));
#9728 = DIRECTION('',(-0.,-1.,0.));
#9729 = FACE_BOUND('',#9730,.F.);
#9730 = EDGE_LOOP('',(#9731));
#9731 = ORIENTED_EDGE('',*,*,#9732,.T.);
#9732 = EDGE_CURVE('',#9733,#9733,#9735,.T.);
#9733 = VERTEX_POINT('',#9734);
#9734 = CARTESIAN_POINT('',(115.395,-138.16,0.));
#9735 = CIRCLE('',#9736,0.7);
#9736 = AXIS2_PLACEMENT_3D('',#9737,#9738,#9739);
#9737 = CARTESIAN_POINT('',(115.395,-137.46,0.));
#9738 = DIRECTION('',(-0.,0.,-1.));
#9739 = DIRECTION('',(-0.,-1.,0.));
#9740 = FACE_BOUND('',#9741,.F.);
#9741 = EDGE_LOOP('',(#9742));
#9742 = ORIENTED_EDGE('',*,*,#9743,.T.);
#9743 = EDGE_CURVE('',#9744,#9744,#9746,.T.);
#9744 = VERTEX_POINT('',#9745);
#9745 = CARTESIAN_POINT('',(120.375,-141.5,0.));
#9746 = CIRCLE('',#9747,1.);
#9747 = AXIS2_PLACEMENT_3D('',#9748,#9749,#9750);
#9748 = CARTESIAN_POINT('',(120.375,-140.5,0.));
#9749 = DIRECTION('',(-0.,0.,-1.));
#9750 = DIRECTION('',(-0.,-1.,0.));
#9751 = FACE_BOUND('',#9752,.F.);
#9752 = EDGE_LOOP('',(#9753));
#9753 = ORIENTED_EDGE('',*,*,#9754,.T.);
#9754 = EDGE_CURVE('',#9755,#9755,#9757,.T.);
#9755 = VERTEX_POINT('',#9756);
#9756 = CARTESIAN_POINT('',(120.125,-138.16,0.));
#9757 = CIRCLE('',#9758,0.7);
#9758 = AXIS2_PLACEMENT_3D('',#9759,#9760,#9761);
#9759 = CARTESIAN_POINT('',(120.125,-137.46,0.));
#9760 = DIRECTION('',(-0.,0.,-1.));
#9761 = DIRECTION('',(-0.,-1.,0.));
#9762 = FACE_BOUND('',#9763,.F.);
#9763 = EDGE_LOOP('',(#9764));
#9764 = ORIENTED_EDGE('',*,*,#9765,.T.);
#9765 = EDGE_CURVE('',#9766,#9766,#9768,.T.);
#9766 = VERTEX_POINT('',#9767);
#9767 = CARTESIAN_POINT('',(108.125,-133.16,0.));
#9768 = CIRCLE('',#9769,0.7);
#9769 = AXIS2_PLACEMENT_3D('',#9770,#9771,#9772);
#9770 = CARTESIAN_POINT('',(108.125,-132.46,0.));
#9771 = DIRECTION('',(-0.,0.,-1.));
#9772 = DIRECTION('',(-0.,-1.,0.));
#9773 = FACE_BOUND('',#9774,.F.);
#9774 = EDGE_LOOP('',(#9775));
#9775 = ORIENTED_EDGE('',*,*,#9776,.T.);
#9776 = EDGE_CURVE('',#9777,#9777,#9779,.T.);
#9777 = VERTEX_POINT('',#9778);
#9778 = CARTESIAN_POINT('',(107.875,-130.5,0.));
#9779 = CIRCLE('',#9780,1.);
#9780 = AXIS2_PLACEMENT_3D('',#9781,#9782,#9783);
#9781 = CARTESIAN_POINT('',(107.875,-129.5,0.));
#9782 = DIRECTION('',(-0.,0.,-1.));
#9783 = DIRECTION('',(-0.,-1.,0.));
#9784 = FACE_BOUND('',#9785,.F.);
#9785 = EDGE_LOOP('',(#9786));
#9786 = ORIENTED_EDGE('',*,*,#9787,.T.);
#9787 = EDGE_CURVE('',#9788,#9788,#9790,.T.);
#9788 = VERTEX_POINT('',#9789);
#9789 = CARTESIAN_POINT('',(114.125,-133.16,0.));
#9790 = CIRCLE('',#9791,0.7);
#9791 = AXIS2_PLACEMENT_3D('',#9792,#9793,#9794);
#9792 = CARTESIAN_POINT('',(114.125,-132.46,0.));
#9793 = DIRECTION('',(-0.,0.,-1.));
#9794 = DIRECTION('',(-0.,-1.,0.));
#9795 = FACE_BOUND('',#9796,.F.);
#9796 = EDGE_LOOP('',(#9797));
#9797 = ORIENTED_EDGE('',*,*,#9798,.T.);
#9798 = EDGE_CURVE('',#9799,#9799,#9801,.T.);
#9799 = VERTEX_POINT('',#9800);
#9800 = CARTESIAN_POINT('',(119.425,-133.16,0.));
#9801 = CIRCLE('',#9802,0.7);
#9802 = AXIS2_PLACEMENT_3D('',#9803,#9804,#9805);
#9803 = CARTESIAN_POINT('',(119.425,-132.46,0.));
#9804 = DIRECTION('',(-0.,0.,-1.));
#9805 = DIRECTION('',(-0.,-1.,0.));
#9806 = FACE_BOUND('',#9807,.F.);
#9807 = EDGE_LOOP('',(#9808));
#9808 = ORIENTED_EDGE('',*,*,#9809,.T.);
#9809 = EDGE_CURVE('',#9810,#9810,#9812,.T.);
#9810 = VERTEX_POINT('',#9811);
#9811 = CARTESIAN_POINT('',(120.375,-130.5,0.));
#9812 = CIRCLE('',#9813,1.);
#9813 = AXIS2_PLACEMENT_3D('',#9814,#9815,#9816);
#9814 = CARTESIAN_POINT('',(120.375,-129.5,0.));
#9815 = DIRECTION('',(-0.,0.,-1.));
#9816 = DIRECTION('',(-0.,-1.,0.));
#9817 = FACE_BOUND('',#9818,.F.);
#9818 = EDGE_LOOP('',(#9819));
#9819 = ORIENTED_EDGE('',*,*,#9820,.T.);
#9820 = EDGE_CURVE('',#9821,#9821,#9823,.T.);
#9821 = VERTEX_POINT('',#9822);
#9822 = CARTESIAN_POINT('',(134.375,-141.5,0.));
#9823 = CIRCLE('',#9824,1.);
#9824 = AXIS2_PLACEMENT_3D('',#9825,#9826,#9827);
#9825 = CARTESIAN_POINT('',(134.375,-140.5,0.));
#9826 = DIRECTION('',(-0.,0.,-1.));
#9827 = DIRECTION('',(-0.,-1.,0.));
#9828 = FACE_BOUND('',#9829,.F.);
#9829 = EDGE_LOOP('',(#9830));
#9830 = ORIENTED_EDGE('',*,*,#9831,.T.);
#9831 = EDGE_CURVE('',#9832,#9832,#9834,.T.);
#9832 = VERTEX_POINT('',#9833);
#9833 = CARTESIAN_POINT('',(135.325,-138.16,0.));
#9834 = CIRCLE('',#9835,0.7);
#9835 = AXIS2_PLACEMENT_3D('',#9836,#9837,#9838);
#9836 = CARTESIAN_POINT('',(135.325,-137.46,0.));
#9837 = DIRECTION('',(-0.,0.,-1.));
#9838 = DIRECTION('',(-0.,-1.,0.));
#9839 = FACE_BOUND('',#9840,.F.);
#9840 = EDGE_LOOP('',(#9841));
#9841 = ORIENTED_EDGE('',*,*,#9842,.T.);
#9842 = EDGE_CURVE('',#9843,#9843,#9845,.T.);
#9843 = VERTEX_POINT('',#9844);
#9844 = CARTESIAN_POINT('',(139.355,-138.16,0.));
#9845 = CIRCLE('',#9846,0.7);
#9846 = AXIS2_PLACEMENT_3D('',#9847,#9848,#9849);
#9847 = CARTESIAN_POINT('',(139.355,-137.46,0.));
#9848 = DIRECTION('',(-0.,0.,-1.));
#9849 = DIRECTION('',(-4.060244204344E-14,-1.,0.));
#9850 = FACE_BOUND('',#9851,.F.);
#9851 = EDGE_LOOP('',(#9852));
#9852 = ORIENTED_EDGE('',*,*,#9853,.T.);
#9853 = EDGE_CURVE('',#9854,#9854,#9856,.T.);
#9854 = VERTEX_POINT('',#9855);
#9855 = CARTESIAN_POINT('',(141.895,-138.16,0.));
#9856 = CIRCLE('',#9857,0.7);
#9857 = AXIS2_PLACEMENT_3D('',#9858,#9859,#9860);
#9858 = CARTESIAN_POINT('',(141.895,-137.46,0.));
#9859 = DIRECTION('',(-0.,0.,-1.));
#9860 = DIRECTION('',(4.060244204343E-14,-1.,-0.));
#9861 = FACE_BOUND('',#9862,.F.);
#9862 = EDGE_LOOP('',(#9863));
#9863 = ORIENTED_EDGE('',*,*,#9864,.T.);
#9864 = EDGE_CURVE('',#9865,#9865,#9867,.T.);
#9865 = VERTEX_POINT('',#9866);
#9866 = CARTESIAN_POINT('',(134.625,-133.16,0.));
#9867 = CIRCLE('',#9868,0.7);
#9868 = AXIS2_PLACEMENT_3D('',#9869,#9870,#9871);
#9869 = CARTESIAN_POINT('',(134.625,-132.46,0.));
#9870 = DIRECTION('',(-0.,0.,-1.));
#9871 = DIRECTION('',(-0.,-1.,0.));
#9872 = FACE_BOUND('',#9873,.F.);
#9873 = EDGE_LOOP('',(#9874));
#9874 = ORIENTED_EDGE('',*,*,#9875,.T.);
#9875 = EDGE_CURVE('',#9876,#9876,#9878,.T.);
#9876 = VERTEX_POINT('',#9877);
#9877 = CARTESIAN_POINT('',(134.375,-130.5,0.));
#9878 = CIRCLE('',#9879,1.);
#9879 = AXIS2_PLACEMENT_3D('',#9880,#9881,#9882);
#9880 = CARTESIAN_POINT('',(134.375,-129.5,0.));
#9881 = DIRECTION('',(-0.,0.,-1.));
#9882 = DIRECTION('',(-0.,-1.,0.));
#9883 = FACE_BOUND('',#9884,.F.);
#9884 = EDGE_LOOP('',(#9885));
#9885 = ORIENTED_EDGE('',*,*,#9886,.T.);
#9886 = EDGE_CURVE('',#9887,#9887,#9889,.T.);
#9887 = VERTEX_POINT('',#9888);
#9888 = CARTESIAN_POINT('',(140.625,-133.16,0.));
#9889 = CIRCLE('',#9890,0.7);
#9890 = AXIS2_PLACEMENT_3D('',#9891,#9892,#9893);
#9891 = CARTESIAN_POINT('',(140.625,-132.46,0.));
#9892 = DIRECTION('',(-0.,0.,-1.));
#9893 = DIRECTION('',(-0.,-1.,0.));
#9894 = FACE_BOUND('',#9895,.F.);
#9895 = EDGE_LOOP('',(#9896));
#9896 = ORIENTED_EDGE('',*,*,#9897,.T.);
#9897 = EDGE_CURVE('',#9898,#9898,#9900,.T.);
#9898 = VERTEX_POINT('',#9899);
#9899 = CARTESIAN_POINT('',(146.875,-141.5,0.));
#9900 = CIRCLE('',#9901,1.);
#9901 = AXIS2_PLACEMENT_3D('',#9902,#9903,#9904);
#9902 = CARTESIAN_POINT('',(146.875,-140.5,0.));
#9903 = DIRECTION('',(-0.,0.,-1.));
#9904 = DIRECTION('',(-0.,-1.,0.));
#9905 = FACE_BOUND('',#9906,.F.);
#9906 = EDGE_LOOP('',(#9907));
#9907 = ORIENTED_EDGE('',*,*,#9908,.T.);
#9908 = EDGE_CURVE('',#9909,#9909,#9911,.T.);
#9909 = VERTEX_POINT('',#9910);
#9910 = CARTESIAN_POINT('',(146.625,-138.16,0.));
#9911 = CIRCLE('',#9912,0.7);
#9912 = AXIS2_PLACEMENT_3D('',#9913,#9914,#9915);
#9913 = CARTESIAN_POINT('',(146.625,-137.46,0.));
#9914 = DIRECTION('',(-0.,0.,-1.));
#9915 = DIRECTION('',(-0.,-1.,0.));
#9916 = FACE_BOUND('',#9917,.F.);
#9917 = EDGE_LOOP('',(#9918));
#9918 = ORIENTED_EDGE('',*,*,#9919,.T.);
#9919 = EDGE_CURVE('',#9920,#9920,#9922,.T.);
#9920 = VERTEX_POINT('',#9921);
#9921 = CARTESIAN_POINT('',(145.925,-133.16,0.));
#9922 = CIRCLE('',#9923,0.7);
#9923 = AXIS2_PLACEMENT_3D('',#9924,#9925,#9926);
#9924 = CARTESIAN_POINT('',(145.925,-132.46,0.));
#9925 = DIRECTION('',(-0.,0.,-1.));
#9926 = DIRECTION('',(-0.,-1.,0.));
#9927 = FACE_BOUND('',#9928,.F.);
#9928 = EDGE_LOOP('',(#9929));
#9929 = ORIENTED_EDGE('',*,*,#9930,.T.);
#9930 = EDGE_CURVE('',#9931,#9931,#9933,.T.);
#9931 = VERTEX_POINT('',#9932);
#9932 = CARTESIAN_POINT('',(146.875,-130.5,0.));
#9933 = CIRCLE('',#9934,1.);
#9934 = AXIS2_PLACEMENT_3D('',#9935,#9936,#9937);
#9935 = CARTESIAN_POINT('',(146.875,-129.5,0.));
#9936 = DIRECTION('',(-0.,0.,-1.));
#9937 = DIRECTION('',(-0.,-1.,0.));
#9938 = FACE_BOUND('',#9939,.F.);
#9939 = EDGE_LOOP('',(#9940));
#9940 = ORIENTED_EDGE('',*,*,#9941,.T.);
#9941 = EDGE_CURVE('',#9942,#9942,#9944,.T.);
#9942 = VERTEX_POINT('',#9943);
#9943 = CARTESIAN_POINT('',(173.499989,-193.5193,0.));
#9944 = CIRCLE('',#9945,2.0193);
#9945 = AXIS2_PLACEMENT_3D('',#9946,#9947,#9948);
#9946 = CARTESIAN_POINT('',(173.499989,-191.5,0.));
#9947 = DIRECTION('',(-0.,0.,-1.));
#9948 = DIRECTION('',(-0.,-1.,0.));
#9949 = FACE_BOUND('',#9950,.F.);
#9950 = EDGE_LOOP('',(#9951));
#9951 = ORIENTED_EDGE('',*,*,#9952,.T.);
#9952 = EDGE_CURVE('',#9953,#9953,#9955,.T.);
#9953 = VERTEX_POINT('',#9954);
#9954 = CARTESIAN_POINT('',(180.49999,-193.314701,0.));
#9955 = CIRCLE('',#9956,0.7747);
#9956 = AXIS2_PLACEMENT_3D('',#9957,#9958,#9959);
#9957 = CARTESIAN_POINT('',(180.49999,-192.540001,0.));
#9958 = DIRECTION('',(-0.,0.,-1.));
#9959 = DIRECTION('',(-0.,-1.,0.));
#9960 = FACE_BOUND('',#9961,.F.);
#9961 = EDGE_LOOP('',(#9962));
#9962 = ORIENTED_EDGE('',*,*,#9963,.T.);
#9963 = EDGE_CURVE('',#9964,#9964,#9966,.T.);
#9964 = VERTEX_POINT('',#9965);
#9965 = CARTESIAN_POINT('',(180.49999,-189.814699,0.));
#9966 = CIRCLE('',#9967,0.7747);
#9967 = AXIS2_PLACEMENT_3D('',#9968,#9969,#9970);
#9968 = CARTESIAN_POINT('',(180.49999,-189.039999,0.));
#9969 = DIRECTION('',(-0.,0.,-1.));
#9970 = DIRECTION('',(-0.,-1.,0.));
#9971 = FACE_BOUND('',#9972,.F.);
#9972 = EDGE_LOOP('',(#9973));
#9973 = ORIENTED_EDGE('',*,*,#9974,.T.);
#9974 = EDGE_CURVE('',#9975,#9975,#9977,.T.);
#9975 = VERTEX_POINT('',#9976);
#9976 = CARTESIAN_POINT('',(183.999991,-193.314701,0.));
#9977 = CIRCLE('',#9978,0.7747);
#9978 = AXIS2_PLACEMENT_3D('',#9979,#9980,#9981);
#9979 = CARTESIAN_POINT('',(183.999991,-192.540001,0.));
#9980 = DIRECTION('',(-0.,0.,-1.));
#9981 = DIRECTION('',(-0.,-1.,0.));
#9982 = FACE_BOUND('',#9983,.F.);
#9983 = EDGE_LOOP('',(#9984));
#9984 = ORIENTED_EDGE('',*,*,#9985,.T.);
#9985 = EDGE_CURVE('',#9986,#9986,#9988,.T.);
#9986 = VERTEX_POINT('',#9987);
#9987 = CARTESIAN_POINT('',(187.499992,-193.314701,0.));
#9988 = CIRCLE('',#9989,0.7747);
#9989 = AXIS2_PLACEMENT_3D('',#9990,#9991,#9992);
#9990 = CARTESIAN_POINT('',(187.499992,-192.540001,0.));
#9991 = DIRECTION('',(-0.,0.,-1.));
#9992 = DIRECTION('',(-0.,-1.,0.));
#9993 = FACE_BOUND('',#9994,.F.);
#9994 = EDGE_LOOP('',(#9995));
#9995 = ORIENTED_EDGE('',*,*,#9996,.T.);
#9996 = EDGE_CURVE('',#9997,#9997,#9999,.T.);
#9997 = VERTEX_POINT('',#9998);
#9998 = CARTESIAN_POINT('',(190.999992,-193.314701,0.));
#9999 = CIRCLE('',#10000,0.7747);
#10000 = AXIS2_PLACEMENT_3D('',#10001,#10002,#10003);
#10001 = CARTESIAN_POINT('',(190.999992,-192.540001,0.));
#10002 = DIRECTION('',(-0.,0.,-1.));
#10003 = DIRECTION('',(-0.,-1.,0.));
#10004 = FACE_BOUND('',#10005,.F.);
#10005 = EDGE_LOOP('',(#10006));
#10006 = ORIENTED_EDGE('',*,*,#10007,.T.);
#10007 = EDGE_CURVE('',#10008,#10008,#10010,.T.);
#10008 = VERTEX_POINT('',#10009);
#10009 = CARTESIAN_POINT('',(183.999991,-189.814699,0.));
#10010 = CIRCLE('',#10011,0.7747);
#10011 = AXIS2_PLACEMENT_3D('',#10012,#10013,#10014);
#10012 = CARTESIAN_POINT('',(183.999991,-189.039999,0.));
#10013 = DIRECTION('',(-0.,0.,-1.));
#10014 = DIRECTION('',(-0.,-1.,0.));
#10015 = FACE_BOUND('',#10016,.F.);
#10016 = EDGE_LOOP('',(#10017));
#10017 = ORIENTED_EDGE('',*,*,#10018,.T.);
#10018 = EDGE_CURVE('',#10019,#10019,#10021,.T.);
#10019 = VERTEX_POINT('',#10020);
#10020 = CARTESIAN_POINT('',(187.499992,-189.814699,0.));
#10021 = CIRCLE('',#10022,0.7747);
#10022 = AXIS2_PLACEMENT_3D('',#10023,#10024,#10025);
#10023 = CARTESIAN_POINT('',(187.499992,-189.039999,0.));
#10024 = DIRECTION('',(-0.,0.,-1.));
#10025 = DIRECTION('',(-0.,-1.,0.));
#10026 = FACE_BOUND('',#10027,.F.);
#10027 = EDGE_LOOP('',(#10028));
#10028 = ORIENTED_EDGE('',*,*,#10029,.T.);
#10029 = EDGE_CURVE('',#10030,#10030,#10032,.T.);
#10030 = VERTEX_POINT('',#10031);
#10031 = CARTESIAN_POINT('',(190.999992,-189.814699,0.));
#10032 = CIRCLE('',#10033,0.7747);
#10033 = AXIS2_PLACEMENT_3D('',#10034,#10035,#10036);
#10034 = CARTESIAN_POINT('',(190.999992,-189.039999,0.));
#10035 = DIRECTION('',(-0.,0.,-1.));
#10036 = DIRECTION('',(-0.,-1.,0.));
#10037 = FACE_BOUND('',#10038,.F.);
#10038 = EDGE_LOOP('',(#10039));
#10039 = ORIENTED_EDGE('',*,*,#10040,.T.);
#10040 = EDGE_CURVE('',#10041,#10041,#10043,.T.);
#10041 = VERTEX_POINT('',#10042);
#10042 = CARTESIAN_POINT('',(194.499993,-193.314701,0.));
#10043 = CIRCLE('',#10044,0.7747);
#10044 = AXIS2_PLACEMENT_3D('',#10045,#10046,#10047);
#10045 = CARTESIAN_POINT('',(194.499993,-192.540001,0.));
#10046 = DIRECTION('',(-0.,0.,-1.));
#10047 = DIRECTION('',(-3.668737502311E-14,-1.,0.));
#10048 = FACE_BOUND('',#10049,.F.);
#10049 = EDGE_LOOP('',(#10050));
#10050 = ORIENTED_EDGE('',*,*,#10051,.T.);
#10051 = EDGE_CURVE('',#10052,#10052,#10054,.T.);
#10052 = VERTEX_POINT('',#10053);
#10053 = CARTESIAN_POINT('',(197.999994,-193.314701,0.));
#10054 = CIRCLE('',#10055,0.7747);
#10055 = AXIS2_PLACEMENT_3D('',#10056,#10057,#10058);
#10056 = CARTESIAN_POINT('',(197.999994,-192.540001,0.));
#10057 = DIRECTION('',(-0.,0.,-1.));
#10058 = DIRECTION('',(-3.668737502311E-14,-1.,0.));
#10059 = FACE_BOUND('',#10060,.F.);
#10060 = EDGE_LOOP('',(#10061));
#10061 = ORIENTED_EDGE('',*,*,#10062,.T.);
#10062 = EDGE_CURVE('',#10063,#10063,#10065,.T.);
#10063 = VERTEX_POINT('',#10064);
#10064 = CARTESIAN_POINT('',(201.499994,-193.314701,0.));
#10065 = CIRCLE('',#10066,0.7747);
#10066 = AXIS2_PLACEMENT_3D('',#10067,#10068,#10069);
#10067 = CARTESIAN_POINT('',(201.499994,-192.540001,0.));
#10068 = DIRECTION('',(-0.,0.,-1.));
#10069 = DIRECTION('',(-3.668737502311E-14,-1.,0.));
#10070 = FACE_BOUND('',#10071,.F.);
#10071 = EDGE_LOOP('',(#10072));
#10072 = ORIENTED_EDGE('',*,*,#10073,.T.);
#10073 = EDGE_CURVE('',#10074,#10074,#10076,.T.);
#10074 = VERTEX_POINT('',#10075);
#10075 = CARTESIAN_POINT('',(204.999997,-193.314701,0.));
#10076 = CIRCLE('',#10077,0.7747);
#10077 = AXIS2_PLACEMENT_3D('',#10078,#10079,#10080);
#10078 = CARTESIAN_POINT('',(204.999997,-192.540001,0.));
#10079 = DIRECTION('',(-0.,0.,-1.));
#10080 = DIRECTION('',(-0.,-1.,0.));
#10081 = FACE_BOUND('',#10082,.F.);
#10082 = EDGE_LOOP('',(#10083));
#10083 = ORIENTED_EDGE('',*,*,#10084,.T.);
#10084 = EDGE_CURVE('',#10085,#10085,#10087,.T.);
#10085 = VERTEX_POINT('',#10086);
#10086 = CARTESIAN_POINT('',(194.499993,-189.814699,0.));
#10087 = CIRCLE('',#10088,0.7747);
#10088 = AXIS2_PLACEMENT_3D('',#10089,#10090,#10091);
#10089 = CARTESIAN_POINT('',(194.499993,-189.039999,0.));
#10090 = DIRECTION('',(-0.,0.,-1.));
#10091 = DIRECTION('',(-3.668737502311E-14,-1.,0.));
#10092 = FACE_BOUND('',#10093,.F.);
#10093 = EDGE_LOOP('',(#10094));
#10094 = ORIENTED_EDGE('',*,*,#10095,.T.);
#10095 = EDGE_CURVE('',#10096,#10096,#10098,.T.);
#10096 = VERTEX_POINT('',#10097);
#10097 = CARTESIAN_POINT('',(197.999994,-189.814699,0.));
#10098 = CIRCLE('',#10099,0.7747);
#10099 = AXIS2_PLACEMENT_3D('',#10100,#10101,#10102);
#10100 = CARTESIAN_POINT('',(197.999994,-189.039999,0.));
#10101 = DIRECTION('',(-0.,0.,-1.));
#10102 = DIRECTION('',(-3.668737502311E-14,-1.,0.));
#10103 = FACE_BOUND('',#10104,.F.);
#10104 = EDGE_LOOP('',(#10105));
#10105 = ORIENTED_EDGE('',*,*,#10106,.T.);
#10106 = EDGE_CURVE('',#10107,#10107,#10109,.T.);
#10107 = VERTEX_POINT('',#10108);
#10108 = CARTESIAN_POINT('',(201.499994,-189.814699,0.));
#10109 = CIRCLE('',#10110,0.7747);
#10110 = AXIS2_PLACEMENT_3D('',#10111,#10112,#10113);
#10111 = CARTESIAN_POINT('',(201.499994,-189.039999,0.));
#10112 = DIRECTION('',(-0.,0.,-1.));
#10113 = DIRECTION('',(-3.668737502311E-14,-1.,0.));
#10114 = FACE_BOUND('',#10115,.F.);
#10115 = EDGE_LOOP('',(#10116));
#10116 = ORIENTED_EDGE('',*,*,#10117,.T.);
#10117 = EDGE_CURVE('',#10118,#10118,#10120,.T.);
#10118 = VERTEX_POINT('',#10119);
#10119 = CARTESIAN_POINT('',(204.999997,-189.814699,0.));
#10120 = CIRCLE('',#10121,0.7747);
#10121 = AXIS2_PLACEMENT_3D('',#10122,#10123,#10124);
#10122 = CARTESIAN_POINT('',(204.999997,-189.039999,0.));
#10123 = DIRECTION('',(-0.,0.,-1.));
#10124 = DIRECTION('',(-0.,-1.,0.));
#10125 = FACE_BOUND('',#10126,.F.);
#10126 = EDGE_LOOP('',(#10127));
#10127 = ORIENTED_EDGE('',*,*,#10128,.T.);
#10128 = EDGE_CURVE('',#10129,#10129,#10131,.T.);
#10129 = VERTEX_POINT('',#10130);
#10130 = CARTESIAN_POINT('',(208.499998,-193.314701,0.));
#10131 = CIRCLE('',#10132,0.7747);
#10132 = AXIS2_PLACEMENT_3D('',#10133,#10134,#10135);
#10133 = CARTESIAN_POINT('',(208.499998,-192.540001,0.));
#10134 = DIRECTION('',(-0.,0.,-1.));
#10135 = DIRECTION('',(-0.,-1.,0.));
#10136 = FACE_BOUND('',#10137,.F.);
#10137 = EDGE_LOOP('',(#10138));
#10138 = ORIENTED_EDGE('',*,*,#10139,.T.);
#10139 = EDGE_CURVE('',#10140,#10140,#10142,.T.);
#10140 = VERTEX_POINT('',#10141);
#10141 = CARTESIAN_POINT('',(211.999999,-193.314701,0.));
#10142 = CIRCLE('',#10143,0.7747);
#10143 = AXIS2_PLACEMENT_3D('',#10144,#10145,#10146);
#10144 = CARTESIAN_POINT('',(211.999999,-192.540001,0.));
#10145 = DIRECTION('',(-0.,0.,-1.));
#10146 = DIRECTION('',(-0.,-1.,0.));
#10147 = FACE_BOUND('',#10148,.F.);
#10148 = EDGE_LOOP('',(#10149));
#10149 = ORIENTED_EDGE('',*,*,#10150,.T.);
#10150 = EDGE_CURVE('',#10151,#10151,#10153,.T.);
#10151 = VERTEX_POINT('',#10152);
#10152 = CARTESIAN_POINT('',(208.499998,-189.814699,0.));
#10153 = CIRCLE('',#10154,0.7747);
#10154 = AXIS2_PLACEMENT_3D('',#10155,#10156,#10157);
#10155 = CARTESIAN_POINT('',(208.499998,-189.039999,0.));
#10156 = DIRECTION('',(-0.,0.,-1.));
#10157 = DIRECTION('',(-0.,-1.,0.));
#10158 = FACE_BOUND('',#10159,.F.);
#10159 = EDGE_LOOP('',(#10160));
#10160 = ORIENTED_EDGE('',*,*,#10161,.T.);
#10161 = EDGE_CURVE('',#10162,#10162,#10164,.T.);
#10162 = VERTEX_POINT('',#10163);
#10163 = CARTESIAN_POINT('',(211.999999,-189.814699,0.));
#10164 = CIRCLE('',#10165,0.7747);
#10165 = AXIS2_PLACEMENT_3D('',#10166,#10167,#10168);
#10166 = CARTESIAN_POINT('',(211.999999,-189.039999,0.));
#10167 = DIRECTION('',(-0.,0.,-1.));
#10168 = DIRECTION('',(-0.,-1.,0.));
#10169 = FACE_BOUND('',#10170,.F.);
#10170 = EDGE_LOOP('',(#10171));
#10171 = ORIENTED_EDGE('',*,*,#10172,.T.);
#10172 = EDGE_CURVE('',#10173,#10173,#10175,.T.);
#10173 = VERTEX_POINT('',#10174);
#10174 = CARTESIAN_POINT('',(219.,-193.5193,0.));
#10175 = CIRCLE('',#10176,2.0193);
#10176 = AXIS2_PLACEMENT_3D('',#10177,#10178,#10179);
#10177 = CARTESIAN_POINT('',(219.,-191.5,0.));
#10178 = DIRECTION('',(-0.,0.,-1.));
#10179 = DIRECTION('',(-0.,-1.,0.));
#10180 = FACE_BOUND('',#10181,.F.);
#10181 = EDGE_LOOP('',(#10182));
#10182 = ORIENTED_EDGE('',*,*,#10183,.T.);
#10183 = EDGE_CURVE('',#10184,#10184,#10186,.T.);
#10184 = VERTEX_POINT('',#10185);
#10185 = CARTESIAN_POINT('',(241.073952,-192.6985,0.));
#10186 = CIRCLE('',#10187,0.6985);
#10187 = AXIS2_PLACEMENT_3D('',#10188,#10189,#10190);
#10188 = CARTESIAN_POINT('',(241.073952,-192.,0.));
#10189 = DIRECTION('',(-0.,0.,-1.));
#10190 = DIRECTION('',(-0.,-1.,0.));
#10191 = FACE_BOUND('',#10192,.F.);
#10192 = EDGE_LOOP('',(#10193));
#10193 = ORIENTED_EDGE('',*,*,#10194,.T.);
#10194 = EDGE_CURVE('',#10195,#10195,#10197,.T.);
#10195 = VERTEX_POINT('',#10196);
#10196 = CARTESIAN_POINT('',(244.573953,-192.6985,0.));
#10197 = CIRCLE('',#10198,0.6985);
#10198 = AXIS2_PLACEMENT_3D('',#10199,#10200,#10201);
#10199 = CARTESIAN_POINT('',(244.573953,-192.,0.));
#10200 = DIRECTION('',(-0.,0.,-1.));
#10201 = DIRECTION('',(-4.068963411654E-14,-1.,0.));
#10202 = FACE_BOUND('',#10203,.F.);
#10203 = EDGE_LOOP('',(#10204));
#10204 = ORIENTED_EDGE('',*,*,#10205,.T.);
#10205 = EDGE_CURVE('',#10206,#10206,#10208,.T.);
#10206 = VERTEX_POINT('',#10207);
#10207 = CARTESIAN_POINT('',(248.073953,-192.6985,0.));
#10208 = CIRCLE('',#10209,0.6985);
#10209 = AXIS2_PLACEMENT_3D('',#10210,#10211,#10212);
#10210 = CARTESIAN_POINT('',(248.073953,-192.,0.));
#10211 = DIRECTION('',(-0.,0.,-1.));
#10212 = DIRECTION('',(-4.068963411654E-14,-1.,0.));
#10213 = FACE_BOUND('',#10214,.F.);
#10214 = EDGE_LOOP('',(#10215));
#10215 = ORIENTED_EDGE('',*,*,#10216,.T.);
#10216 = EDGE_CURVE('',#10217,#10217,#10219,.T.);
#10217 = VERTEX_POINT('',#10218);
#10218 = CARTESIAN_POINT('',(251.573954,-192.6985,0.));
#10219 = CIRCLE('',#10220,0.6985);
#10220 = AXIS2_PLACEMENT_3D('',#10221,#10222,#10223);
#10221 = CARTESIAN_POINT('',(251.573954,-192.,0.));
#10222 = DIRECTION('',(-0.,0.,-1.));
#10223 = DIRECTION('',(-4.068963411654E-14,-1.,0.));
#10224 = FACE_BOUND('',#10225,.F.);
#10225 = EDGE_LOOP('',(#10226));
#10226 = ORIENTED_EDGE('',*,*,#10227,.T.);
#10227 = EDGE_CURVE('',#10228,#10228,#10230,.T.);
#10228 = VERTEX_POINT('',#10229);
#10229 = CARTESIAN_POINT('',(264.,-195.25,0.));
#10230 = CIRCLE('',#10231,2.25);
#10231 = AXIS2_PLACEMENT_3D('',#10232,#10233,#10234);
#10232 = CARTESIAN_POINT('',(264.,-193.,0.));
#10233 = DIRECTION('',(-0.,0.,-1.));
#10234 = DIRECTION('',(-0.,-1.,0.));
#10235 = FACE_BOUND('',#10236,.F.);
#10236 = EDGE_LOOP('',(#10237));
#10237 = ORIENTED_EDGE('',*,*,#10238,.T.);
#10238 = EDGE_CURVE('',#10239,#10239,#10241,.T.);
#10239 = VERTEX_POINT('',#10240);
#10240 = CARTESIAN_POINT('',(247.96,-181.5334,0.));
#10241 = CIRCLE('',#10242,0.5334);
#10242 = AXIS2_PLACEMENT_3D('',#10243,#10244,#10245);
#10243 = CARTESIAN_POINT('',(247.96,-181.,0.));
#10244 = DIRECTION('',(-0.,0.,-1.));
#10245 = DIRECTION('',(-0.,-1.,0.));
#10246 = FACE_BOUND('',#10247,.F.);
#10247 = EDGE_LOOP('',(#10248));
#10248 = ORIENTED_EDGE('',*,*,#10249,.T.);
#10249 = EDGE_CURVE('',#10250,#10250,#10252,.T.);
#10250 = VERTEX_POINT('',#10251);
#10251 = CARTESIAN_POINT('',(250.5,-181.5334,0.));
#10252 = CIRCLE('',#10253,0.5334);
#10253 = AXIS2_PLACEMENT_3D('',#10254,#10255,#10256);
#10254 = CARTESIAN_POINT('',(250.5,-181.,0.));
#10255 = DIRECTION('',(-0.,0.,-1.));
#10256 = DIRECTION('',(-0.,-1.,0.));
#10257 = FACE_BOUND('',#10258,.F.);
#10258 = EDGE_LOOP('',(#10259));
#10259 = ORIENTED_EDGE('',*,*,#10260,.T.);
#10260 = EDGE_CURVE('',#10261,#10261,#10263,.T.);
#10261 = VERTEX_POINT('',#10262);
#10262 = CARTESIAN_POINT('',(242.19,-176.3053,0.));
#10263 = CIRCLE('',#10264,0.4953);
#10264 = AXIS2_PLACEMENT_3D('',#10265,#10266,#10267);
#10265 = CARTESIAN_POINT('',(242.19,-175.81,0.));
#10266 = DIRECTION('',(-0.,0.,-1.));
#10267 = DIRECTION('',(-0.,-1.,0.));
#10268 = FACE_BOUND('',#10269,.F.);
#10269 = EDGE_LOOP('',(#10270));
#10270 = ORIENTED_EDGE('',*,*,#10271,.T.);
#10271 = EDGE_CURVE('',#10272,#10272,#10274,.T.);
#10272 = VERTEX_POINT('',#10273);
#10273 = CARTESIAN_POINT('',(244.73,-176.3053,0.));
#10274 = CIRCLE('',#10275,0.4953);
#10275 = AXIS2_PLACEMENT_3D('',#10276,#10277,#10278);
#10276 = CARTESIAN_POINT('',(244.73,-175.81,0.));
#10277 = DIRECTION('',(-0.,0.,-1.));
#10278 = DIRECTION('',(-5.738281734385E-14,-1.,0.));
#10279 = FACE_BOUND('',#10280,.F.);
#10280 = EDGE_LOOP('',(#10281));
#10281 = ORIENTED_EDGE('',*,*,#10282,.T.);
#10282 = EDGE_CURVE('',#10283,#10283,#10285,.T.);
#10283 = VERTEX_POINT('',#10284);
#10284 = CARTESIAN_POINT('',(247.27,-176.3053,0.));
#10285 = CIRCLE('',#10286,0.4953);
#10286 = AXIS2_PLACEMENT_3D('',#10287,#10288,#10289);
#10287 = CARTESIAN_POINT('',(247.27,-175.81,0.));
#10288 = DIRECTION('',(-0.,0.,-1.));
#10289 = DIRECTION('',(5.738281734384E-14,-1.,-0.));
#10290 = FACE_BOUND('',#10291,.F.);
#10291 = EDGE_LOOP('',(#10292));
#10292 = ORIENTED_EDGE('',*,*,#10293,.T.);
#10293 = EDGE_CURVE('',#10294,#10294,#10296,.T.);
#10294 = VERTEX_POINT('',#10295);
#10295 = CARTESIAN_POINT('',(249.81,-176.3053,0.));
#10296 = CIRCLE('',#10297,0.4953);
#10297 = AXIS2_PLACEMENT_3D('',#10298,#10299,#10300);
#10298 = CARTESIAN_POINT('',(249.81,-175.81,0.));
#10299 = DIRECTION('',(-0.,0.,-1.));
#10300 = DIRECTION('',(-0.,-1.,0.));
#10301 = FACE_BOUND('',#10302,.F.);
#10302 = EDGE_LOOP('',(#10303));
#10303 = ORIENTED_EDGE('',*,*,#10304,.T.);
#10304 = EDGE_CURVE('',#10305,#10305,#10307,.T.);
#10305 = VERTEX_POINT('',#10306);
#10306 = CARTESIAN_POINT('',(242.19,-168.6853,0.));
#10307 = CIRCLE('',#10308,0.4953);
#10308 = AXIS2_PLACEMENT_3D('',#10309,#10310,#10311);
#10309 = CARTESIAN_POINT('',(242.19,-168.19,0.));
#10310 = DIRECTION('',(-0.,0.,-1.));
#10311 = DIRECTION('',(-0.,-1.,0.));
#10312 = FACE_BOUND('',#10313,.F.);
#10313 = EDGE_LOOP('',(#10314));
#10314 = ORIENTED_EDGE('',*,*,#10315,.T.);
#10315 = EDGE_CURVE('',#10316,#10316,#10318,.T.);
#10316 = VERTEX_POINT('',#10317);
#10317 = CARTESIAN_POINT('',(244.73,-168.6853,0.));
#10318 = CIRCLE('',#10319,0.4953);
#10319 = AXIS2_PLACEMENT_3D('',#10320,#10321,#10322);
#10320 = CARTESIAN_POINT('',(244.73,-168.19,0.));
#10321 = DIRECTION('',(-0.,0.,-1.));
#10322 = DIRECTION('',(-5.738281734385E-14,-1.,0.));
#10323 = FACE_BOUND('',#10324,.F.);
#10324 = EDGE_LOOP('',(#10325));
#10325 = ORIENTED_EDGE('',*,*,#10326,.T.);
#10326 = EDGE_CURVE('',#10327,#10327,#10329,.T.);
#10327 = VERTEX_POINT('',#10328);
#10328 = CARTESIAN_POINT('',(247.27,-168.6853,0.));
#10329 = CIRCLE('',#10330,0.4953);
#10330 = AXIS2_PLACEMENT_3D('',#10331,#10332,#10333);
#10331 = CARTESIAN_POINT('',(247.27,-168.19,0.));
#10332 = DIRECTION('',(-0.,0.,-1.));
#10333 = DIRECTION('',(5.738281734384E-14,-1.,-0.));
#10334 = FACE_BOUND('',#10335,.F.);
#10335 = EDGE_LOOP('',(#10336));
#10336 = ORIENTED_EDGE('',*,*,#10337,.T.);
#10337 = EDGE_CURVE('',#10338,#10338,#10340,.T.);
#10338 = VERTEX_POINT('',#10339);
#10339 = CARTESIAN_POINT('',(249.81,-168.6853,0.));
#10340 = CIRCLE('',#10341,0.4953);
#10341 = AXIS2_PLACEMENT_3D('',#10342,#10343,#10344);
#10342 = CARTESIAN_POINT('',(249.81,-168.19,0.));
#10343 = DIRECTION('',(-0.,0.,-1.));
#10344 = DIRECTION('',(-0.,-1.,0.));
#10345 = FACE_BOUND('',#10346,.F.);
#10346 = EDGE_LOOP('',(#10347));
#10347 = ORIENTED_EDGE('',*,*,#10348,.T.);
#10348 = EDGE_CURVE('',#10349,#10349,#10351,.T.);
#10349 = VERTEX_POINT('',#10350);
#10350 = CARTESIAN_POINT('',(181.47,-140.388,0.));
#10351 = CIRCLE('',#10352,0.508);
#10352 = AXIS2_PLACEMENT_3D('',#10353,#10354,#10355);
#10353 = CARTESIAN_POINT('',(181.47,-139.88,0.));
#10354 = DIRECTION('',(-0.,0.,-1.));
#10355 = DIRECTION('',(-0.,-1.,0.));
#10356 = FACE_BOUND('',#10357,.F.);
#10357 = EDGE_LOOP('',(#10358));
#10358 = ORIENTED_EDGE('',*,*,#10359,.T.);
#10359 = EDGE_CURVE('',#10360,#10360,#10362,.T.);
#10360 = VERTEX_POINT('',#10361);
#10361 = CARTESIAN_POINT('',(181.47,-137.848,0.));
#10362 = CIRCLE('',#10363,0.508);
#10363 = AXIS2_PLACEMENT_3D('',#10364,#10365,#10366);
#10364 = CARTESIAN_POINT('',(181.47,-137.34,0.));
#10365 = DIRECTION('',(-0.,0.,-1.));
#10366 = DIRECTION('',(-0.,-1.,0.));
#10367 = FACE_BOUND('',#10368,.F.);
#10368 = EDGE_LOOP('',(#10369));
#10369 = ORIENTED_EDGE('',*,*,#10370,.T.);
#10370 = EDGE_CURVE('',#10371,#10371,#10373,.T.);
#10371 = VERTEX_POINT('',#10372);
#10372 = CARTESIAN_POINT('',(184.01,-140.388,0.));
#10373 = CIRCLE('',#10374,0.508);
#10374 = AXIS2_PLACEMENT_3D('',#10375,#10376,#10377);
#10375 = CARTESIAN_POINT('',(184.01,-139.88,0.));
#10376 = DIRECTION('',(-0.,0.,-1.));
#10377 = DIRECTION('',(-0.,-1.,0.));
#10378 = FACE_BOUND('',#10379,.F.);
#10379 = EDGE_LOOP('',(#10380));
#10380 = ORIENTED_EDGE('',*,*,#10381,.T.);
#10381 = EDGE_CURVE('',#10382,#10382,#10384,.T.);
#10382 = VERTEX_POINT('',#10383);
#10383 = CARTESIAN_POINT('',(186.55,-140.388,0.));
#10384 = CIRCLE('',#10385,0.508);
#10385 = AXIS2_PLACEMENT_3D('',#10386,#10387,#10388);
#10386 = CARTESIAN_POINT('',(186.55,-139.88,0.));
#10387 = DIRECTION('',(-0.,0.,-1.));
#10388 = DIRECTION('',(-0.,-1.,0.));
#10389 = FACE_BOUND('',#10390,.F.);
#10390 = EDGE_LOOP('',(#10391));
#10391 = ORIENTED_EDGE('',*,*,#10392,.T.);
#10392 = EDGE_CURVE('',#10393,#10393,#10395,.T.);
#10393 = VERTEX_POINT('',#10394);
#10394 = CARTESIAN_POINT('',(184.01,-137.848,0.));
#10395 = CIRCLE('',#10396,0.508);
#10396 = AXIS2_PLACEMENT_3D('',#10397,#10398,#10399);
#10397 = CARTESIAN_POINT('',(184.01,-137.34,0.));
#10398 = DIRECTION('',(-0.,0.,-1.));
#10399 = DIRECTION('',(-0.,-1.,0.));
#10400 = FACE_BOUND('',#10401,.F.);
#10401 = EDGE_LOOP('',(#10402));
#10402 = ORIENTED_EDGE('',*,*,#10403,.T.);
#10403 = EDGE_CURVE('',#10404,#10404,#10406,.T.);
#10404 = VERTEX_POINT('',#10405);
#10405 = CARTESIAN_POINT('',(186.55,-137.848,0.));
#10406 = CIRCLE('',#10407,0.508);
#10407 = AXIS2_PLACEMENT_3D('',#10408,#10409,#10410);
#10408 = CARTESIAN_POINT('',(186.55,-137.34,0.));
#10409 = DIRECTION('',(-0.,0.,-1.));
#10410 = DIRECTION('',(-0.,-1.,0.));
#10411 = FACE_BOUND('',#10412,.F.);
#10412 = EDGE_LOOP('',(#10413));
#10413 = ORIENTED_EDGE('',*,*,#10414,.T.);
#10414 = EDGE_CURVE('',#10415,#10415,#10417,.T.);
#10415 = VERTEX_POINT('',#10416);
#10416 = CARTESIAN_POINT('',(189.09,-140.388,0.));
#10417 = CIRCLE('',#10418,0.508);
#10418 = AXIS2_PLACEMENT_3D('',#10419,#10420,#10421);
#10419 = CARTESIAN_POINT('',(189.09,-139.88,0.));
#10420 = DIRECTION('',(-0.,0.,-1.));
#10421 = DIRECTION('',(-0.,-1.,0.));
#10422 = FACE_BOUND('',#10423,.F.);
#10423 = EDGE_LOOP('',(#10424));
#10424 = ORIENTED_EDGE('',*,*,#10425,.T.);
#10425 = EDGE_CURVE('',#10426,#10426,#10428,.T.);
#10426 = VERTEX_POINT('',#10427);
#10427 = CARTESIAN_POINT('',(191.63,-140.388,0.));
#10428 = CIRCLE('',#10429,0.508);
#10429 = AXIS2_PLACEMENT_3D('',#10430,#10431,#10432);
#10430 = CARTESIAN_POINT('',(191.63,-139.88,0.));
#10431 = DIRECTION('',(-0.,0.,-1.));
#10432 = DIRECTION('',(-0.,-1.,0.));
#10433 = FACE_BOUND('',#10434,.F.);
#10434 = EDGE_LOOP('',(#10435));
#10435 = ORIENTED_EDGE('',*,*,#10436,.T.);
#10436 = EDGE_CURVE('',#10437,#10437,#10439,.T.);
#10437 = VERTEX_POINT('',#10438);
#10438 = CARTESIAN_POINT('',(189.09,-137.848,0.));
#10439 = CIRCLE('',#10440,0.508);
#10440 = AXIS2_PLACEMENT_3D('',#10441,#10442,#10443);
#10441 = CARTESIAN_POINT('',(189.09,-137.34,0.));
#10442 = DIRECTION('',(-0.,0.,-1.));
#10443 = DIRECTION('',(-0.,-1.,0.));
#10444 = FACE_BOUND('',#10445,.F.);
#10445 = EDGE_LOOP('',(#10446));
#10446 = ORIENTED_EDGE('',*,*,#10447,.T.);
#10447 = EDGE_CURVE('',#10448,#10448,#10450,.T.);
#10448 = VERTEX_POINT('',#10449);
#10449 = CARTESIAN_POINT('',(191.63,-137.848,0.));
#10450 = CIRCLE('',#10451,0.508);
#10451 = AXIS2_PLACEMENT_3D('',#10452,#10453,#10454);
#10452 = CARTESIAN_POINT('',(191.63,-137.34,0.));
#10453 = DIRECTION('',(-0.,0.,-1.));
#10454 = DIRECTION('',(-0.,-1.,0.));
#10455 = FACE_BOUND('',#10456,.F.);
#10456 = EDGE_LOOP('',(#10457));
#10457 = ORIENTED_EDGE('',*,*,#10458,.T.);
#10458 = EDGE_CURVE('',#10459,#10459,#10461,.T.);
#10459 = VERTEX_POINT('',#10460);
#10460 = CARTESIAN_POINT('',(194.17,-140.388,0.));
#10461 = CIRCLE('',#10462,0.508);
#10462 = AXIS2_PLACEMENT_3D('',#10463,#10464,#10465);
#10463 = CARTESIAN_POINT('',(194.17,-139.88,0.));
#10464 = DIRECTION('',(-0.,0.,-1.));
#10465 = DIRECTION('',(-5.594824691025E-14,-1.,0.));
#10466 = FACE_BOUND('',#10467,.F.);
#10467 = EDGE_LOOP('',(#10468));
#10468 = ORIENTED_EDGE('',*,*,#10469,.T.);
#10469 = EDGE_CURVE('',#10470,#10470,#10472,.T.);
#10470 = VERTEX_POINT('',#10471);
#10471 = CARTESIAN_POINT('',(196.71,-140.388,0.));
#10472 = CIRCLE('',#10473,0.508);
#10473 = AXIS2_PLACEMENT_3D('',#10474,#10475,#10476);
#10474 = CARTESIAN_POINT('',(196.71,-139.88,0.));
#10475 = DIRECTION('',(-0.,0.,-1.));
#10476 = DIRECTION('',(5.594824691024E-14,-1.,-0.));
#10477 = FACE_BOUND('',#10478,.F.);
#10478 = EDGE_LOOP('',(#10479));
#10479 = ORIENTED_EDGE('',*,*,#10480,.T.);
#10480 = EDGE_CURVE('',#10481,#10481,#10483,.T.);
#10481 = VERTEX_POINT('',#10482);
#10482 = CARTESIAN_POINT('',(199.25,-140.388,0.));
#10483 = CIRCLE('',#10484,0.508);
#10484 = AXIS2_PLACEMENT_3D('',#10485,#10486,#10487);
#10485 = CARTESIAN_POINT('',(199.25,-139.88,0.));
#10486 = DIRECTION('',(-0.,0.,-1.));
#10487 = DIRECTION('',(-0.,-1.,0.));
#10488 = FACE_BOUND('',#10489,.F.);
#10489 = EDGE_LOOP('',(#10490));
#10490 = ORIENTED_EDGE('',*,*,#10491,.T.);
#10491 = EDGE_CURVE('',#10492,#10492,#10494,.T.);
#10492 = VERTEX_POINT('',#10493);
#10493 = CARTESIAN_POINT('',(194.17,-137.848,0.));
#10494 = CIRCLE('',#10495,0.508);
#10495 = AXIS2_PLACEMENT_3D('',#10496,#10497,#10498);
#10496 = CARTESIAN_POINT('',(194.17,-137.34,0.));
#10497 = DIRECTION('',(-0.,0.,-1.));
#10498 = DIRECTION('',(-5.594824691025E-14,-1.,0.));
#10499 = FACE_BOUND('',#10500,.F.);
#10500 = EDGE_LOOP('',(#10501));
#10501 = ORIENTED_EDGE('',*,*,#10502,.T.);
#10502 = EDGE_CURVE('',#10503,#10503,#10505,.T.);
#10503 = VERTEX_POINT('',#10504);
#10504 = CARTESIAN_POINT('',(196.71,-137.848,0.));
#10505 = CIRCLE('',#10506,0.508);
#10506 = AXIS2_PLACEMENT_3D('',#10507,#10508,#10509);
#10507 = CARTESIAN_POINT('',(196.71,-137.34,0.));
#10508 = DIRECTION('',(-0.,0.,-1.));
#10509 = DIRECTION('',(5.594824691024E-14,-1.,-0.));
#10510 = FACE_BOUND('',#10511,.F.);
#10511 = EDGE_LOOP('',(#10512));
#10512 = ORIENTED_EDGE('',*,*,#10513,.T.);
#10513 = EDGE_CURVE('',#10514,#10514,#10516,.T.);
#10514 = VERTEX_POINT('',#10515);
#10515 = CARTESIAN_POINT('',(199.25,-137.848,0.));
#10516 = CIRCLE('',#10517,0.508);
#10517 = AXIS2_PLACEMENT_3D('',#10518,#10519,#10520);
#10518 = CARTESIAN_POINT('',(199.25,-137.34,0.));
#10519 = DIRECTION('',(-0.,0.,-1.));
#10520 = DIRECTION('',(-0.,-1.,0.));
#10521 = FACE_BOUND('',#10522,.F.);
#10522 = EDGE_LOOP('',(#10523));
#10523 = ORIENTED_EDGE('',*,*,#10524,.T.);
#10524 = EDGE_CURVE('',#10525,#10525,#10527,.T.);
#10525 = VERTEX_POINT('',#10526);
#10526 = CARTESIAN_POINT('',(201.79,-140.388,0.));
#10527 = CIRCLE('',#10528,0.508);
#10528 = AXIS2_PLACEMENT_3D('',#10529,#10530,#10531);
#10529 = CARTESIAN_POINT('',(201.79,-139.88,0.));
#10530 = DIRECTION('',(-0.,0.,-1.));
#10531 = DIRECTION('',(-5.594824691025E-14,-1.,0.));
#10532 = FACE_BOUND('',#10533,.F.);
#10533 = EDGE_LOOP('',(#10534));
#10534 = ORIENTED_EDGE('',*,*,#10535,.T.);
#10535 = EDGE_CURVE('',#10536,#10536,#10538,.T.);
#10536 = VERTEX_POINT('',#10537);
#10537 = CARTESIAN_POINT('',(204.33,-140.388,0.));
#10538 = CIRCLE('',#10539,0.508);
#10539 = AXIS2_PLACEMENT_3D('',#10540,#10541,#10542);
#10540 = CARTESIAN_POINT('',(204.33,-139.88,0.));
#10541 = DIRECTION('',(-0.,0.,-1.));
#10542 = DIRECTION('',(5.594824691024E-14,-1.,-0.));
#10543 = FACE_BOUND('',#10544,.F.);
#10544 = EDGE_LOOP('',(#10545));
#10545 = ORIENTED_EDGE('',*,*,#10546,.T.);
#10546 = EDGE_CURVE('',#10547,#10547,#10549,.T.);
#10547 = VERTEX_POINT('',#10548);
#10548 = CARTESIAN_POINT('',(201.79,-137.848,0.));
#10549 = CIRCLE('',#10550,0.508);
#10550 = AXIS2_PLACEMENT_3D('',#10551,#10552,#10553);
#10551 = CARTESIAN_POINT('',(201.79,-137.34,0.));
#10552 = DIRECTION('',(-0.,0.,-1.));
#10553 = DIRECTION('',(-5.594824691025E-14,-1.,0.));
#10554 = FACE_BOUND('',#10555,.F.);
#10555 = EDGE_LOOP('',(#10556));
#10556 = ORIENTED_EDGE('',*,*,#10557,.T.);
#10557 = EDGE_CURVE('',#10558,#10558,#10560,.T.);
#10558 = VERTEX_POINT('',#10559);
#10559 = CARTESIAN_POINT('',(204.33,-137.848,0.));
#10560 = CIRCLE('',#10561,0.508);
#10561 = AXIS2_PLACEMENT_3D('',#10562,#10563,#10564);
#10562 = CARTESIAN_POINT('',(204.33,-137.34,0.));
#10563 = DIRECTION('',(-0.,0.,-1.));
#10564 = DIRECTION('',(5.594824691024E-14,-1.,-0.));
#10565 = FACE_BOUND('',#10566,.F.);
#10566 = EDGE_LOOP('',(#10567));
#10567 = ORIENTED_EDGE('',*,*,#10568,.T.);
#10568 = EDGE_CURVE('',#10569,#10569,#10571,.T.);
#10569 = VERTEX_POINT('',#10570);
#10570 = CARTESIAN_POINT('',(206.87,-140.388,0.));
#10571 = CIRCLE('',#10572,0.508);
#10572 = AXIS2_PLACEMENT_3D('',#10573,#10574,#10575);
#10573 = CARTESIAN_POINT('',(206.87,-139.88,0.));
#10574 = DIRECTION('',(-0.,0.,-1.));
#10575 = DIRECTION('',(-0.,-1.,0.));
#10576 = FACE_BOUND('',#10577,.F.);
#10577 = EDGE_LOOP('',(#10578));
#10578 = ORIENTED_EDGE('',*,*,#10579,.T.);
#10579 = EDGE_CURVE('',#10580,#10580,#10582,.T.);
#10580 = VERTEX_POINT('',#10581);
#10581 = CARTESIAN_POINT('',(209.41,-140.388,0.));
#10582 = CIRCLE('',#10583,0.508);
#10583 = AXIS2_PLACEMENT_3D('',#10584,#10585,#10586);
#10584 = CARTESIAN_POINT('',(209.41,-139.88,0.));
#10585 = DIRECTION('',(-0.,0.,-1.));
#10586 = DIRECTION('',(-0.,-1.,0.));
#10587 = FACE_BOUND('',#10588,.F.);
#10588 = EDGE_LOOP('',(#10589));
#10589 = ORIENTED_EDGE('',*,*,#10590,.T.);
#10590 = EDGE_CURVE('',#10591,#10591,#10593,.T.);
#10591 = VERTEX_POINT('',#10592);
#10592 = CARTESIAN_POINT('',(211.95,-140.388,0.));
#10593 = CIRCLE('',#10594,0.508);
#10594 = AXIS2_PLACEMENT_3D('',#10595,#10596,#10597);
#10595 = CARTESIAN_POINT('',(211.95,-139.88,0.));
#10596 = DIRECTION('',(-0.,0.,-1.));
#10597 = DIRECTION('',(-0.,-1.,0.));
#10598 = FACE_BOUND('',#10599,.F.);
#10599 = EDGE_LOOP('',(#10600));
#10600 = ORIENTED_EDGE('',*,*,#10601,.T.);
#10601 = EDGE_CURVE('',#10602,#10602,#10604,.T.);
#10602 = VERTEX_POINT('',#10603);
#10603 = CARTESIAN_POINT('',(206.87,-137.848,0.));
#10604 = CIRCLE('',#10605,0.508);
#10605 = AXIS2_PLACEMENT_3D('',#10606,#10607,#10608);
#10606 = CARTESIAN_POINT('',(206.87,-137.34,0.));
#10607 = DIRECTION('',(-0.,0.,-1.));
#10608 = DIRECTION('',(-0.,-1.,0.));
#10609 = FACE_BOUND('',#10610,.F.);
#10610 = EDGE_LOOP('',(#10611));
#10611 = ORIENTED_EDGE('',*,*,#10612,.T.);
#10612 = EDGE_CURVE('',#10613,#10613,#10615,.T.);
#10613 = VERTEX_POINT('',#10614);
#10614 = CARTESIAN_POINT('',(209.41,-137.848,0.));
#10615 = CIRCLE('',#10616,0.508);
#10616 = AXIS2_PLACEMENT_3D('',#10617,#10618,#10619);
#10617 = CARTESIAN_POINT('',(209.41,-137.34,0.));
#10618 = DIRECTION('',(-0.,0.,-1.));
#10619 = DIRECTION('',(-0.,-1.,0.));
#10620 = FACE_BOUND('',#10621,.F.);
#10621 = EDGE_LOOP('',(#10622));
#10622 = ORIENTED_EDGE('',*,*,#10623,.T.);
#10623 = EDGE_CURVE('',#10624,#10624,#10626,.T.);
#10624 = VERTEX_POINT('',#10625);
#10625 = CARTESIAN_POINT('',(211.95,-137.848,0.));
#10626 = CIRCLE('',#10627,0.508);
#10627 = AXIS2_PLACEMENT_3D('',#10628,#10629,#10630);
#10628 = CARTESIAN_POINT('',(211.95,-137.34,0.));
#10629 = DIRECTION('',(-0.,0.,-1.));
#10630 = DIRECTION('',(-0.,-1.,0.));
#10631 = FACE_BOUND('',#10632,.F.);
#10632 = EDGE_LOOP('',(#10633));
#10633 = ORIENTED_EDGE('',*,*,#10634,.T.);
#10634 = EDGE_CURVE('',#10635,#10635,#10637,.T.);
#10635 = VERTEX_POINT('',#10636);
#10636 = CARTESIAN_POINT('',(214.49,-140.388,0.));
#10637 = CIRCLE('',#10638,0.508);
#10638 = AXIS2_PLACEMENT_3D('',#10639,#10640,#10641);
#10639 = CARTESIAN_POINT('',(214.49,-139.88,0.));
#10640 = DIRECTION('',(-0.,0.,-1.));
#10641 = DIRECTION('',(-0.,-1.,0.));
#10642 = FACE_BOUND('',#10643,.F.);
#10643 = EDGE_LOOP('',(#10644));
#10644 = ORIENTED_EDGE('',*,*,#10645,.T.);
#10645 = EDGE_CURVE('',#10646,#10646,#10648,.T.);
#10646 = VERTEX_POINT('',#10647);
#10647 = CARTESIAN_POINT('',(217.03,-140.388,0.));
#10648 = CIRCLE('',#10649,0.508);
#10649 = AXIS2_PLACEMENT_3D('',#10650,#10651,#10652);
#10650 = CARTESIAN_POINT('',(217.03,-139.88,0.));
#10651 = DIRECTION('',(-0.,0.,-1.));
#10652 = DIRECTION('',(-0.,-1.,0.));
#10653 = FACE_BOUND('',#10654,.F.);
#10654 = EDGE_LOOP('',(#10655));
#10655 = ORIENTED_EDGE('',*,*,#10656,.T.);
#10656 = EDGE_CURVE('',#10657,#10657,#10659,.T.);
#10657 = VERTEX_POINT('',#10658);
#10658 = CARTESIAN_POINT('',(214.49,-137.848,0.));
#10659 = CIRCLE('',#10660,0.508);
#10660 = AXIS2_PLACEMENT_3D('',#10661,#10662,#10663);
#10661 = CARTESIAN_POINT('',(214.49,-137.34,0.));
#10662 = DIRECTION('',(-0.,0.,-1.));
#10663 = DIRECTION('',(-0.,-1.,0.));
#10664 = FACE_BOUND('',#10665,.F.);
#10665 = EDGE_LOOP('',(#10666));
#10666 = ORIENTED_EDGE('',*,*,#10667,.T.);
#10667 = EDGE_CURVE('',#10668,#10668,#10670,.T.);
#10668 = VERTEX_POINT('',#10669);
#10669 = CARTESIAN_POINT('',(217.03,-137.848,0.));
#10670 = CIRCLE('',#10671,0.508);
#10671 = AXIS2_PLACEMENT_3D('',#10672,#10673,#10674);
#10672 = CARTESIAN_POINT('',(217.03,-137.34,0.));
#10673 = DIRECTION('',(-0.,0.,-1.));
#10674 = DIRECTION('',(-0.,-1.,0.));
#10675 = FACE_BOUND('',#10676,.F.);
#10676 = EDGE_LOOP('',(#10677));
#10677 = ORIENTED_EDGE('',*,*,#10678,.T.);
#10678 = EDGE_CURVE('',#10679,#10679,#10681,.T.);
#10679 = VERTEX_POINT('',#10680);
#10680 = CARTESIAN_POINT('',(219.57,-140.388,0.));
#10681 = CIRCLE('',#10682,0.508);
#10682 = AXIS2_PLACEMENT_3D('',#10683,#10684,#10685);
#10683 = CARTESIAN_POINT('',(219.57,-139.88,0.));
#10684 = DIRECTION('',(-0.,0.,-1.));
#10685 = DIRECTION('',(-0.,-1.,0.));
#10686 = FACE_BOUND('',#10687,.F.);
#10687 = EDGE_LOOP('',(#10688));
#10688 = ORIENTED_EDGE('',*,*,#10689,.T.);
#10689 = EDGE_CURVE('',#10690,#10690,#10692,.T.);
#10690 = VERTEX_POINT('',#10691);
#10691 = CARTESIAN_POINT('',(222.11,-140.388,0.));
#10692 = CIRCLE('',#10693,0.508);
#10693 = AXIS2_PLACEMENT_3D('',#10694,#10695,#10696);
#10694 = CARTESIAN_POINT('',(222.11,-139.88,0.));
#10695 = DIRECTION('',(-0.,0.,-1.));
#10696 = DIRECTION('',(-0.,-1.,0.));
#10697 = FACE_BOUND('',#10698,.F.);
#10698 = EDGE_LOOP('',(#10699));
#10699 = ORIENTED_EDGE('',*,*,#10700,.T.);
#10700 = EDGE_CURVE('',#10701,#10701,#10703,.T.);
#10701 = VERTEX_POINT('',#10702);
#10702 = CARTESIAN_POINT('',(219.57,-137.848,0.));
#10703 = CIRCLE('',#10704,0.508);
#10704 = AXIS2_PLACEMENT_3D('',#10705,#10706,#10707);
#10705 = CARTESIAN_POINT('',(219.57,-137.34,0.));
#10706 = DIRECTION('',(-0.,0.,-1.));
#10707 = DIRECTION('',(-0.,-1.,0.));
#10708 = FACE_BOUND('',#10709,.F.);
#10709 = EDGE_LOOP('',(#10710));
#10710 = ORIENTED_EDGE('',*,*,#10711,.T.);
#10711 = EDGE_CURVE('',#10712,#10712,#10714,.T.);
#10712 = VERTEX_POINT('',#10713);
#10713 = CARTESIAN_POINT('',(222.11,-137.848,0.));
#10714 = CIRCLE('',#10715,0.508);
#10715 = AXIS2_PLACEMENT_3D('',#10716,#10717,#10718);
#10716 = CARTESIAN_POINT('',(222.11,-137.34,0.));
#10717 = DIRECTION('',(-0.,0.,-1.));
#10718 = DIRECTION('',(-0.,-1.,0.));
#10719 = FACE_BOUND('',#10720,.F.);
#10720 = EDGE_LOOP('',(#10721));
#10721 = ORIENTED_EDGE('',*,*,#10722,.T.);
#10722 = EDGE_CURVE('',#10723,#10723,#10725,.T.);
#10723 = VERTEX_POINT('',#10724);
#10724 = CARTESIAN_POINT('',(224.65,-140.388,0.));
#10725 = CIRCLE('',#10726,0.508);
#10726 = AXIS2_PLACEMENT_3D('',#10727,#10728,#10729);
#10727 = CARTESIAN_POINT('',(224.65,-139.88,0.));
#10728 = DIRECTION('',(-0.,0.,-1.));
#10729 = DIRECTION('',(5.594824691024E-14,-1.,-0.));
#10730 = FACE_BOUND('',#10731,.F.);
#10731 = EDGE_LOOP('',(#10732));
#10732 = ORIENTED_EDGE('',*,*,#10733,.T.);
#10733 = EDGE_CURVE('',#10734,#10734,#10736,.T.);
#10734 = VERTEX_POINT('',#10735);
#10735 = CARTESIAN_POINT('',(227.19,-140.388,0.));
#10736 = CIRCLE('',#10737,0.508);
#10737 = AXIS2_PLACEMENT_3D('',#10738,#10739,#10740);
#10738 = CARTESIAN_POINT('',(227.19,-139.88,0.));
#10739 = DIRECTION('',(-0.,0.,-1.));
#10740 = DIRECTION('',(-0.,-1.,0.));
#10741 = FACE_BOUND('',#10742,.F.);
#10742 = EDGE_LOOP('',(#10743));
#10743 = ORIENTED_EDGE('',*,*,#10744,.T.);
#10744 = EDGE_CURVE('',#10745,#10745,#10747,.T.);
#10745 = VERTEX_POINT('',#10746);
#10746 = CARTESIAN_POINT('',(224.65,-137.848,0.));
#10747 = CIRCLE('',#10748,0.508);
#10748 = AXIS2_PLACEMENT_3D('',#10749,#10750,#10751);
#10749 = CARTESIAN_POINT('',(224.65,-137.34,0.));
#10750 = DIRECTION('',(-0.,0.,-1.));
#10751 = DIRECTION('',(5.594824691024E-14,-1.,-0.));
#10752 = FACE_BOUND('',#10753,.F.);
#10753 = EDGE_LOOP('',(#10754));
#10754 = ORIENTED_EDGE('',*,*,#10755,.T.);
#10755 = EDGE_CURVE('',#10756,#10756,#10758,.T.);
#10756 = VERTEX_POINT('',#10757);
#10757 = CARTESIAN_POINT('',(227.19,-137.848,0.));
#10758 = CIRCLE('',#10759,0.508);
#10759 = AXIS2_PLACEMENT_3D('',#10760,#10761,#10762);
#10760 = CARTESIAN_POINT('',(227.19,-137.34,0.));
#10761 = DIRECTION('',(-0.,0.,-1.));
#10762 = DIRECTION('',(-0.,-1.,0.));
#10763 = FACE_BOUND('',#10764,.F.);
#10764 = EDGE_LOOP('',(#10765));
#10765 = ORIENTED_EDGE('',*,*,#10766,.T.);
#10766 = EDGE_CURVE('',#10767,#10767,#10769,.T.);
#10767 = VERTEX_POINT('',#10768);
#10768 = CARTESIAN_POINT('',(229.73,-133.86,0.));
#10769 = CIRCLE('',#10770,1.6);
#10770 = AXIS2_PLACEMENT_3D('',#10771,#10772,#10773);
#10771 = CARTESIAN_POINT('',(229.73,-132.26,0.));
#10772 = DIRECTION('',(-0.,0.,-1.));
#10773 = DIRECTION('',(-1.7763568394E-14,-1.,0.));
#10774 = FACE_BOUND('',#10775,.F.);
#10775 = EDGE_LOOP('',(#10776,#10787,#10795,#10804));
#10776 = ORIENTED_EDGE('',*,*,#10777,.T.);
#10777 = EDGE_CURVE('',#10778,#10780,#10782,.T.);
#10778 = VERTEX_POINT('',#10779);
#10779 = CARTESIAN_POINT('',(112.635,-116.819,0.));
#10780 = VERTEX_POINT('',#10781);
#10781 = CARTESIAN_POINT('',(112.635,-117.581,0.));
#10782 = CIRCLE('',#10783,0.381);
#10783 = AXIS2_PLACEMENT_3D('',#10784,#10785,#10786);
#10784 = CARTESIAN_POINT('',(112.635,-117.2,0.));
#10785 = DIRECTION('',(-0.,0.,-1.));
#10786 = DIRECTION('',(-0.,-1.,0.));
#10787 = ORIENTED_EDGE('',*,*,#10788,.T.);
#10788 = EDGE_CURVE('',#10780,#10789,#10791,.T.);
#10789 = VERTEX_POINT('',#10790);
#10790 = CARTESIAN_POINT('',(111.365,-117.581,0.));
#10791 = LINE('',#10792,#10793);
#10792 = CARTESIAN_POINT('',(55.6825,-117.581,0.));
#10793 = VECTOR('',#10794,1.);
#10794 = DIRECTION('',(-1.,0.,0.));
#10795 = ORIENTED_EDGE('',*,*,#10796,.T.);
#10796 = EDGE_CURVE('',#10789,#10797,#10799,.T.);
#10797 = VERTEX_POINT('',#10798);
#10798 = CARTESIAN_POINT('',(111.365,-116.819,0.));
#10799 = CIRCLE('',#10800,0.381);
#10800 = AXIS2_PLACEMENT_3D('',#10801,#10802,#10803);
#10801 = CARTESIAN_POINT('',(111.365,-117.2,0.));
#10802 = DIRECTION('',(-0.,0.,-1.));
#10803 = DIRECTION('',(0.,1.,0.));
#10804 = ORIENTED_EDGE('',*,*,#10805,.T.);
#10805 = EDGE_CURVE('',#10797,#10778,#10806,.T.);
#10806 = LINE('',#10807,#10808);
#10807 = CARTESIAN_POINT('',(56.3175,-116.819,0.));
#10808 = VECTOR('',#10809,1.);
#10809 = DIRECTION('',(1.,0.,-0.));
#10810 = FACE_BOUND('',#10811,.F.);
#10811 = EDGE_LOOP('',(#10812,#10823,#10831,#10840));
#10812 = ORIENTED_EDGE('',*,*,#10813,.T.);
#10813 = EDGE_CURVE('',#10814,#10816,#10818,.T.);
#10814 = VERTEX_POINT('',#10815);
#10815 = CARTESIAN_POINT('',(117.465002,-116.819,0.));
#10816 = VERTEX_POINT('',#10817);
#10817 = CARTESIAN_POINT('',(117.465002,-117.581,0.));
#10818 = CIRCLE('',#10819,0.381);
#10819 = AXIS2_PLACEMENT_3D('',#10820,#10821,#10822);
#10820 = CARTESIAN_POINT('',(117.465002,-117.2,0.));
#10821 = DIRECTION('',(-0.,0.,-1.));
#10822 = DIRECTION('',(-0.,-1.,0.));
#10823 = ORIENTED_EDGE('',*,*,#10824,.T.);
#10824 = EDGE_CURVE('',#10816,#10825,#10827,.T.);
#10825 = VERTEX_POINT('',#10826);
#10826 = CARTESIAN_POINT('',(116.195002,-117.581,0.));
#10827 = LINE('',#10828,#10829);
#10828 = CARTESIAN_POINT('',(58.097501,-117.581,0.));
#10829 = VECTOR('',#10830,1.);
#10830 = DIRECTION('',(-1.,0.,0.));
#10831 = ORIENTED_EDGE('',*,*,#10832,.T.);
#10832 = EDGE_CURVE('',#10825,#10833,#10835,.T.);
#10833 = VERTEX_POINT('',#10834);
#10834 = CARTESIAN_POINT('',(116.195002,-116.819,0.));
#10835 = CIRCLE('',#10836,0.381);
#10836 = AXIS2_PLACEMENT_3D('',#10837,#10838,#10839);
#10837 = CARTESIAN_POINT('',(116.195002,-117.2,0.));
#10838 = DIRECTION('',(-0.,0.,-1.));
#10839 = DIRECTION('',(0.,1.,0.));
#10840 = ORIENTED_EDGE('',*,*,#10841,.T.);
#10841 = EDGE_CURVE('',#10833,#10814,#10842,.T.);
#10842 = LINE('',#10843,#10844);
#10843 = CARTESIAN_POINT('',(58.732501,-116.819,0.));
#10844 = VECTOR('',#10845,1.);
#10845 = DIRECTION('',(1.,0.,-0.));
#10846 = FACE_BOUND('',#10847,.F.);
#10847 = EDGE_LOOP('',(#10848,#10859,#10867,#10876));
#10848 = ORIENTED_EDGE('',*,*,#10849,.T.);
#10849 = EDGE_CURVE('',#10850,#10852,#10854,.T.);
#10850 = VERTEX_POINT('',#10851);
#10851 = CARTESIAN_POINT('',(112.635,-112.119,0.));
#10852 = VERTEX_POINT('',#10853);
#10853 = CARTESIAN_POINT('',(112.635,-112.881,0.));
#10854 = CIRCLE('',#10855,0.381);
#10855 = AXIS2_PLACEMENT_3D('',#10856,#10857,#10858);
#10856 = CARTESIAN_POINT('',(112.635,-112.5,0.));
#10857 = DIRECTION('',(-0.,0.,-1.));
#10858 = DIRECTION('',(-0.,-1.,0.));
#10859 = ORIENTED_EDGE('',*,*,#10860,.T.);
#10860 = EDGE_CURVE('',#10852,#10861,#10863,.T.);
#10861 = VERTEX_POINT('',#10862);
#10862 = CARTESIAN_POINT('',(111.365,-112.881,0.));
#10863 = LINE('',#10864,#10865);
#10864 = CARTESIAN_POINT('',(55.6825,-112.881,0.));
#10865 = VECTOR('',#10866,1.);
#10866 = DIRECTION('',(-1.,0.,0.));
#10867 = ORIENTED_EDGE('',*,*,#10868,.T.);
#10868 = EDGE_CURVE('',#10861,#10869,#10871,.T.);
#10869 = VERTEX_POINT('',#10870);
#10870 = CARTESIAN_POINT('',(111.365,-112.119,0.));
#10871 = CIRCLE('',#10872,0.381);
#10872 = AXIS2_PLACEMENT_3D('',#10873,#10874,#10875);
#10873 = CARTESIAN_POINT('',(111.365,-112.5,0.));
#10874 = DIRECTION('',(-0.,0.,-1.));
#10875 = DIRECTION('',(0.,1.,0.));
#10876 = ORIENTED_EDGE('',*,*,#10877,.T.);
#10877 = EDGE_CURVE('',#10869,#10850,#10878,.T.);
#10878 = LINE('',#10879,#10880);
#10879 = CARTESIAN_POINT('',(56.3175,-112.119,0.));
#10880 = VECTOR('',#10881,1.);
#10881 = DIRECTION('',(1.,0.,-0.));
#10882 = FACE_BOUND('',#10883,.F.);
#10883 = EDGE_LOOP('',(#10884,#10895,#10903,#10912));
#10884 = ORIENTED_EDGE('',*,*,#10885,.T.);
#10885 = EDGE_CURVE('',#10886,#10888,#10890,.T.);
#10886 = VERTEX_POINT('',#10887);
#10887 = CARTESIAN_POINT('',(117.465002,-112.119,0.));
#10888 = VERTEX_POINT('',#10889);
#10889 = CARTESIAN_POINT('',(117.465002,-112.881,0.));
#10890 = CIRCLE('',#10891,0.381);
#10891 = AXIS2_PLACEMENT_3D('',#10892,#10893,#10894);
#10892 = CARTESIAN_POINT('',(117.465002,-112.5,0.));
#10893 = DIRECTION('',(-0.,0.,-1.));
#10894 = DIRECTION('',(-0.,-1.,0.));
#10895 = ORIENTED_EDGE('',*,*,#10896,.T.);
#10896 = EDGE_CURVE('',#10888,#10897,#10899,.T.);
#10897 = VERTEX_POINT('',#10898);
#10898 = CARTESIAN_POINT('',(116.195002,-112.881,0.));
#10899 = LINE('',#10900,#10901);
#10900 = CARTESIAN_POINT('',(58.097501,-112.881,0.));
#10901 = VECTOR('',#10902,1.);
#10902 = DIRECTION('',(-1.,0.,0.));
#10903 = ORIENTED_EDGE('',*,*,#10904,.T.);
#10904 = EDGE_CURVE('',#10897,#10905,#10907,.T.);
#10905 = VERTEX_POINT('',#10906);
#10906 = CARTESIAN_POINT('',(116.195002,-112.119,0.));
#10907 = CIRCLE('',#10908,0.381);
#10908 = AXIS2_PLACEMENT_3D('',#10909,#10910,#10911);
#10909 = CARTESIAN_POINT('',(116.195002,-112.5,0.));
#10910 = DIRECTION('',(-0.,0.,-1.));
#10911 = DIRECTION('',(0.,1.,0.));
#10912 = ORIENTED_EDGE('',*,*,#10913,.T.);
#10913 = EDGE_CURVE('',#10905,#10886,#10914,.T.);
#10914 = LINE('',#10915,#10916);
#10915 = CARTESIAN_POINT('',(58.732501,-112.119,0.));
#10916 = VECTOR('',#10917,1.);
#10917 = DIRECTION('',(1.,0.,-0.));
#10918 = FACE_BOUND('',#10919,.F.);
#10919 = EDGE_LOOP('',(#10920));
#10920 = ORIENTED_EDGE('',*,*,#10921,.T.);
#10921 = EDGE_CURVE('',#10922,#10922,#10924,.T.);
#10922 = VERTEX_POINT('',#10923);
#10923 = CARTESIAN_POINT('',(82.832706,-100.421596,0.));
#10924 = CIRCLE('',#10925,1.3716);
#10925 = AXIS2_PLACEMENT_3D('',#10926,#10927,#10928);
#10926 = CARTESIAN_POINT('',(82.832706,-99.049996,0.));
#10927 = DIRECTION('',(-0.,0.,-1.));
#10928 = DIRECTION('',(-0.,-1.,0.));
#10929 = FACE_BOUND('',#10930,.F.);
#10930 = EDGE_LOOP('',(#10931,#10942,#10950,#10959));
#10931 = ORIENTED_EDGE('',*,*,#10932,.T.);
#10932 = EDGE_CURVE('',#10933,#10935,#10937,.T.);
#10933 = VERTEX_POINT('',#10934);
#10934 = CARTESIAN_POINT('',(112.635,-107.418999,0.));
#10935 = VERTEX_POINT('',#10936);
#10936 = CARTESIAN_POINT('',(112.635,-108.180999,0.));
#10937 = CIRCLE('',#10938,0.381);
#10938 = AXIS2_PLACEMENT_3D('',#10939,#10940,#10941);
#10939 = CARTESIAN_POINT('',(112.635,-107.799999,0.));
#10940 = DIRECTION('',(-0.,0.,-1.));
#10941 = DIRECTION('',(-0.,-1.,0.));
#10942 = ORIENTED_EDGE('',*,*,#10943,.T.);
#10943 = EDGE_CURVE('',#10935,#10944,#10946,.T.);
#10944 = VERTEX_POINT('',#10945);
#10945 = CARTESIAN_POINT('',(111.365,-108.180999,0.));
#10946 = LINE('',#10947,#10948);
#10947 = CARTESIAN_POINT('',(55.6825,-108.180999,0.));
#10948 = VECTOR('',#10949,1.);
#10949 = DIRECTION('',(-1.,0.,0.));
#10950 = ORIENTED_EDGE('',*,*,#10951,.T.);
#10951 = EDGE_CURVE('',#10944,#10952,#10954,.T.);
#10952 = VERTEX_POINT('',#10953);
#10953 = CARTESIAN_POINT('',(111.365,-107.418999,0.));
#10954 = CIRCLE('',#10955,0.381);
#10955 = AXIS2_PLACEMENT_3D('',#10956,#10957,#10958);
#10956 = CARTESIAN_POINT('',(111.365,-107.799999,0.));
#10957 = DIRECTION('',(-0.,0.,-1.));
#10958 = DIRECTION('',(0.,1.,0.));
#10959 = ORIENTED_EDGE('',*,*,#10960,.T.);
#10960 = EDGE_CURVE('',#10952,#10933,#10961,.T.);
#10961 = LINE('',#10962,#10963);
#10962 = CARTESIAN_POINT('',(56.3175,-107.418999,0.));
#10963 = VECTOR('',#10964,1.);
#10964 = DIRECTION('',(1.,0.,-0.));
#10965 = FACE_BOUND('',#10966,.F.);
#10966 = EDGE_LOOP('',(#10967,#10978,#10986,#10995));
#10967 = ORIENTED_EDGE('',*,*,#10968,.T.);
#10968 = EDGE_CURVE('',#10969,#10971,#10973,.T.);
#10969 = VERTEX_POINT('',#10970);
#10970 = CARTESIAN_POINT('',(117.465001,-107.418999,0.));
#10971 = VERTEX_POINT('',#10972);
#10972 = CARTESIAN_POINT('',(117.465001,-108.180999,0.));
#10973 = CIRCLE('',#10974,0.381);
#10974 = AXIS2_PLACEMENT_3D('',#10975,#10976,#10977);
#10975 = CARTESIAN_POINT('',(117.465001,-107.799999,0.));
#10976 = DIRECTION('',(-0.,0.,-1.));
#10977 = DIRECTION('',(-0.,-1.,0.));
#10978 = ORIENTED_EDGE('',*,*,#10979,.T.);
#10979 = EDGE_CURVE('',#10971,#10980,#10982,.T.);
#10980 = VERTEX_POINT('',#10981);
#10981 = CARTESIAN_POINT('',(116.195001,-108.180999,0.));
#10982 = LINE('',#10983,#10984);
#10983 = CARTESIAN_POINT('',(58.0975005,-108.180999,0.));
#10984 = VECTOR('',#10985,1.);
#10985 = DIRECTION('',(-1.,0.,0.));
#10986 = ORIENTED_EDGE('',*,*,#10987,.T.);
#10987 = EDGE_CURVE('',#10980,#10988,#10990,.T.);
#10988 = VERTEX_POINT('',#10989);
#10989 = CARTESIAN_POINT('',(116.195001,-107.418999,0.));
#10990 = CIRCLE('',#10991,0.381);
#10991 = AXIS2_PLACEMENT_3D('',#10992,#10993,#10994);
#10992 = CARTESIAN_POINT('',(116.195001,-107.799999,0.));
#10993 = DIRECTION('',(-0.,0.,-1.));
#10994 = DIRECTION('',(0.,1.,0.));
#10995 = ORIENTED_EDGE('',*,*,#10996,.T.);
#10996 = EDGE_CURVE('',#10988,#10969,#10997,.T.);
#10997 = LINE('',#10998,#10999);
#10998 = CARTESIAN_POINT('',(58.7325005,-107.418999,0.));
#10999 = VECTOR('',#11000,1.);
#11000 = DIRECTION('',(1.,0.,-0.));
#11001 = FACE_BOUND('',#11002,.F.);
#11002 = EDGE_LOOP('',(#11003));
#11003 = ORIENTED_EDGE('',*,*,#11004,.T.);
#11004 = EDGE_CURVE('',#11005,#11005,#11007,.T.);
#11005 = VERTEX_POINT('',#11006);
#11006 = CARTESIAN_POINT('',(108.332704,-95.530996,0.));
#11007 = CIRCLE('',#11008,0.381);
#11008 = AXIS2_PLACEMENT_3D('',#11009,#11010,#11011);
#11009 = CARTESIAN_POINT('',(108.332704,-95.149996,0.));
#11010 = DIRECTION('',(-0.,0.,-1.));
#11011 = DIRECTION('',(-0.,-1.,0.));
#11012 = FACE_BOUND('',#11013,.F.);
#11013 = EDGE_LOOP('',(#11014));
#11014 = ORIENTED_EDGE('',*,*,#11015,.T.);
#11015 = EDGE_CURVE('',#11016,#11016,#11018,.T.);
#11016 = VERTEX_POINT('',#11017);
#11017 = CARTESIAN_POINT('',(110.332705,-95.530996,0.));
#11018 = CIRCLE('',#11019,0.381);
#11019 = AXIS2_PLACEMENT_3D('',#11020,#11021,#11022);
#11020 = CARTESIAN_POINT('',(110.332705,-95.149996,0.));
#11021 = DIRECTION('',(-0.,0.,-1.));
#11022 = DIRECTION('',(-0.,-1.,0.));
#11023 = FACE_BOUND('',#11024,.F.);
#11024 = EDGE_LOOP('',(#11025));
#11025 = ORIENTED_EDGE('',*,*,#11026,.T.);
#11026 = EDGE_CURVE('',#11027,#11027,#11029,.T.);
#11027 = VERTEX_POINT('',#11028);
#11028 = CARTESIAN_POINT('',(112.332706,-95.530996,0.));
#11029 = CIRCLE('',#11030,0.381);
#11030 = AXIS2_PLACEMENT_3D('',#11031,#11032,#11033);
#11031 = CARTESIAN_POINT('',(112.332706,-95.149996,0.));
#11032 = DIRECTION('',(-0.,0.,-1.));
#11033 = DIRECTION('',(-0.,-1.,0.));
#11034 = FACE_BOUND('',#11035,.F.);
#11035 = EDGE_LOOP('',(#11036));
#11036 = ORIENTED_EDGE('',*,*,#11037,.T.);
#11037 = EDGE_CURVE('',#11038,#11038,#11040,.T.);
#11038 = VERTEX_POINT('',#11039);
#11039 = CARTESIAN_POINT('',(114.332704,-95.530996,0.));
#11040 = CIRCLE('',#11041,0.381);
#11041 = AXIS2_PLACEMENT_3D('',#11042,#11043,#11044);
#11042 = CARTESIAN_POINT('',(114.332704,-95.149996,0.));
#11043 = DIRECTION('',(-0.,0.,-1.));
#11044 = DIRECTION('',(-0.,-1.,0.));
#11045 = FACE_BOUND('',#11046,.F.);
#11046 = EDGE_LOOP('',(#11047));
#11047 = ORIENTED_EDGE('',*,*,#11048,.T.);
#11048 = EDGE_CURVE('',#11049,#11049,#11051,.T.);
#11049 = VERTEX_POINT('',#11050);
#11050 = CARTESIAN_POINT('',(116.332705,-95.530996,0.));
#11051 = CIRCLE('',#11052,0.381);
#11052 = AXIS2_PLACEMENT_3D('',#11053,#11054,#11055);
#11053 = CARTESIAN_POINT('',(116.332705,-95.149996,0.));
#11054 = DIRECTION('',(-0.,0.,-1.));
#11055 = DIRECTION('',(-0.,-1.,0.));
#11056 = FACE_BOUND('',#11057,.F.);
#11057 = EDGE_LOOP('',(#11058));
#11058 = ORIENTED_EDGE('',*,*,#11059,.T.);
#11059 = EDGE_CURVE('',#11060,#11060,#11062,.T.);
#11060 = VERTEX_POINT('',#11061);
#11061 = CARTESIAN_POINT('',(118.332704,-95.530996,0.));
#11062 = CIRCLE('',#11063,0.381);
#11063 = AXIS2_PLACEMENT_3D('',#11064,#11065,#11066);
#11064 = CARTESIAN_POINT('',(118.332704,-95.149996,0.));
#11065 = DIRECTION('',(-0.,0.,-1.));
#11066 = DIRECTION('',(-0.,-1.,0.));
#11067 = FACE_BOUND('',#11068,.F.);
#11068 = EDGE_LOOP('',(#11069));
#11069 = ORIENTED_EDGE('',*,*,#11070,.T.);
#11070 = EDGE_CURVE('',#11071,#11071,#11073,.T.);
#11071 = VERTEX_POINT('',#11072);
#11072 = CARTESIAN_POINT('',(120.332705,-95.530996,0.));
#11073 = CIRCLE('',#11074,0.381);
#11074 = AXIS2_PLACEMENT_3D('',#11075,#11076,#11077);
#11075 = CARTESIAN_POINT('',(120.332705,-95.149996,0.));
#11076 = DIRECTION('',(-0.,0.,-1.));
#11077 = DIRECTION('',(-0.,-1.,0.));
#11078 = FACE_BOUND('',#11079,.F.);
#11079 = EDGE_LOOP('',(#11080));
#11080 = ORIENTED_EDGE('',*,*,#11081,.T.);
#11081 = EDGE_CURVE('',#11082,#11082,#11084,.T.);
#11082 = VERTEX_POINT('',#11083);
#11083 = CARTESIAN_POINT('',(139.41,-121.3,0.));
#11084 = CIRCLE('',#11085,0.925);
#11085 = AXIS2_PLACEMENT_3D('',#11086,#11087,#11088);
#11086 = CARTESIAN_POINT('',(139.41,-120.375,0.));
#11087 = DIRECTION('',(-0.,0.,-1.));
#11088 = DIRECTION('',(-3.072617235719E-14,-1.,0.));
#11089 = FACE_BOUND('',#11090,.F.);
#11090 = EDGE_LOOP('',(#11091));
#11091 = ORIENTED_EDGE('',*,*,#11092,.T.);
#11092 = EDGE_CURVE('',#11093,#11093,#11095,.T.);
#11093 = VERTEX_POINT('',#11094);
#11094 = CARTESIAN_POINT('',(142.59,-121.3,0.));
#11095 = CIRCLE('',#11096,0.925);
#11096 = AXIS2_PLACEMENT_3D('',#11097,#11098,#11099);
#11097 = CARTESIAN_POINT('',(142.59,-120.375,0.));
#11098 = DIRECTION('',(-0.,0.,-1.));
#11099 = DIRECTION('',(3.072617235719E-14,-1.,-0.));
#11100 = FACE_BOUND('',#11101,.F.);
#11101 = EDGE_LOOP('',(#11102));
#11102 = ORIENTED_EDGE('',*,*,#11103,.T.);
#11103 = EDGE_CURVE('',#11104,#11104,#11106,.T.);
#11104 = VERTEX_POINT('',#11105);
#11105 = CARTESIAN_POINT('',(141.,-118.125,0.));
#11106 = CIRCLE('',#11107,0.925);
#11107 = AXIS2_PLACEMENT_3D('',#11108,#11109,#11110);
#11108 = CARTESIAN_POINT('',(141.,-117.2,0.));
#11109 = DIRECTION('',(-0.,0.,-1.));
#11110 = DIRECTION('',(-0.,-1.,0.));
#11111 = FACE_BOUND('',#11112,.F.);
#11112 = EDGE_LOOP('',(#11113));
#11113 = ORIENTED_EDGE('',*,*,#11114,.T.);
#11114 = EDGE_CURVE('',#11115,#11115,#11117,.T.);
#11115 = VERTEX_POINT('',#11116);
#11116 = CARTESIAN_POINT('',(141.,-113.425,0.));
#11117 = CIRCLE('',#11118,0.925);
#11118 = AXIS2_PLACEMENT_3D('',#11119,#11120,#11121);
#11119 = CARTESIAN_POINT('',(141.,-112.5,0.));
#11120 = DIRECTION('',(-0.,0.,-1.));
#11121 = DIRECTION('',(-0.,-1.,0.));
#11122 = FACE_BOUND('',#11123,.F.);
#11123 = EDGE_LOOP('',(#11124));
#11124 = ORIENTED_EDGE('',*,*,#11125,.T.);
#11125 = EDGE_CURVE('',#11126,#11126,#11128,.T.);
#11126 = VERTEX_POINT('',#11127);
#11127 = CARTESIAN_POINT('',(141.,-108.725,0.));
#11128 = CIRCLE('',#11129,0.925);
#11129 = AXIS2_PLACEMENT_3D('',#11130,#11131,#11132);
#11130 = CARTESIAN_POINT('',(141.,-107.8,0.));
#11131 = DIRECTION('',(-0.,0.,-1.));
#11132 = DIRECTION('',(-0.,-1.,0.));
#11133 = FACE_BOUND('',#11134,.F.);
#11134 = EDGE_LOOP('',(#11135));
#11135 = ORIENTED_EDGE('',*,*,#11136,.T.);
#11136 = EDGE_CURVE('',#11137,#11137,#11139,.T.);
#11137 = VERTEX_POINT('',#11138);
#11138 = CARTESIAN_POINT('',(139.41,-105.55,0.));
#11139 = CIRCLE('',#11140,0.925);
#11140 = AXIS2_PLACEMENT_3D('',#11141,#11142,#11143);
#11141 = CARTESIAN_POINT('',(139.41,-104.625,0.));
#11142 = DIRECTION('',(-0.,0.,-1.));
#11143 = DIRECTION('',(-3.072617235719E-14,-1.,0.));
#11144 = FACE_BOUND('',#11145,.F.);
#11145 = EDGE_LOOP('',(#11146));
#11146 = ORIENTED_EDGE('',*,*,#11147,.T.);
#11147 = EDGE_CURVE('',#11148,#11148,#11150,.T.);
#11148 = VERTEX_POINT('',#11149);
#11149 = CARTESIAN_POINT('',(142.59,-105.55,0.));
#11150 = CIRCLE('',#11151,0.925);
#11151 = AXIS2_PLACEMENT_3D('',#11152,#11153,#11154);
#11152 = CARTESIAN_POINT('',(142.59,-104.625,0.));
#11153 = DIRECTION('',(-0.,0.,-1.));
#11154 = DIRECTION('',(3.072617235719E-14,-1.,-0.));
#11155 = FACE_BOUND('',#11156,.F.);
#11156 = EDGE_LOOP('',(#11157));
#11157 = ORIENTED_EDGE('',*,*,#11158,.T.);
#11158 = EDGE_CURVE('',#11159,#11159,#11161,.T.);
#11159 = VERTEX_POINT('',#11160);
#11160 = CARTESIAN_POINT('',(122.332704,-95.530996,0.));
#11161 = CIRCLE('',#11162,0.381);
#11162 = AXIS2_PLACEMENT_3D('',#11163,#11164,#11165);
#11163 = CARTESIAN_POINT('',(122.332704,-95.149996,0.));
#11164 = DIRECTION('',(-0.,0.,-1.));
#11165 = DIRECTION('',(-0.,-1.,0.));
#11166 = FACE_BOUND('',#11167,.F.);
#11167 = EDGE_LOOP('',(#11168));
#11168 = ORIENTED_EDGE('',*,*,#11169,.T.);
#11169 = EDGE_CURVE('',#11170,#11170,#11172,.T.);
#11170 = VERTEX_POINT('',#11171);
#11171 = CARTESIAN_POINT('',(147.832703,-100.421596,0.));
#11172 = CIRCLE('',#11173,1.3716);
#11173 = AXIS2_PLACEMENT_3D('',#11174,#11175,#11176);
#11174 = CARTESIAN_POINT('',(147.832703,-99.049996,0.));
#11175 = DIRECTION('',(-0.,0.,-1.));
#11176 = DIRECTION('',(-0.,-1.,0.));
#11177 = FACE_BOUND('',#11178,.F.);
#11178 = EDGE_LOOP('',(#11179));
#11179 = ORIENTED_EDGE('',*,*,#11180,.T.);
#11180 = EDGE_CURVE('',#11181,#11181,#11183,.T.);
#11181 = VERTEX_POINT('',#11182);
#11182 = CARTESIAN_POINT('',(76.832705,-84.376296,0.));
#11183 = CIRCLE('',#11184,0.8763);
#11184 = AXIS2_PLACEMENT_3D('',#11185,#11186,#11187);
#11185 = CARTESIAN_POINT('',(76.832705,-83.499996,0.));
#11186 = DIRECTION('',(-0.,0.,-1.));
#11187 = DIRECTION('',(-0.,-1.,0.));
#11188 = FACE_BOUND('',#11189,.F.);
#11189 = EDGE_LOOP('',(#11190));
#11190 = ORIENTED_EDGE('',*,*,#11191,.T.);
#11191 = EDGE_CURVE('',#11192,#11192,#11194,.T.);
#11192 = VERTEX_POINT('',#11193);
#11193 = CARTESIAN_POINT('',(76.782692,-75.876295,0.));
#11194 = CIRCLE('',#11195,0.8763);
#11195 = AXIS2_PLACEMENT_3D('',#11196,#11197,#11198);
#11196 = CARTESIAN_POINT('',(76.782692,-74.999995,0.));
#11197 = DIRECTION('',(-0.,0.,-1.));
#11198 = DIRECTION('',(-0.,-1.,0.));
#11199 = FACE_BOUND('',#11200,.F.);
#11200 = EDGE_LOOP('',(#11201));
#11201 = ORIENTED_EDGE('',*,*,#11202,.T.);
#11202 = EDGE_CURVE('',#11203,#11203,#11205,.T.);
#11203 = VERTEX_POINT('',#11204);
#11204 = CARTESIAN_POINT('',(82.832706,-67.321604,0.));
#11205 = CIRCLE('',#11206,1.3716);
#11206 = AXIS2_PLACEMENT_3D('',#11207,#11208,#11209);
#11207 = CARTESIAN_POINT('',(82.832706,-65.950004,0.));
#11208 = DIRECTION('',(-0.,0.,-1.));
#11209 = DIRECTION('',(-0.,-1.,0.));
#11210 = FACE_BOUND('',#11211,.F.);
#11211 = EDGE_LOOP('',(#11212));
#11212 = ORIENTED_EDGE('',*,*,#11213,.T.);
#11213 = EDGE_CURVE('',#11214,#11214,#11216,.T.);
#11214 = VERTEX_POINT('',#11215);
#11215 = CARTESIAN_POINT('',(75.5,-66.25,0.));
#11216 = CIRCLE('',#11217,2.25);
#11217 = AXIS2_PLACEMENT_3D('',#11218,#11219,#11220);
#11218 = CARTESIAN_POINT('',(75.5,-64.,0.));
#11219 = DIRECTION('',(-0.,0.,-1.));
#11220 = DIRECTION('',(-0.,-1.,0.));
#11221 = FACE_BOUND('',#11222,.F.);
#11222 = EDGE_LOOP('',(#11223));
#11223 = ORIENTED_EDGE('',*,*,#11224,.T.);
#11224 = EDGE_CURVE('',#11225,#11225,#11227,.T.);
#11225 = VERTEX_POINT('',#11226);
#11226 = CARTESIAN_POINT('',(147.832703,-67.321604,0.));
#11227 = CIRCLE('',#11228,1.3716);
#11228 = AXIS2_PLACEMENT_3D('',#11229,#11230,#11231);
#11229 = CARTESIAN_POINT('',(147.832703,-65.950004,0.));
#11230 = DIRECTION('',(-0.,0.,-1.));
#11231 = DIRECTION('',(-0.,-1.,0.));
#11232 = FACE_BOUND('',#11233,.F.);
#11233 = EDGE_LOOP('',(#11234));
#11234 = ORIENTED_EDGE('',*,*,#11235,.T.);
#11235 = EDGE_CURVE('',#11236,#11236,#11238,.T.);
#11236 = VERTEX_POINT('',#11237);
#11237 = CARTESIAN_POINT('',(178.93,-118.62,0.));
#11238 = CIRCLE('',#11239,1.6);
#11239 = AXIS2_PLACEMENT_3D('',#11240,#11241,#11242);
#11240 = CARTESIAN_POINT('',(178.93,-117.02,0.));
#11241 = DIRECTION('',(-0.,0.,-1.));
#11242 = DIRECTION('',(-0.,-1.,0.));
#11243 = FACE_BOUND('',#11244,.F.);
#11244 = EDGE_LOOP('',(#11245));
#11245 = ORIENTED_EDGE('',*,*,#11246,.T.);
#11246 = EDGE_CURVE('',#11247,#11247,#11249,.T.);
#11247 = VERTEX_POINT('',#11248);
#11248 = CARTESIAN_POINT('',(181.47,-79.428,0.));
#11249 = CIRCLE('',#11250,0.508);
#11250 = AXIS2_PLACEMENT_3D('',#11251,#11252,#11253);
#11251 = CARTESIAN_POINT('',(181.47,-78.92,0.));
#11252 = DIRECTION('',(-0.,0.,-1.));
#11253 = DIRECTION('',(-0.,-1.,0.));
#11254 = FACE_BOUND('',#11255,.F.);
#11255 = EDGE_LOOP('',(#11256));
#11256 = ORIENTED_EDGE('',*,*,#11257,.T.);
#11257 = EDGE_CURVE('',#11258,#11258,#11260,.T.);
#11258 = VERTEX_POINT('',#11259);
#11259 = CARTESIAN_POINT('',(184.01,-79.428,0.));
#11260 = CIRCLE('',#11261,0.508);
#11261 = AXIS2_PLACEMENT_3D('',#11262,#11263,#11264);
#11262 = CARTESIAN_POINT('',(184.01,-78.92,0.));
#11263 = DIRECTION('',(-0.,0.,-1.));
#11264 = DIRECTION('',(-0.,-1.,0.));
#11265 = FACE_BOUND('',#11266,.F.);
#11266 = EDGE_LOOP('',(#11267));
#11267 = ORIENTED_EDGE('',*,*,#11268,.T.);
#11268 = EDGE_CURVE('',#11269,#11269,#11271,.T.);
#11269 = VERTEX_POINT('',#11270);
#11270 = CARTESIAN_POINT('',(186.55,-79.428,0.));
#11271 = CIRCLE('',#11272,0.508);
#11272 = AXIS2_PLACEMENT_3D('',#11273,#11274,#11275);
#11273 = CARTESIAN_POINT('',(186.55,-78.92,0.));
#11274 = DIRECTION('',(-0.,0.,-1.));
#11275 = DIRECTION('',(-0.,-1.,0.));
#11276 = FACE_BOUND('',#11277,.F.);
#11277 = EDGE_LOOP('',(#11278));
#11278 = ORIENTED_EDGE('',*,*,#11279,.T.);
#11279 = EDGE_CURVE('',#11280,#11280,#11282,.T.);
#11280 = VERTEX_POINT('',#11281);
#11281 = CARTESIAN_POINT('',(189.09,-79.428,0.));
#11282 = CIRCLE('',#11283,0.508);
#11283 = AXIS2_PLACEMENT_3D('',#11284,#11285,#11286);
#11284 = CARTESIAN_POINT('',(189.09,-78.92,0.));
#11285 = DIRECTION('',(-0.,0.,-1.));
#11286 = DIRECTION('',(-0.,-1.,0.));
#11287 = FACE_BOUND('',#11288,.F.);
#11288 = EDGE_LOOP('',(#11289));
#11289 = ORIENTED_EDGE('',*,*,#11290,.T.);
#11290 = EDGE_CURVE('',#11291,#11291,#11293,.T.);
#11291 = VERTEX_POINT('',#11292);
#11292 = CARTESIAN_POINT('',(191.63,-79.428,0.));
#11293 = CIRCLE('',#11294,0.508);
#11294 = AXIS2_PLACEMENT_3D('',#11295,#11296,#11297);
#11295 = CARTESIAN_POINT('',(191.63,-78.92,0.));
#11296 = DIRECTION('',(-0.,0.,-1.));
#11297 = DIRECTION('',(-0.,-1.,0.));
#11298 = FACE_BOUND('',#11299,.F.);
#11299 = EDGE_LOOP('',(#11300));
#11300 = ORIENTED_EDGE('',*,*,#11301,.T.);
#11301 = EDGE_CURVE('',#11302,#11302,#11304,.T.);
#11302 = VERTEX_POINT('',#11303);
#11303 = CARTESIAN_POINT('',(194.17,-79.428,0.));
#11304 = CIRCLE('',#11305,0.508);
#11305 = AXIS2_PLACEMENT_3D('',#11306,#11307,#11308);
#11306 = CARTESIAN_POINT('',(194.17,-78.92,0.));
#11307 = DIRECTION('',(-0.,0.,-1.));
#11308 = DIRECTION('',(-5.594824691025E-14,-1.,0.));
#11309 = FACE_BOUND('',#11310,.F.);
#11310 = EDGE_LOOP('',(#11311));
#11311 = ORIENTED_EDGE('',*,*,#11312,.T.);
#11312 = EDGE_CURVE('',#11313,#11313,#11315,.T.);
#11313 = VERTEX_POINT('',#11314);
#11314 = CARTESIAN_POINT('',(196.71,-79.428,0.));
#11315 = CIRCLE('',#11316,0.508);
#11316 = AXIS2_PLACEMENT_3D('',#11317,#11318,#11319);
#11317 = CARTESIAN_POINT('',(196.71,-78.92,0.));
#11318 = DIRECTION('',(-0.,0.,-1.));
#11319 = DIRECTION('',(5.594824691024E-14,-1.,-0.));
#11320 = FACE_BOUND('',#11321,.F.);
#11321 = EDGE_LOOP('',(#11322));
#11322 = ORIENTED_EDGE('',*,*,#11323,.T.);
#11323 = EDGE_CURVE('',#11324,#11324,#11326,.T.);
#11324 = VERTEX_POINT('',#11325);
#11325 = CARTESIAN_POINT('',(199.25,-79.428,0.));
#11326 = CIRCLE('',#11327,0.508);
#11327 = AXIS2_PLACEMENT_3D('',#11328,#11329,#11330);
#11328 = CARTESIAN_POINT('',(199.25,-78.92,0.));
#11329 = DIRECTION('',(-0.,0.,-1.));
#11330 = DIRECTION('',(-0.,-1.,0.));
#11331 = FACE_BOUND('',#11332,.F.);
#11332 = EDGE_LOOP('',(#11333));
#11333 = ORIENTED_EDGE('',*,*,#11334,.T.);
#11334 = EDGE_CURVE('',#11335,#11335,#11337,.T.);
#11335 = VERTEX_POINT('',#11336);
#11336 = CARTESIAN_POINT('',(201.79,-79.428,0.));
#11337 = CIRCLE('',#11338,0.508);
#11338 = AXIS2_PLACEMENT_3D('',#11339,#11340,#11341);
#11339 = CARTESIAN_POINT('',(201.79,-78.92,0.));
#11340 = DIRECTION('',(-0.,0.,-1.));
#11341 = DIRECTION('',(-5.594824691025E-14,-1.,0.));
#11342 = FACE_BOUND('',#11343,.F.);
#11343 = EDGE_LOOP('',(#11344));
#11344 = ORIENTED_EDGE('',*,*,#11345,.T.);
#11345 = EDGE_CURVE('',#11346,#11346,#11348,.T.);
#11346 = VERTEX_POINT('',#11347);
#11347 = CARTESIAN_POINT('',(204.33,-79.428,0.));
#11348 = CIRCLE('',#11349,0.508);
#11349 = AXIS2_PLACEMENT_3D('',#11350,#11351,#11352);
#11350 = CARTESIAN_POINT('',(204.33,-78.92,0.));
#11351 = DIRECTION('',(-0.,0.,-1.));
#11352 = DIRECTION('',(5.594824691024E-14,-1.,-0.));
#11353 = FACE_BOUND('',#11354,.F.);
#11354 = EDGE_LOOP('',(#11355));
#11355 = ORIENTED_EDGE('',*,*,#11356,.T.);
#11356 = EDGE_CURVE('',#11357,#11357,#11359,.T.);
#11357 = VERTEX_POINT('',#11358);
#11358 = CARTESIAN_POINT('',(206.87,-79.428,0.));
#11359 = CIRCLE('',#11360,0.508);
#11360 = AXIS2_PLACEMENT_3D('',#11361,#11362,#11363);
#11361 = CARTESIAN_POINT('',(206.87,-78.92,0.));
#11362 = DIRECTION('',(-0.,0.,-1.));
#11363 = DIRECTION('',(-0.,-1.,0.));
#11364 = FACE_BOUND('',#11365,.F.);
#11365 = EDGE_LOOP('',(#11366));
#11366 = ORIENTED_EDGE('',*,*,#11367,.T.);
#11367 = EDGE_CURVE('',#11368,#11368,#11370,.T.);
#11368 = VERTEX_POINT('',#11369);
#11369 = CARTESIAN_POINT('',(209.41,-79.428,0.));
#11370 = CIRCLE('',#11371,0.508);
#11371 = AXIS2_PLACEMENT_3D('',#11372,#11373,#11374);
#11372 = CARTESIAN_POINT('',(209.41,-78.92,0.));
#11373 = DIRECTION('',(-0.,0.,-1.));
#11374 = DIRECTION('',(-0.,-1.,0.));
#11375 = FACE_BOUND('',#11376,.F.);
#11376 = EDGE_LOOP('',(#11377));
#11377 = ORIENTED_EDGE('',*,*,#11378,.T.);
#11378 = EDGE_CURVE('',#11379,#11379,#11381,.T.);
#11379 = VERTEX_POINT('',#11380);
#11380 = CARTESIAN_POINT('',(211.95,-79.428,0.));
#11381 = CIRCLE('',#11382,0.508);
#11382 = AXIS2_PLACEMENT_3D('',#11383,#11384,#11385);
#11383 = CARTESIAN_POINT('',(211.95,-78.92,0.));
#11384 = DIRECTION('',(-0.,0.,-1.));
#11385 = DIRECTION('',(-0.,-1.,0.));
#11386 = FACE_BOUND('',#11387,.F.);
#11387 = EDGE_LOOP('',(#11388));
#11388 = ORIENTED_EDGE('',*,*,#11389,.T.);
#11389 = EDGE_CURVE('',#11390,#11390,#11392,.T.);
#11390 = VERTEX_POINT('',#11391);
#11391 = CARTESIAN_POINT('',(214.49,-79.428,0.));
#11392 = CIRCLE('',#11393,0.508);
#11393 = AXIS2_PLACEMENT_3D('',#11394,#11395,#11396);
#11394 = CARTESIAN_POINT('',(214.49,-78.92,0.));
#11395 = DIRECTION('',(-0.,0.,-1.));
#11396 = DIRECTION('',(-0.,-1.,0.));
#11397 = FACE_BOUND('',#11398,.F.);
#11398 = EDGE_LOOP('',(#11399));
#11399 = ORIENTED_EDGE('',*,*,#11400,.T.);
#11400 = EDGE_CURVE('',#11401,#11401,#11403,.T.);
#11401 = VERTEX_POINT('',#11402);
#11402 = CARTESIAN_POINT('',(217.03,-79.428,0.));
#11403 = CIRCLE('',#11404,0.508);
#11404 = AXIS2_PLACEMENT_3D('',#11405,#11406,#11407);
#11405 = CARTESIAN_POINT('',(217.03,-78.92,0.));
#11406 = DIRECTION('',(-0.,0.,-1.));
#11407 = DIRECTION('',(-0.,-1.,0.));
#11408 = FACE_BOUND('',#11409,.F.);
#11409 = EDGE_LOOP('',(#11410));
#11410 = ORIENTED_EDGE('',*,*,#11411,.T.);
#11411 = EDGE_CURVE('',#11412,#11412,#11414,.T.);
#11412 = VERTEX_POINT('',#11413);
#11413 = CARTESIAN_POINT('',(181.47,-76.888,0.));
#11414 = CIRCLE('',#11415,0.508);
#11415 = AXIS2_PLACEMENT_3D('',#11416,#11417,#11418);
#11416 = CARTESIAN_POINT('',(181.47,-76.38,0.));
#11417 = DIRECTION('',(-0.,0.,-1.));
#11418 = DIRECTION('',(-0.,-1.,0.));
#11419 = FACE_BOUND('',#11420,.F.);
#11420 = EDGE_LOOP('',(#11421));
#11421 = ORIENTED_EDGE('',*,*,#11422,.T.);
#11422 = EDGE_CURVE('',#11423,#11423,#11425,.T.);
#11423 = VERTEX_POINT('',#11424);
#11424 = CARTESIAN_POINT('',(184.01,-76.888,0.));
#11425 = CIRCLE('',#11426,0.508);
#11426 = AXIS2_PLACEMENT_3D('',#11427,#11428,#11429);
#11427 = CARTESIAN_POINT('',(184.01,-76.38,0.));
#11428 = DIRECTION('',(-0.,0.,-1.));
#11429 = DIRECTION('',(-0.,-1.,0.));
#11430 = FACE_BOUND('',#11431,.F.);
#11431 = EDGE_LOOP('',(#11432));
#11432 = ORIENTED_EDGE('',*,*,#11433,.T.);
#11433 = EDGE_CURVE('',#11434,#11434,#11436,.T.);
#11434 = VERTEX_POINT('',#11435);
#11435 = CARTESIAN_POINT('',(186.55,-76.888,0.));
#11436 = CIRCLE('',#11437,0.508);
#11437 = AXIS2_PLACEMENT_3D('',#11438,#11439,#11440);
#11438 = CARTESIAN_POINT('',(186.55,-76.38,0.));
#11439 = DIRECTION('',(-0.,0.,-1.));
#11440 = DIRECTION('',(-0.,-1.,0.));
#11441 = FACE_BOUND('',#11442,.F.);
#11442 = EDGE_LOOP('',(#11443));
#11443 = ORIENTED_EDGE('',*,*,#11444,.T.);
#11444 = EDGE_CURVE('',#11445,#11445,#11447,.T.);
#11445 = VERTEX_POINT('',#11446);
#11446 = CARTESIAN_POINT('',(189.09,-76.888,0.));
#11447 = CIRCLE('',#11448,0.508);
#11448 = AXIS2_PLACEMENT_3D('',#11449,#11450,#11451);
#11449 = CARTESIAN_POINT('',(189.09,-76.38,0.));
#11450 = DIRECTION('',(-0.,0.,-1.));
#11451 = DIRECTION('',(-0.,-1.,0.));
#11452 = FACE_BOUND('',#11453,.F.);
#11453 = EDGE_LOOP('',(#11454));
#11454 = ORIENTED_EDGE('',*,*,#11455,.T.);
#11455 = EDGE_CURVE('',#11456,#11456,#11458,.T.);
#11456 = VERTEX_POINT('',#11457);
#11457 = CARTESIAN_POINT('',(191.63,-76.888,0.));
#11458 = CIRCLE('',#11459,0.508);
#11459 = AXIS2_PLACEMENT_3D('',#11460,#11461,#11462);
#11460 = CARTESIAN_POINT('',(191.63,-76.38,0.));
#11461 = DIRECTION('',(-0.,0.,-1.));
#11462 = DIRECTION('',(-0.,-1.,0.));
#11463 = FACE_BOUND('',#11464,.F.);
#11464 = EDGE_LOOP('',(#11465));
#11465 = ORIENTED_EDGE('',*,*,#11466,.T.);
#11466 = EDGE_CURVE('',#11467,#11467,#11469,.T.);
#11467 = VERTEX_POINT('',#11468);
#11468 = CARTESIAN_POINT('',(194.17,-76.888,0.));
#11469 = CIRCLE('',#11470,0.508);
#11470 = AXIS2_PLACEMENT_3D('',#11471,#11472,#11473);
#11471 = CARTESIAN_POINT('',(194.17,-76.38,0.));
#11472 = DIRECTION('',(-0.,0.,-1.));
#11473 = DIRECTION('',(-5.594824691025E-14,-1.,0.));
#11474 = FACE_BOUND('',#11475,.F.);
#11475 = EDGE_LOOP('',(#11476));
#11476 = ORIENTED_EDGE('',*,*,#11477,.T.);
#11477 = EDGE_CURVE('',#11478,#11478,#11480,.T.);
#11478 = VERTEX_POINT('',#11479);
#11479 = CARTESIAN_POINT('',(196.71,-76.888,0.));
#11480 = CIRCLE('',#11481,0.508);
#11481 = AXIS2_PLACEMENT_3D('',#11482,#11483,#11484);
#11482 = CARTESIAN_POINT('',(196.71,-76.38,0.));
#11483 = DIRECTION('',(-0.,0.,-1.));
#11484 = DIRECTION('',(5.594824691024E-14,-1.,-0.));
#11485 = FACE_BOUND('',#11486,.F.);
#11486 = EDGE_LOOP('',(#11487));
#11487 = ORIENTED_EDGE('',*,*,#11488,.T.);
#11488 = EDGE_CURVE('',#11489,#11489,#11491,.T.);
#11489 = VERTEX_POINT('',#11490);
#11490 = CARTESIAN_POINT('',(199.25,-76.888,0.));
#11491 = CIRCLE('',#11492,0.508);
#11492 = AXIS2_PLACEMENT_3D('',#11493,#11494,#11495);
#11493 = CARTESIAN_POINT('',(199.25,-76.38,0.));
#11494 = DIRECTION('',(-0.,0.,-1.));
#11495 = DIRECTION('',(-0.,-1.,0.));
#11496 = FACE_BOUND('',#11497,.F.);
#11497 = EDGE_LOOP('',(#11498));
#11498 = ORIENTED_EDGE('',*,*,#11499,.T.);
#11499 = EDGE_CURVE('',#11500,#11500,#11502,.T.);
#11500 = VERTEX_POINT('',#11501);
#11501 = CARTESIAN_POINT('',(201.79,-76.888,0.));
#11502 = CIRCLE('',#11503,0.508);
#11503 = AXIS2_PLACEMENT_3D('',#11504,#11505,#11506);
#11504 = CARTESIAN_POINT('',(201.79,-76.38,0.));
#11505 = DIRECTION('',(-0.,0.,-1.));
#11506 = DIRECTION('',(-5.594824691025E-14,-1.,0.));
#11507 = FACE_BOUND('',#11508,.F.);
#11508 = EDGE_LOOP('',(#11509));
#11509 = ORIENTED_EDGE('',*,*,#11510,.T.);
#11510 = EDGE_CURVE('',#11511,#11511,#11513,.T.);
#11511 = VERTEX_POINT('',#11512);
#11512 = CARTESIAN_POINT('',(204.33,-76.888,0.));
#11513 = CIRCLE('',#11514,0.508);
#11514 = AXIS2_PLACEMENT_3D('',#11515,#11516,#11517);
#11515 = CARTESIAN_POINT('',(204.33,-76.38,0.));
#11516 = DIRECTION('',(-0.,0.,-1.));
#11517 = DIRECTION('',(5.594824691024E-14,-1.,-0.));
#11518 = FACE_BOUND('',#11519,.F.);
#11519 = EDGE_LOOP('',(#11520));
#11520 = ORIENTED_EDGE('',*,*,#11521,.T.);
#11521 = EDGE_CURVE('',#11522,#11522,#11524,.T.);
#11522 = VERTEX_POINT('',#11523);
#11523 = CARTESIAN_POINT('',(206.87,-76.888,0.));
#11524 = CIRCLE('',#11525,0.508);
#11525 = AXIS2_PLACEMENT_3D('',#11526,#11527,#11528);
#11526 = CARTESIAN_POINT('',(206.87,-76.38,0.));
#11527 = DIRECTION('',(-0.,0.,-1.));
#11528 = DIRECTION('',(-0.,-1.,0.));
#11529 = FACE_BOUND('',#11530,.F.);
#11530 = EDGE_LOOP('',(#11531));
#11531 = ORIENTED_EDGE('',*,*,#11532,.T.);
#11532 = EDGE_CURVE('',#11533,#11533,#11535,.T.);
#11533 = VERTEX_POINT('',#11534);
#11534 = CARTESIAN_POINT('',(209.41,-76.888,0.));
#11535 = CIRCLE('',#11536,0.508);
#11536 = AXIS2_PLACEMENT_3D('',#11537,#11538,#11539);
#11537 = CARTESIAN_POINT('',(209.41,-76.38,0.));
#11538 = DIRECTION('',(-0.,0.,-1.));
#11539 = DIRECTION('',(-0.,-1.,0.));
#11540 = FACE_BOUND('',#11541,.F.);
#11541 = EDGE_LOOP('',(#11542));
#11542 = ORIENTED_EDGE('',*,*,#11543,.T.);
#11543 = EDGE_CURVE('',#11544,#11544,#11546,.T.);
#11544 = VERTEX_POINT('',#11545);
#11545 = CARTESIAN_POINT('',(211.95,-76.888,0.));
#11546 = CIRCLE('',#11547,0.508);
#11547 = AXIS2_PLACEMENT_3D('',#11548,#11549,#11550);
#11548 = CARTESIAN_POINT('',(211.95,-76.38,0.));
#11549 = DIRECTION('',(-0.,0.,-1.));
#11550 = DIRECTION('',(-0.,-1.,0.));
#11551 = FACE_BOUND('',#11552,.F.);
#11552 = EDGE_LOOP('',(#11553));
#11553 = ORIENTED_EDGE('',*,*,#11554,.T.);
#11554 = EDGE_CURVE('',#11555,#11555,#11557,.T.);
#11555 = VERTEX_POINT('',#11556);
#11556 = CARTESIAN_POINT('',(214.49,-76.888,0.));
#11557 = CIRCLE('',#11558,0.508);
#11558 = AXIS2_PLACEMENT_3D('',#11559,#11560,#11561);
#11559 = CARTESIAN_POINT('',(214.49,-76.38,0.));
#11560 = DIRECTION('',(-0.,0.,-1.));
#11561 = DIRECTION('',(-0.,-1.,0.));
#11562 = FACE_BOUND('',#11563,.F.);
#11563 = EDGE_LOOP('',(#11564));
#11564 = ORIENTED_EDGE('',*,*,#11565,.T.);
#11565 = EDGE_CURVE('',#11566,#11566,#11568,.T.);
#11566 = VERTEX_POINT('',#11567);
#11567 = CARTESIAN_POINT('',(217.03,-76.888,0.));
#11568 = CIRCLE('',#11569,0.508);
#11569 = AXIS2_PLACEMENT_3D('',#11570,#11571,#11572);
#11570 = CARTESIAN_POINT('',(217.03,-76.38,0.));
#11571 = DIRECTION('',(-0.,0.,-1.));
#11572 = DIRECTION('',(-0.,-1.,0.));
#11573 = FACE_BOUND('',#11574,.F.);
#11574 = EDGE_LOOP('',(#11575));
#11575 = ORIENTED_EDGE('',*,*,#11576,.T.);
#11576 = EDGE_CURVE('',#11577,#11577,#11579,.T.);
#11577 = VERTEX_POINT('',#11578);
#11578 = CARTESIAN_POINT('',(219.57,-79.428,0.));
#11579 = CIRCLE('',#11580,0.508);
#11580 = AXIS2_PLACEMENT_3D('',#11581,#11582,#11583);
#11581 = CARTESIAN_POINT('',(219.57,-78.92,0.));
#11582 = DIRECTION('',(-0.,0.,-1.));
#11583 = DIRECTION('',(-0.,-1.,0.));
#11584 = FACE_BOUND('',#11585,.F.);
#11585 = EDGE_LOOP('',(#11586));
#11586 = ORIENTED_EDGE('',*,*,#11587,.T.);
#11587 = EDGE_CURVE('',#11588,#11588,#11590,.T.);
#11588 = VERTEX_POINT('',#11589);
#11589 = CARTESIAN_POINT('',(222.11,-79.428,0.));
#11590 = CIRCLE('',#11591,0.508);
#11591 = AXIS2_PLACEMENT_3D('',#11592,#11593,#11594);
#11592 = CARTESIAN_POINT('',(222.11,-78.92,0.));
#11593 = DIRECTION('',(-0.,0.,-1.));
#11594 = DIRECTION('',(-0.,-1.,0.));
#11595 = FACE_BOUND('',#11596,.F.);
#11596 = EDGE_LOOP('',(#11597));
#11597 = ORIENTED_EDGE('',*,*,#11598,.T.);
#11598 = EDGE_CURVE('',#11599,#11599,#11601,.T.);
#11599 = VERTEX_POINT('',#11600);
#11600 = CARTESIAN_POINT('',(224.65,-79.428,0.));
#11601 = CIRCLE('',#11602,0.508);
#11602 = AXIS2_PLACEMENT_3D('',#11603,#11604,#11605);
#11603 = CARTESIAN_POINT('',(224.65,-78.92,0.));
#11604 = DIRECTION('',(-0.,0.,-1.));
#11605 = DIRECTION('',(5.594824691024E-14,-1.,-0.));
#11606 = FACE_BOUND('',#11607,.F.);
#11607 = EDGE_LOOP('',(#11608));
#11608 = ORIENTED_EDGE('',*,*,#11609,.T.);
#11609 = EDGE_CURVE('',#11610,#11610,#11612,.T.);
#11610 = VERTEX_POINT('',#11611);
#11611 = CARTESIAN_POINT('',(227.19,-79.428,0.));
#11612 = CIRCLE('',#11613,0.508);
#11613 = AXIS2_PLACEMENT_3D('',#11614,#11615,#11616);
#11614 = CARTESIAN_POINT('',(227.19,-78.92,0.));
#11615 = DIRECTION('',(-0.,0.,-1.));
#11616 = DIRECTION('',(-0.,-1.,0.));
#11617 = FACE_BOUND('',#11618,.F.);
#11618 = EDGE_LOOP('',(#11619));
#11619 = ORIENTED_EDGE('',*,*,#11620,.T.);
#11620 = EDGE_CURVE('',#11621,#11621,#11623,.T.);
#11621 = VERTEX_POINT('',#11622);
#11622 = CARTESIAN_POINT('',(231.,-85.6,0.));
#11623 = CIRCLE('',#11624,1.6);
#11624 = AXIS2_PLACEMENT_3D('',#11625,#11626,#11627);
#11625 = CARTESIAN_POINT('',(231.,-84.,0.));
#11626 = DIRECTION('',(-0.,0.,-1.));
#11627 = DIRECTION('',(-0.,-1.,0.));
#11628 = FACE_BOUND('',#11629,.F.);
#11629 = EDGE_LOOP('',(#11630));
#11630 = ORIENTED_EDGE('',*,*,#11631,.T.);
#11631 = EDGE_CURVE('',#11632,#11632,#11634,.T.);
#11632 = VERTEX_POINT('',#11633);
#11633 = CARTESIAN_POINT('',(219.57,-76.888,0.));
#11634 = CIRCLE('',#11635,0.508);
#11635 = AXIS2_PLACEMENT_3D('',#11636,#11637,#11638);
#11636 = CARTESIAN_POINT('',(219.57,-76.38,0.));
#11637 = DIRECTION('',(-0.,0.,-1.));
#11638 = DIRECTION('',(-0.,-1.,0.));
#11639 = FACE_BOUND('',#11640,.F.);
#11640 = EDGE_LOOP('',(#11641));
#11641 = ORIENTED_EDGE('',*,*,#11642,.T.);
#11642 = EDGE_CURVE('',#11643,#11643,#11645,.T.);
#11643 = VERTEX_POINT('',#11644);
#11644 = CARTESIAN_POINT('',(222.11,-76.888,0.));
#11645 = CIRCLE('',#11646,0.508);
#11646 = AXIS2_PLACEMENT_3D('',#11647,#11648,#11649);
#11647 = CARTESIAN_POINT('',(222.11,-76.38,0.));
#11648 = DIRECTION('',(-0.,0.,-1.));
#11649 = DIRECTION('',(-0.,-1.,0.));
#11650 = FACE_BOUND('',#11651,.F.);
#11651 = EDGE_LOOP('',(#11652));
#11652 = ORIENTED_EDGE('',*,*,#11653,.T.);
#11653 = EDGE_CURVE('',#11654,#11654,#11656,.T.);
#11654 = VERTEX_POINT('',#11655);
#11655 = CARTESIAN_POINT('',(224.65,-76.888,0.));
#11656 = CIRCLE('',#11657,0.508);
#11657 = AXIS2_PLACEMENT_3D('',#11658,#11659,#11660);
#11658 = CARTESIAN_POINT('',(224.65,-76.38,0.));
#11659 = DIRECTION('',(-0.,0.,-1.));
#11660 = DIRECTION('',(5.594824691024E-14,-1.,-0.));
#11661 = FACE_BOUND('',#11662,.F.);
#11662 = EDGE_LOOP('',(#11663));
#11663 = ORIENTED_EDGE('',*,*,#11664,.T.);
#11664 = EDGE_CURVE('',#11665,#11665,#11667,.T.);
#11665 = VERTEX_POINT('',#11666);
#11666 = CARTESIAN_POINT('',(227.19,-76.888,0.));
#11667 = CIRCLE('',#11668,0.508);
#11668 = AXIS2_PLACEMENT_3D('',#11669,#11670,#11671);
#11669 = CARTESIAN_POINT('',(227.19,-76.38,0.));
#11670 = DIRECTION('',(-0.,0.,-1.));
#11671 = DIRECTION('',(-0.,-1.,0.));
#11672 = FACE_BOUND('',#11673,.F.);
#11673 = EDGE_LOOP('',(#11674));
#11674 = ORIENTED_EDGE('',*,*,#11675,.T.);
#11675 = EDGE_CURVE('',#11676,#11676,#11678,.T.);
#11676 = VERTEX_POINT('',#11677);
#11677 = CARTESIAN_POINT('',(264.,-66.25,0.));
#11678 = CIRCLE('',#11679,2.25);
#11679 = AXIS2_PLACEMENT_3D('',#11680,#11681,#11682);
#11680 = CARTESIAN_POINT('',(264.,-64.,0.));
#11681 = DIRECTION('',(-0.,0.,-1.));
#11682 = DIRECTION('',(-0.,-1.,0.));
#11683 = PLANE('',#11684);
#11684 = AXIS2_PLACEMENT_3D('',#11685,#11686,#11687);
#11685 = CARTESIAN_POINT('',(0.,0.,0.));
#11686 = DIRECTION('',(0.,0.,1.));
#11687 = DIRECTION('',(1.,0.,-0.));
#11688 = ADVANCED_FACE('',(#11689,#11700,#11711,#11722,#11758,#11769,
    #11780,#11791,#11802,#11813,#11824,#11835,#11846,#11857,#11868,
    #11879,#11890,#11901,#11912,#11948,#11959,#11970,#11981,#11992,
    #12003,#12014,#12025,#12036,#12047,#12058,#12069,#12080,#12091,
    #12102,#12113,#12124,#12135,#12146,#12182,#12218,#12229,#12240,
    #12251,#12262,#12273,#12284,#12295,#12306,#12317,#12328,#12339,
    #12350,#12361,#12372,#12383,#12394,#12405,#12416,#12427,#12438,
    #12449,#12460,#12471,#12482,#12493,#12504,#12515,#12526,#12537,
    #12548,#12559,#12570,#12581,#12592,#12603,#12614,#12625,#12636,
    #12647,#12658,#12669,#12680,#12691,#12702,#12713,#12724,#12735,
    #12746,#12757,#12768,#12779,#12790,#12801,#12812,#12823,#12834,
    #12845,#12856,#12867,#12878,#12889,#12900,#12911,#12922,#12933,
    #12944,#12955,#12966,#12977,#12988,#12999,#13010,#13021,#13032,
    #13043,#13054,#13065,#13076,#13087,#13098,#13109,#13120,#13131,
    #13142,#13153,#13164,#13175,#13186,#13197,#13208,#13219,#13230,
    #13241,#13252,#13263,#13274,#13285,#13296,#13307,#13318,#13329,
    #13340,#13351,#13362,#13373,#13384,#13395,#13406,#13417,#13453,
    #13489,#13525,#13561,#13572,#13608,#13644,#13655,#13666,#13677,
    #13688,#13699,#13710,#13721,#13732,#13743,#13754,#13765,#13776,
    #13787,#13798,#13809,#13820,#13831,#13842,#13853,#13864,#13875,
    #13886,#13897,#13908,#13919,#13930,#13941,#13952,#13963,#13974,
    #13985,#13996,#14007,#14018,#14029,#14040,#14051,#14062,#14073,
    #14084,#14095,#14106,#14117,#14128,#14139,#14150,#14161,#14172,
    #14183,#14194,#14205,#14216,#14227,#14238,#14249,#14260,#14271,
    #14282,#14293,#14304,#14315),#14326,.T.);
#11689 = FACE_BOUND('',#11690,.T.);
#11690 = EDGE_LOOP('',(#11691,#11692,#11693,#11699));
#11691 = ORIENTED_EDGE('',*,*,#8957,.F.);
#11692 = ORIENTED_EDGE('',*,*,#8997,.F.);
#11693 = ORIENTED_EDGE('',*,*,#11694,.F.);
#11694 = EDGE_CURVE('',#9020,#8990,#11695,.T.);
#11695 = LINE('',#11696,#11697);
#11696 = CARTESIAN_POINT('',(70.,-58.5,1.474798));
#11697 = VECTOR('',#11698,1.);
#11698 = DIRECTION('',(1.,0.,0.));
#11699 = ORIENTED_EDGE('',*,*,#9019,.F.);
#11700 = FACE_BOUND('',#11701,.T.);
#11701 = EDGE_LOOP('',(#11702));
#11702 = ORIENTED_EDGE('',*,*,#11703,.T.);
#11703 = EDGE_CURVE('',#11704,#11704,#11706,.T.);
#11704 = VERTEX_POINT('',#11705);
#11705 = CARTESIAN_POINT('',(75.5,-195.25,1.474798));
#11706 = CIRCLE('',#11707,2.25);
#11707 = AXIS2_PLACEMENT_3D('',#11708,#11709,#11710);
#11708 = CARTESIAN_POINT('',(75.5,-193.,1.474798));
#11709 = DIRECTION('',(-0.,0.,-1.));
#11710 = DIRECTION('',(-0.,-1.,0.));
#11711 = FACE_BOUND('',#11712,.T.);
#11712 = EDGE_LOOP('',(#11713));
#11713 = ORIENTED_EDGE('',*,*,#11714,.T.);
#11714 = EDGE_CURVE('',#11715,#11715,#11717,.T.);
#11715 = VERTEX_POINT('',#11716);
#11716 = CARTESIAN_POINT('',(93.49999,-193.5193,1.474798));
#11717 = CIRCLE('',#11718,2.0193);
#11718 = AXIS2_PLACEMENT_3D('',#11719,#11720,#11721);
#11719 = CARTESIAN_POINT('',(93.49999,-191.5,1.474798));
#11720 = DIRECTION('',(-0.,0.,-1.));
#11721 = DIRECTION('',(-0.,-1.,0.));
#11722 = FACE_BOUND('',#11723,.T.);
#11723 = EDGE_LOOP('',(#11724,#11735,#11743,#11752));
#11724 = ORIENTED_EDGE('',*,*,#11725,.T.);
#11725 = EDGE_CURVE('',#11726,#11728,#11730,.T.);
#11726 = VERTEX_POINT('',#11727);
#11727 = CARTESIAN_POINT('',(86.815,-183.305,1.474798));
#11728 = VERTEX_POINT('',#11729);
#11729 = CARTESIAN_POINT('',(86.815,-184.065,1.474798));
#11730 = CIRCLE('',#11731,0.38);
#11731 = AXIS2_PLACEMENT_3D('',#11732,#11733,#11734);
#11732 = CARTESIAN_POINT('',(86.815,-183.685,1.474798));
#11733 = DIRECTION('',(-0.,0.,-1.));
#11734 = DIRECTION('',(-0.,-1.,0.));
#11735 = ORIENTED_EDGE('',*,*,#11736,.T.);
#11736 = EDGE_CURVE('',#11728,#11737,#11739,.T.);
#11737 = VERTEX_POINT('',#11738);
#11738 = CARTESIAN_POINT('',(81.185,-184.065,1.474798));
#11739 = LINE('',#11740,#11741);
#11740 = CARTESIAN_POINT('',(40.5925,-184.065,1.474798));
#11741 = VECTOR('',#11742,1.);
#11742 = DIRECTION('',(-1.,0.,0.));
#11743 = ORIENTED_EDGE('',*,*,#11744,.T.);
#11744 = EDGE_CURVE('',#11737,#11745,#11747,.T.);
#11745 = VERTEX_POINT('',#11746);
#11746 = CARTESIAN_POINT('',(81.185,-183.305,1.474798));
#11747 = CIRCLE('',#11748,0.38);
#11748 = AXIS2_PLACEMENT_3D('',#11749,#11750,#11751);
#11749 = CARTESIAN_POINT('',(81.185,-183.685,1.474798));
#11750 = DIRECTION('',(-0.,0.,-1.));
#11751 = DIRECTION('',(0.,1.,0.));
#11752 = ORIENTED_EDGE('',*,*,#11753,.T.);
#11753 = EDGE_CURVE('',#11745,#11726,#11754,.T.);
#11754 = LINE('',#11755,#11756);
#11755 = CARTESIAN_POINT('',(43.4075,-183.305,1.474798));
#11756 = VECTOR('',#11757,1.);
#11757 = DIRECTION('',(1.,0.,-0.));
#11758 = FACE_BOUND('',#11759,.T.);
#11759 = EDGE_LOOP('',(#11760));
#11760 = ORIENTED_EDGE('',*,*,#11761,.T.);
#11761 = EDGE_CURVE('',#11762,#11762,#11764,.T.);
#11762 = VERTEX_POINT('',#11763);
#11763 = CARTESIAN_POINT('',(100.499991,-193.314701,1.474798));
#11764 = CIRCLE('',#11765,0.7747);
#11765 = AXIS2_PLACEMENT_3D('',#11766,#11767,#11768);
#11766 = CARTESIAN_POINT('',(100.499991,-192.540001,1.474798));
#11767 = DIRECTION('',(-0.,0.,-1.));
#11768 = DIRECTION('',(-0.,-1.,0.));
#11769 = FACE_BOUND('',#11770,.T.);
#11770 = EDGE_LOOP('',(#11771));
#11771 = ORIENTED_EDGE('',*,*,#11772,.T.);
#11772 = EDGE_CURVE('',#11773,#11773,#11775,.T.);
#11773 = VERTEX_POINT('',#11774);
#11774 = CARTESIAN_POINT('',(103.999992,-193.314701,1.474798));
#11775 = CIRCLE('',#11776,0.7747);
#11776 = AXIS2_PLACEMENT_3D('',#11777,#11778,#11779);
#11777 = CARTESIAN_POINT('',(103.999992,-192.540001,1.474798));
#11778 = DIRECTION('',(-0.,0.,-1.));
#11779 = DIRECTION('',(1.834368751155E-14,-1.,-0.));
#11780 = FACE_BOUND('',#11781,.T.);
#11781 = EDGE_LOOP('',(#11782));
#11782 = ORIENTED_EDGE('',*,*,#11783,.T.);
#11783 = EDGE_CURVE('',#11784,#11784,#11786,.T.);
#11784 = VERTEX_POINT('',#11785);
#11785 = CARTESIAN_POINT('',(107.499993,-193.314701,1.474798));
#11786 = CIRCLE('',#11787,0.7747);
#11787 = AXIS2_PLACEMENT_3D('',#11788,#11789,#11790);
#11788 = CARTESIAN_POINT('',(107.499993,-192.540001,1.474798));
#11789 = DIRECTION('',(-0.,0.,-1.));
#11790 = DIRECTION('',(1.834368751155E-14,-1.,-0.));
#11791 = FACE_BOUND('',#11792,.T.);
#11792 = EDGE_LOOP('',(#11793));
#11793 = ORIENTED_EDGE('',*,*,#11794,.T.);
#11794 = EDGE_CURVE('',#11795,#11795,#11797,.T.);
#11795 = VERTEX_POINT('',#11796);
#11796 = CARTESIAN_POINT('',(100.499991,-189.814699,1.474798));
#11797 = CIRCLE('',#11798,0.7747);
#11798 = AXIS2_PLACEMENT_3D('',#11799,#11800,#11801);
#11799 = CARTESIAN_POINT('',(100.499991,-189.039999,1.474798));
#11800 = DIRECTION('',(-0.,0.,-1.));
#11801 = DIRECTION('',(-0.,-1.,0.));
#11802 = FACE_BOUND('',#11803,.T.);
#11803 = EDGE_LOOP('',(#11804));
#11804 = ORIENTED_EDGE('',*,*,#11805,.T.);
#11805 = EDGE_CURVE('',#11806,#11806,#11808,.T.);
#11806 = VERTEX_POINT('',#11807);
#11807 = CARTESIAN_POINT('',(103.999992,-189.814699,1.474798));
#11808 = CIRCLE('',#11809,0.7747);
#11809 = AXIS2_PLACEMENT_3D('',#11810,#11811,#11812);
#11810 = CARTESIAN_POINT('',(103.999992,-189.039999,1.474798));
#11811 = DIRECTION('',(-0.,0.,-1.));
#11812 = DIRECTION('',(1.834368751155E-14,-1.,-0.));
#11813 = FACE_BOUND('',#11814,.T.);
#11814 = EDGE_LOOP('',(#11815));
#11815 = ORIENTED_EDGE('',*,*,#11816,.T.);
#11816 = EDGE_CURVE('',#11817,#11817,#11819,.T.);
#11817 = VERTEX_POINT('',#11818);
#11818 = CARTESIAN_POINT('',(107.499993,-189.814699,1.474798));
#11819 = CIRCLE('',#11820,0.7747);
#11820 = AXIS2_PLACEMENT_3D('',#11821,#11822,#11823);
#11821 = CARTESIAN_POINT('',(107.499993,-189.039999,1.474798));
#11822 = DIRECTION('',(-0.,0.,-1.));
#11823 = DIRECTION('',(1.834368751155E-14,-1.,-0.));
#11824 = FACE_BOUND('',#11825,.T.);
#11825 = EDGE_LOOP('',(#11826));
#11826 = ORIENTED_EDGE('',*,*,#11827,.T.);
#11827 = EDGE_CURVE('',#11828,#11828,#11830,.T.);
#11828 = VERTEX_POINT('',#11829);
#11829 = CARTESIAN_POINT('',(110.999993,-193.314701,1.474798));
#11830 = CIRCLE('',#11831,0.7747);
#11831 = AXIS2_PLACEMENT_3D('',#11832,#11833,#11834);
#11832 = CARTESIAN_POINT('',(110.999993,-192.540001,1.474798));
#11833 = DIRECTION('',(-0.,0.,-1.));
#11834 = DIRECTION('',(1.834368751155E-14,-1.,-0.));
#11835 = FACE_BOUND('',#11836,.T.);
#11836 = EDGE_LOOP('',(#11837));
#11837 = ORIENTED_EDGE('',*,*,#11838,.T.);
#11838 = EDGE_CURVE('',#11839,#11839,#11841,.T.);
#11839 = VERTEX_POINT('',#11840);
#11840 = CARTESIAN_POINT('',(114.499994,-193.314701,1.474798));
#11841 = CIRCLE('',#11842,0.7747);
#11842 = AXIS2_PLACEMENT_3D('',#11843,#11844,#11845);
#11843 = CARTESIAN_POINT('',(114.499994,-192.540001,1.474798));
#11844 = DIRECTION('',(-0.,0.,-1.));
#11845 = DIRECTION('',(-0.,-1.,0.));
#11846 = FACE_BOUND('',#11847,.T.);
#11847 = EDGE_LOOP('',(#11848));
#11848 = ORIENTED_EDGE('',*,*,#11849,.T.);
#11849 = EDGE_CURVE('',#11850,#11850,#11852,.T.);
#11850 = VERTEX_POINT('',#11851);
#11851 = CARTESIAN_POINT('',(117.999995,-193.314701,1.474798));
#11852 = CIRCLE('',#11853,0.7747);
#11853 = AXIS2_PLACEMENT_3D('',#11854,#11855,#11856);
#11854 = CARTESIAN_POINT('',(117.999995,-192.540001,1.474798));
#11855 = DIRECTION('',(-0.,0.,-1.));
#11856 = DIRECTION('',(-0.,-1.,0.));
#11857 = FACE_BOUND('',#11858,.T.);
#11858 = EDGE_LOOP('',(#11859));
#11859 = ORIENTED_EDGE('',*,*,#11860,.T.);
#11860 = EDGE_CURVE('',#11861,#11861,#11863,.T.);
#11861 = VERTEX_POINT('',#11862);
#11862 = CARTESIAN_POINT('',(121.499995,-193.314701,1.474798));
#11863 = CIRCLE('',#11864,0.7747);
#11864 = AXIS2_PLACEMENT_3D('',#11865,#11866,#11867);
#11865 = CARTESIAN_POINT('',(121.499995,-192.540001,1.474798));
#11866 = DIRECTION('',(-0.,0.,-1.));
#11867 = DIRECTION('',(-0.,-1.,0.));
#11868 = FACE_BOUND('',#11869,.T.);
#11869 = EDGE_LOOP('',(#11870));
#11870 = ORIENTED_EDGE('',*,*,#11871,.T.);
#11871 = EDGE_CURVE('',#11872,#11872,#11874,.T.);
#11872 = VERTEX_POINT('',#11873);
#11873 = CARTESIAN_POINT('',(110.999993,-189.814699,1.474798));
#11874 = CIRCLE('',#11875,0.7747);
#11875 = AXIS2_PLACEMENT_3D('',#11876,#11877,#11878);
#11876 = CARTESIAN_POINT('',(110.999993,-189.039999,1.474798));
#11877 = DIRECTION('',(-0.,0.,-1.));
#11878 = DIRECTION('',(1.834368751155E-14,-1.,-0.));
#11879 = FACE_BOUND('',#11880,.T.);
#11880 = EDGE_LOOP('',(#11881));
#11881 = ORIENTED_EDGE('',*,*,#11882,.T.);
#11882 = EDGE_CURVE('',#11883,#11883,#11885,.T.);
#11883 = VERTEX_POINT('',#11884);
#11884 = CARTESIAN_POINT('',(114.499994,-189.814699,1.474798));
#11885 = CIRCLE('',#11886,0.7747);
#11886 = AXIS2_PLACEMENT_3D('',#11887,#11888,#11889);
#11887 = CARTESIAN_POINT('',(114.499994,-189.039999,1.474798));
#11888 = DIRECTION('',(-0.,0.,-1.));
#11889 = DIRECTION('',(-0.,-1.,0.));
#11890 = FACE_BOUND('',#11891,.T.);
#11891 = EDGE_LOOP('',(#11892));
#11892 = ORIENTED_EDGE('',*,*,#11893,.T.);
#11893 = EDGE_CURVE('',#11894,#11894,#11896,.T.);
#11894 = VERTEX_POINT('',#11895);
#11895 = CARTESIAN_POINT('',(117.999995,-189.814699,1.474798));
#11896 = CIRCLE('',#11897,0.7747);
#11897 = AXIS2_PLACEMENT_3D('',#11898,#11899,#11900);
#11898 = CARTESIAN_POINT('',(117.999995,-189.039999,1.474798));
#11899 = DIRECTION('',(-0.,0.,-1.));
#11900 = DIRECTION('',(-0.,-1.,0.));
#11901 = FACE_BOUND('',#11902,.T.);
#11902 = EDGE_LOOP('',(#11903));
#11903 = ORIENTED_EDGE('',*,*,#11904,.T.);
#11904 = EDGE_CURVE('',#11905,#11905,#11907,.T.);
#11905 = VERTEX_POINT('',#11906);
#11906 = CARTESIAN_POINT('',(121.499995,-189.814699,1.474798));
#11907 = CIRCLE('',#11908,0.7747);
#11908 = AXIS2_PLACEMENT_3D('',#11909,#11910,#11911);
#11909 = CARTESIAN_POINT('',(121.499995,-189.039999,1.474798));
#11910 = DIRECTION('',(-0.,0.,-1.));
#11911 = DIRECTION('',(-0.,-1.,0.));
#11912 = FACE_BOUND('',#11913,.T.);
#11913 = EDGE_LOOP('',(#11914,#11925,#11933,#11942));
#11914 = ORIENTED_EDGE('',*,*,#11915,.T.);
#11915 = EDGE_CURVE('',#11916,#11918,#11920,.T.);
#11916 = VERTEX_POINT('',#11917);
#11917 = CARTESIAN_POINT('',(105.815,-183.305,1.474798));
#11918 = VERTEX_POINT('',#11919);
#11919 = CARTESIAN_POINT('',(105.815,-184.065,1.474798));
#11920 = CIRCLE('',#11921,0.38);
#11921 = AXIS2_PLACEMENT_3D('',#11922,#11923,#11924);
#11922 = CARTESIAN_POINT('',(105.815,-183.685,1.474798));
#11923 = DIRECTION('',(-0.,0.,-1.));
#11924 = DIRECTION('',(-0.,-1.,0.));
#11925 = ORIENTED_EDGE('',*,*,#11926,.T.);
#11926 = EDGE_CURVE('',#11918,#11927,#11929,.T.);
#11927 = VERTEX_POINT('',#11928);
#11928 = CARTESIAN_POINT('',(100.185,-184.065,1.474798));
#11929 = LINE('',#11930,#11931);
#11930 = CARTESIAN_POINT('',(50.0925,-184.065,1.474798));
#11931 = VECTOR('',#11932,1.);
#11932 = DIRECTION('',(-1.,0.,0.));
#11933 = ORIENTED_EDGE('',*,*,#11934,.T.);
#11934 = EDGE_CURVE('',#11927,#11935,#11937,.T.);
#11935 = VERTEX_POINT('',#11936);
#11936 = CARTESIAN_POINT('',(100.185,-183.305,1.474798));
#11937 = CIRCLE('',#11938,0.38);
#11938 = AXIS2_PLACEMENT_3D('',#11939,#11940,#11941);
#11939 = CARTESIAN_POINT('',(100.185,-183.685,1.474798));
#11940 = DIRECTION('',(-0.,0.,-1.));
#11941 = DIRECTION('',(0.,1.,0.));
#11942 = ORIENTED_EDGE('',*,*,#11943,.T.);
#11943 = EDGE_CURVE('',#11935,#11916,#11944,.T.);
#11944 = LINE('',#11945,#11946);
#11945 = CARTESIAN_POINT('',(52.9075,-183.305,1.474798));
#11946 = VECTOR('',#11947,1.);
#11947 = DIRECTION('',(1.,0.,-0.));
#11948 = FACE_BOUND('',#11949,.T.);
#11949 = EDGE_LOOP('',(#11950));
#11950 = ORIENTED_EDGE('',*,*,#11951,.T.);
#11951 = EDGE_CURVE('',#11952,#11952,#11954,.T.);
#11952 = VERTEX_POINT('',#11953);
#11953 = CARTESIAN_POINT('',(124.999998,-193.314701,1.474798));
#11954 = CIRCLE('',#11955,0.7747);
#11955 = AXIS2_PLACEMENT_3D('',#11956,#11957,#11958);
#11956 = CARTESIAN_POINT('',(124.999998,-192.540001,1.474798));
#11957 = DIRECTION('',(-0.,0.,-1.));
#11958 = DIRECTION('',(-0.,-1.,0.));
#11959 = FACE_BOUND('',#11960,.T.);
#11960 = EDGE_LOOP('',(#11961));
#11961 = ORIENTED_EDGE('',*,*,#11962,.T.);
#11962 = EDGE_CURVE('',#11963,#11963,#11965,.T.);
#11963 = VERTEX_POINT('',#11964);
#11964 = CARTESIAN_POINT('',(128.499999,-193.314701,1.474798));
#11965 = CIRCLE('',#11966,0.7747);
#11966 = AXIS2_PLACEMENT_3D('',#11967,#11968,#11969);
#11967 = CARTESIAN_POINT('',(128.499999,-192.540001,1.474798));
#11968 = DIRECTION('',(-0.,0.,-1.));
#11969 = DIRECTION('',(-0.,-1.,0.));
#11970 = FACE_BOUND('',#11971,.T.);
#11971 = EDGE_LOOP('',(#11972));
#11972 = ORIENTED_EDGE('',*,*,#11973,.T.);
#11973 = EDGE_CURVE('',#11974,#11974,#11976,.T.);
#11974 = VERTEX_POINT('',#11975);
#11975 = CARTESIAN_POINT('',(132.,-193.314701,1.474798));
#11976 = CIRCLE('',#11977,0.7747);
#11977 = AXIS2_PLACEMENT_3D('',#11978,#11979,#11980);
#11978 = CARTESIAN_POINT('',(132.,-192.540001,1.474798));
#11979 = DIRECTION('',(-0.,0.,-1.));
#11980 = DIRECTION('',(-0.,-1.,0.));
#11981 = FACE_BOUND('',#11982,.T.);
#11982 = EDGE_LOOP('',(#11983));
#11983 = ORIENTED_EDGE('',*,*,#11984,.T.);
#11984 = EDGE_CURVE('',#11985,#11985,#11987,.T.);
#11985 = VERTEX_POINT('',#11986);
#11986 = CARTESIAN_POINT('',(124.999998,-189.814699,1.474798));
#11987 = CIRCLE('',#11988,0.7747);
#11988 = AXIS2_PLACEMENT_3D('',#11989,#11990,#11991);
#11989 = CARTESIAN_POINT('',(124.999998,-189.039999,1.474798));
#11990 = DIRECTION('',(-0.,0.,-1.));
#11991 = DIRECTION('',(-0.,-1.,0.));
#11992 = FACE_BOUND('',#11993,.T.);
#11993 = EDGE_LOOP('',(#11994));
#11994 = ORIENTED_EDGE('',*,*,#11995,.T.);
#11995 = EDGE_CURVE('',#11996,#11996,#11998,.T.);
#11996 = VERTEX_POINT('',#11997);
#11997 = CARTESIAN_POINT('',(128.499999,-189.814699,1.474798));
#11998 = CIRCLE('',#11999,0.7747);
#11999 = AXIS2_PLACEMENT_3D('',#12000,#12001,#12002);
#12000 = CARTESIAN_POINT('',(128.499999,-189.039999,1.474798));
#12001 = DIRECTION('',(-0.,0.,-1.));
#12002 = DIRECTION('',(-0.,-1.,0.));
#12003 = FACE_BOUND('',#12004,.T.);
#12004 = EDGE_LOOP('',(#12005));
#12005 = ORIENTED_EDGE('',*,*,#12006,.T.);
#12006 = EDGE_CURVE('',#12007,#12007,#12009,.T.);
#12007 = VERTEX_POINT('',#12008);
#12008 = CARTESIAN_POINT('',(132.,-189.814699,1.474798));
#12009 = CIRCLE('',#12010,0.7747);
#12010 = AXIS2_PLACEMENT_3D('',#12011,#12012,#12013);
#12011 = CARTESIAN_POINT('',(132.,-189.039999,1.474798));
#12012 = DIRECTION('',(-0.,0.,-1.));
#12013 = DIRECTION('',(-0.,-1.,0.));
#12014 = FACE_BOUND('',#12015,.T.);
#12015 = EDGE_LOOP('',(#12016));
#12016 = ORIENTED_EDGE('',*,*,#12017,.T.);
#12017 = EDGE_CURVE('',#12018,#12018,#12020,.T.);
#12018 = VERTEX_POINT('',#12019);
#12019 = CARTESIAN_POINT('',(139.000001,-193.5193,1.474798));
#12020 = CIRCLE('',#12021,2.0193);
#12021 = AXIS2_PLACEMENT_3D('',#12022,#12023,#12024);
#12022 = CARTESIAN_POINT('',(139.000001,-191.5,1.474798));
#12023 = DIRECTION('',(-0.,0.,-1.));
#12024 = DIRECTION('',(-0.,-1.,0.));
#12025 = FACE_BOUND('',#12026,.T.);
#12026 = EDGE_LOOP('',(#12027));
#12027 = ORIENTED_EDGE('',*,*,#12028,.T.);
#12028 = EDGE_CURVE('',#12029,#12029,#12031,.T.);
#12029 = VERTEX_POINT('',#12030);
#12030 = CARTESIAN_POINT('',(134.75,-177.96,1.474798));
#12031 = CIRCLE('',#12032,1.);
#12032 = AXIS2_PLACEMENT_3D('',#12033,#12034,#12035);
#12033 = CARTESIAN_POINT('',(134.75,-176.96,1.474798));
#12034 = DIRECTION('',(-0.,0.,-1.));
#12035 = DIRECTION('',(-0.,-1.,0.));
#12036 = FACE_BOUND('',#12037,.T.);
#12037 = EDGE_LOOP('',(#12038));
#12038 = ORIENTED_EDGE('',*,*,#12039,.T.);
#12039 = EDGE_CURVE('',#12040,#12040,#12042,.T.);
#12040 = VERTEX_POINT('',#12041);
#12041 = CARTESIAN_POINT('',(135.7,-174.7,1.474798));
#12042 = CIRCLE('',#12043,0.7);
#12043 = AXIS2_PLACEMENT_3D('',#12044,#12045,#12046);
#12044 = CARTESIAN_POINT('',(135.7,-174.,1.474798));
#12045 = DIRECTION('',(-0.,0.,-1.));
#12046 = DIRECTION('',(-0.,-1.,0.));
#12047 = FACE_BOUND('',#12048,.T.);
#12048 = EDGE_LOOP('',(#12049));
#12049 = ORIENTED_EDGE('',*,*,#12050,.T.);
#12050 = EDGE_CURVE('',#12051,#12051,#12053,.T.);
#12051 = VERTEX_POINT('',#12052);
#12052 = CARTESIAN_POINT('',(141.,-174.7,1.474798));
#12053 = CIRCLE('',#12054,0.7);
#12054 = AXIS2_PLACEMENT_3D('',#12055,#12056,#12057);
#12055 = CARTESIAN_POINT('',(141.,-174.,1.474798));
#12056 = DIRECTION('',(-0.,0.,-1.));
#12057 = DIRECTION('',(-0.,-1.,0.));
#12058 = FACE_BOUND('',#12059,.T.);
#12059 = EDGE_LOOP('',(#12060));
#12060 = ORIENTED_EDGE('',*,*,#12061,.T.);
#12061 = EDGE_CURVE('',#12062,#12062,#12064,.T.);
#12062 = VERTEX_POINT('',#12063);
#12063 = CARTESIAN_POINT('',(135.,-169.7,1.474798));
#12064 = CIRCLE('',#12065,0.7);
#12065 = AXIS2_PLACEMENT_3D('',#12066,#12067,#12068);
#12066 = CARTESIAN_POINT('',(135.,-169.,1.474798));
#12067 = DIRECTION('',(-0.,0.,-1.));
#12068 = DIRECTION('',(-0.,-1.,0.));
#12069 = FACE_BOUND('',#12070,.T.);
#12070 = EDGE_LOOP('',(#12071));
#12071 = ORIENTED_EDGE('',*,*,#12072,.T.);
#12072 = EDGE_CURVE('',#12073,#12073,#12075,.T.);
#12073 = VERTEX_POINT('',#12074);
#12074 = CARTESIAN_POINT('',(139.73,-169.7,1.474798));
#12075 = CIRCLE('',#12076,0.7);
#12076 = AXIS2_PLACEMENT_3D('',#12077,#12078,#12079);
#12077 = CARTESIAN_POINT('',(139.73,-169.,1.474798));
#12078 = DIRECTION('',(-0.,0.,-1.));
#12079 = DIRECTION('',(-4.060244204344E-14,-1.,0.));
#12080 = FACE_BOUND('',#12081,.T.);
#12081 = EDGE_LOOP('',(#12082));
#12082 = ORIENTED_EDGE('',*,*,#12083,.T.);
#12083 = EDGE_CURVE('',#12084,#12084,#12086,.T.);
#12084 = VERTEX_POINT('',#12085);
#12085 = CARTESIAN_POINT('',(142.27,-169.7,1.474798));
#12086 = CIRCLE('',#12087,0.7);
#12087 = AXIS2_PLACEMENT_3D('',#12088,#12089,#12090);
#12088 = CARTESIAN_POINT('',(142.27,-169.,1.474798));
#12089 = DIRECTION('',(-0.,0.,-1.));
#12090 = DIRECTION('',(4.060244204343E-14,-1.,-0.));
#12091 = FACE_BOUND('',#12092,.T.);
#12092 = EDGE_LOOP('',(#12093));
#12093 = ORIENTED_EDGE('',*,*,#12094,.T.);
#12094 = EDGE_CURVE('',#12095,#12095,#12097,.T.);
#12095 = VERTEX_POINT('',#12096);
#12096 = CARTESIAN_POINT('',(134.75,-166.96,1.474798));
#12097 = CIRCLE('',#12098,1.);
#12098 = AXIS2_PLACEMENT_3D('',#12099,#12100,#12101);
#12099 = CARTESIAN_POINT('',(134.75,-165.96,1.474798));
#12100 = DIRECTION('',(-0.,0.,-1.));
#12101 = DIRECTION('',(-0.,-1.,0.));
#12102 = FACE_BOUND('',#12103,.T.);
#12103 = EDGE_LOOP('',(#12104));
#12104 = ORIENTED_EDGE('',*,*,#12105,.T.);
#12105 = EDGE_CURVE('',#12106,#12106,#12108,.T.);
#12106 = VERTEX_POINT('',#12107);
#12107 = CARTESIAN_POINT('',(147.25,-177.96,1.474798));
#12108 = CIRCLE('',#12109,1.);
#12109 = AXIS2_PLACEMENT_3D('',#12110,#12111,#12112);
#12110 = CARTESIAN_POINT('',(147.25,-176.96,1.474798));
#12111 = DIRECTION('',(-0.,0.,-1.));
#12112 = DIRECTION('',(-0.,-1.,0.));
#12113 = FACE_BOUND('',#12114,.T.);
#12114 = EDGE_LOOP('',(#12115));
#12115 = ORIENTED_EDGE('',*,*,#12116,.T.);
#12116 = EDGE_CURVE('',#12117,#12117,#12119,.T.);
#12117 = VERTEX_POINT('',#12118);
#12118 = CARTESIAN_POINT('',(147.,-174.7,1.474798));
#12119 = CIRCLE('',#12120,0.7);
#12120 = AXIS2_PLACEMENT_3D('',#12121,#12122,#12123);
#12121 = CARTESIAN_POINT('',(147.,-174.,1.474798));
#12122 = DIRECTION('',(-0.,0.,-1.));
#12123 = DIRECTION('',(-0.,-1.,0.));
#12124 = FACE_BOUND('',#12125,.T.);
#12125 = EDGE_LOOP('',(#12126));
#12126 = ORIENTED_EDGE('',*,*,#12127,.T.);
#12127 = EDGE_CURVE('',#12128,#12128,#12130,.T.);
#12128 = VERTEX_POINT('',#12129);
#12129 = CARTESIAN_POINT('',(146.3,-169.7,1.474798));
#12130 = CIRCLE('',#12131,0.7);
#12131 = AXIS2_PLACEMENT_3D('',#12132,#12133,#12134);
#12132 = CARTESIAN_POINT('',(146.3,-169.,1.474798));
#12133 = DIRECTION('',(-0.,0.,-1.));
#12134 = DIRECTION('',(-0.,-1.,0.));
#12135 = FACE_BOUND('',#12136,.T.);
#12136 = EDGE_LOOP('',(#12137));
#12137 = ORIENTED_EDGE('',*,*,#12138,.T.);
#12138 = EDGE_CURVE('',#12139,#12139,#12141,.T.);
#12139 = VERTEX_POINT('',#12140);
#12140 = CARTESIAN_POINT('',(147.25,-166.96,1.474798));
#12141 = CIRCLE('',#12142,1.);
#12142 = AXIS2_PLACEMENT_3D('',#12143,#12144,#12145);
#12143 = CARTESIAN_POINT('',(147.25,-165.96,1.474798));
#12144 = DIRECTION('',(-0.,0.,-1.));
#12145 = DIRECTION('',(-0.,-1.,0.));
#12146 = FACE_BOUND('',#12147,.T.);
#12147 = EDGE_LOOP('',(#12148,#12159,#12167,#12176));
#12148 = ORIENTED_EDGE('',*,*,#12149,.T.);
#12149 = EDGE_CURVE('',#12150,#12152,#12154,.T.);
#12150 = VERTEX_POINT('',#12151);
#12151 = CARTESIAN_POINT('',(86.815,-159.935,1.474798));
#12152 = VERTEX_POINT('',#12153);
#12153 = CARTESIAN_POINT('',(86.815,-160.695,1.474798));
#12154 = CIRCLE('',#12155,0.38);
#12155 = AXIS2_PLACEMENT_3D('',#12156,#12157,#12158);
#12156 = CARTESIAN_POINT('',(86.815,-160.315,1.474798));
#12157 = DIRECTION('',(-0.,0.,-1.));
#12158 = DIRECTION('',(-0.,-1.,0.));
#12159 = ORIENTED_EDGE('',*,*,#12160,.T.);
#12160 = EDGE_CURVE('',#12152,#12161,#12163,.T.);
#12161 = VERTEX_POINT('',#12162);
#12162 = CARTESIAN_POINT('',(81.185,-160.695,1.474798));
#12163 = LINE('',#12164,#12165);
#12164 = CARTESIAN_POINT('',(40.5925,-160.695,1.474798));
#12165 = VECTOR('',#12166,1.);
#12166 = DIRECTION('',(-1.,0.,0.));
#12167 = ORIENTED_EDGE('',*,*,#12168,.T.);
#12168 = EDGE_CURVE('',#12161,#12169,#12171,.T.);
#12169 = VERTEX_POINT('',#12170);
#12170 = CARTESIAN_POINT('',(81.185,-159.935,1.474798));
#12171 = CIRCLE('',#12172,0.38);
#12172 = AXIS2_PLACEMENT_3D('',#12173,#12174,#12175);
#12173 = CARTESIAN_POINT('',(81.185,-160.315,1.474798));
#12174 = DIRECTION('',(-0.,0.,-1.));
#12175 = DIRECTION('',(0.,1.,0.));
#12176 = ORIENTED_EDGE('',*,*,#12177,.T.);
#12177 = EDGE_CURVE('',#12169,#12150,#12178,.T.);
#12178 = LINE('',#12179,#12180);
#12179 = CARTESIAN_POINT('',(43.4075,-159.935,1.474798));
#12180 = VECTOR('',#12181,1.);
#12181 = DIRECTION('',(1.,0.,-0.));
#12182 = FACE_BOUND('',#12183,.T.);
#12183 = EDGE_LOOP('',(#12184,#12195,#12203,#12212));
#12184 = ORIENTED_EDGE('',*,*,#12185,.T.);
#12185 = EDGE_CURVE('',#12186,#12188,#12190,.T.);
#12186 = VERTEX_POINT('',#12187);
#12187 = CARTESIAN_POINT('',(105.815,-159.935,1.474798));
#12188 = VERTEX_POINT('',#12189);
#12189 = CARTESIAN_POINT('',(105.815,-160.695,1.474798));
#12190 = CIRCLE('',#12191,0.38);
#12191 = AXIS2_PLACEMENT_3D('',#12192,#12193,#12194);
#12192 = CARTESIAN_POINT('',(105.815,-160.315,1.474798));
#12193 = DIRECTION('',(-0.,0.,-1.));
#12194 = DIRECTION('',(-0.,-1.,0.));
#12195 = ORIENTED_EDGE('',*,*,#12196,.T.);
#12196 = EDGE_CURVE('',#12188,#12197,#12199,.T.);
#12197 = VERTEX_POINT('',#12198);
#12198 = CARTESIAN_POINT('',(100.185,-160.695,1.474798));
#12199 = LINE('',#12200,#12201);
#12200 = CARTESIAN_POINT('',(50.0925,-160.695,1.474798));
#12201 = VECTOR('',#12202,1.);
#12202 = DIRECTION('',(-1.,0.,0.));
#12203 = ORIENTED_EDGE('',*,*,#12204,.T.);
#12204 = EDGE_CURVE('',#12197,#12205,#12207,.T.);
#12205 = VERTEX_POINT('',#12206);
#12206 = CARTESIAN_POINT('',(100.185,-159.935,1.474798));
#12207 = CIRCLE('',#12208,0.38);
#12208 = AXIS2_PLACEMENT_3D('',#12209,#12210,#12211);
#12209 = CARTESIAN_POINT('',(100.185,-160.315,1.474798));
#12210 = DIRECTION('',(-0.,0.,-1.));
#12211 = DIRECTION('',(0.,1.,0.));
#12212 = ORIENTED_EDGE('',*,*,#12213,.T.);
#12213 = EDGE_CURVE('',#12205,#12186,#12214,.T.);
#12214 = LINE('',#12215,#12216);
#12215 = CARTESIAN_POINT('',(52.9075,-159.935,1.474798));
#12216 = VECTOR('',#12217,1.);
#12217 = DIRECTION('',(1.,0.,-0.));
#12218 = FACE_BOUND('',#12219,.T.);
#12219 = EDGE_LOOP('',(#12220));
#12220 = ORIENTED_EDGE('',*,*,#12221,.T.);
#12221 = EDGE_CURVE('',#12222,#12222,#12224,.T.);
#12222 = VERTEX_POINT('',#12223);
#12223 = CARTESIAN_POINT('',(80.75,-141.54,1.474798));
#12224 = CIRCLE('',#12225,1.);
#12225 = AXIS2_PLACEMENT_3D('',#12226,#12227,#12228);
#12226 = CARTESIAN_POINT('',(80.75,-140.54,1.474798));
#12227 = DIRECTION('',(-0.,0.,-1.));
#12228 = DIRECTION('',(-0.,-1.,0.));
#12229 = FACE_BOUND('',#12230,.T.);
#12230 = EDGE_LOOP('',(#12231));
#12231 = ORIENTED_EDGE('',*,*,#12232,.T.);
#12232 = EDGE_CURVE('',#12233,#12233,#12235,.T.);
#12233 = VERTEX_POINT('',#12234);
#12234 = CARTESIAN_POINT('',(81.7,-138.2,1.474798));
#12235 = CIRCLE('',#12236,0.7);
#12236 = AXIS2_PLACEMENT_3D('',#12237,#12238,#12239);
#12237 = CARTESIAN_POINT('',(81.7,-137.5,1.474798));
#12238 = DIRECTION('',(-0.,0.,-1.));
#12239 = DIRECTION('',(-0.,-1.,0.));
#12240 = FACE_BOUND('',#12241,.T.);
#12241 = EDGE_LOOP('',(#12242));
#12242 = ORIENTED_EDGE('',*,*,#12243,.T.);
#12243 = EDGE_CURVE('',#12244,#12244,#12246,.T.);
#12244 = VERTEX_POINT('',#12245);
#12245 = CARTESIAN_POINT('',(85.73,-138.2,1.474798));
#12246 = CIRCLE('',#12247,0.7);
#12247 = AXIS2_PLACEMENT_3D('',#12248,#12249,#12250);
#12248 = CARTESIAN_POINT('',(85.73,-137.5,1.474798));
#12249 = DIRECTION('',(-0.,0.,-1.));
#12250 = DIRECTION('',(-0.,-1.,0.));
#12251 = FACE_BOUND('',#12252,.T.);
#12252 = EDGE_LOOP('',(#12253));
#12253 = ORIENTED_EDGE('',*,*,#12254,.T.);
#12254 = EDGE_CURVE('',#12255,#12255,#12257,.T.);
#12255 = VERTEX_POINT('',#12256);
#12256 = CARTESIAN_POINT('',(88.27,-138.2,1.474798));
#12257 = CIRCLE('',#12258,0.7);
#12258 = AXIS2_PLACEMENT_3D('',#12259,#12260,#12261);
#12259 = CARTESIAN_POINT('',(88.27,-137.5,1.474798));
#12260 = DIRECTION('',(-0.,0.,-1.));
#12261 = DIRECTION('',(-0.,-1.,0.));
#12262 = FACE_BOUND('',#12263,.T.);
#12263 = EDGE_LOOP('',(#12264));
#12264 = ORIENTED_EDGE('',*,*,#12265,.T.);
#12265 = EDGE_CURVE('',#12266,#12266,#12268,.T.);
#12266 = VERTEX_POINT('',#12267);
#12267 = CARTESIAN_POINT('',(93.25,-141.54,1.474798));
#12268 = CIRCLE('',#12269,1.);
#12269 = AXIS2_PLACEMENT_3D('',#12270,#12271,#12272);
#12270 = CARTESIAN_POINT('',(93.25,-140.54,1.474798));
#12271 = DIRECTION('',(-0.,0.,-1.));
#12272 = DIRECTION('',(-0.,-1.,0.));
#12273 = FACE_BOUND('',#12274,.T.);
#12274 = EDGE_LOOP('',(#12275));
#12275 = ORIENTED_EDGE('',*,*,#12276,.T.);
#12276 = EDGE_CURVE('',#12277,#12277,#12279,.T.);
#12277 = VERTEX_POINT('',#12278);
#12278 = CARTESIAN_POINT('',(93.,-138.2,1.474798));
#12279 = CIRCLE('',#12280,0.7);
#12280 = AXIS2_PLACEMENT_3D('',#12281,#12282,#12283);
#12281 = CARTESIAN_POINT('',(93.,-137.5,1.474798));
#12282 = DIRECTION('',(-0.,0.,-1.));
#12283 = DIRECTION('',(-0.,-1.,0.));
#12284 = FACE_BOUND('',#12285,.T.);
#12285 = EDGE_LOOP('',(#12286));
#12286 = ORIENTED_EDGE('',*,*,#12287,.T.);
#12287 = EDGE_CURVE('',#12288,#12288,#12290,.T.);
#12288 = VERTEX_POINT('',#12289);
#12289 = CARTESIAN_POINT('',(81.,-133.2,1.474798));
#12290 = CIRCLE('',#12291,0.7);
#12291 = AXIS2_PLACEMENT_3D('',#12292,#12293,#12294);
#12292 = CARTESIAN_POINT('',(81.,-132.5,1.474798));
#12293 = DIRECTION('',(-0.,0.,-1.));
#12294 = DIRECTION('',(-0.,-1.,0.));
#12295 = FACE_BOUND('',#12296,.T.);
#12296 = EDGE_LOOP('',(#12297));
#12297 = ORIENTED_EDGE('',*,*,#12298,.T.);
#12298 = EDGE_CURVE('',#12299,#12299,#12301,.T.);
#12299 = VERTEX_POINT('',#12300);
#12300 = CARTESIAN_POINT('',(80.75,-130.54,1.474798));
#12301 = CIRCLE('',#12302,1.);
#12302 = AXIS2_PLACEMENT_3D('',#12303,#12304,#12305);
#12303 = CARTESIAN_POINT('',(80.75,-129.54,1.474798));
#12304 = DIRECTION('',(-0.,0.,-1.));
#12305 = DIRECTION('',(-0.,-1.,0.));
#12306 = FACE_BOUND('',#12307,.T.);
#12307 = EDGE_LOOP('',(#12308));
#12308 = ORIENTED_EDGE('',*,*,#12309,.T.);
#12309 = EDGE_CURVE('',#12310,#12310,#12312,.T.);
#12310 = VERTEX_POINT('',#12311);
#12311 = CARTESIAN_POINT('',(87.,-133.2,1.474798));
#12312 = CIRCLE('',#12313,0.7);
#12313 = AXIS2_PLACEMENT_3D('',#12314,#12315,#12316);
#12314 = CARTESIAN_POINT('',(87.,-132.5,1.474798));
#12315 = DIRECTION('',(-0.,0.,-1.));
#12316 = DIRECTION('',(-0.,-1.,0.));
#12317 = FACE_BOUND('',#12318,.T.);
#12318 = EDGE_LOOP('',(#12319));
#12319 = ORIENTED_EDGE('',*,*,#12320,.T.);
#12320 = EDGE_CURVE('',#12321,#12321,#12323,.T.);
#12321 = VERTEX_POINT('',#12322);
#12322 = CARTESIAN_POINT('',(92.3,-133.2,1.474798));
#12323 = CIRCLE('',#12324,0.7);
#12324 = AXIS2_PLACEMENT_3D('',#12325,#12326,#12327);
#12325 = CARTESIAN_POINT('',(92.3,-132.5,1.474798));
#12326 = DIRECTION('',(-0.,0.,-1.));
#12327 = DIRECTION('',(-0.,-1.,0.));
#12328 = FACE_BOUND('',#12329,.T.);
#12329 = EDGE_LOOP('',(#12330));
#12330 = ORIENTED_EDGE('',*,*,#12331,.T.);
#12331 = EDGE_CURVE('',#12332,#12332,#12334,.T.);
#12332 = VERTEX_POINT('',#12333);
#12333 = CARTESIAN_POINT('',(93.25,-130.54,1.474798));
#12334 = CIRCLE('',#12335,1.);
#12335 = AXIS2_PLACEMENT_3D('',#12336,#12337,#12338);
#12336 = CARTESIAN_POINT('',(93.25,-129.54,1.474798));
#12337 = DIRECTION('',(-0.,0.,-1.));
#12338 = DIRECTION('',(-0.,-1.,0.));
#12339 = FACE_BOUND('',#12340,.T.);
#12340 = EDGE_LOOP('',(#12341));
#12341 = ORIENTED_EDGE('',*,*,#12342,.T.);
#12342 = EDGE_CURVE('',#12343,#12343,#12345,.T.);
#12343 = VERTEX_POINT('',#12344);
#12344 = CARTESIAN_POINT('',(107.875,-141.5,1.474798));
#12345 = CIRCLE('',#12346,1.);
#12346 = AXIS2_PLACEMENT_3D('',#12347,#12348,#12349);
#12347 = CARTESIAN_POINT('',(107.875,-140.5,1.474798));
#12348 = DIRECTION('',(-0.,0.,-1.));
#12349 = DIRECTION('',(-0.,-1.,0.));
#12350 = FACE_BOUND('',#12351,.T.);
#12351 = EDGE_LOOP('',(#12352));
#12352 = ORIENTED_EDGE('',*,*,#12353,.T.);
#12353 = EDGE_CURVE('',#12354,#12354,#12356,.T.);
#12354 = VERTEX_POINT('',#12355);
#12355 = CARTESIAN_POINT('',(108.825,-138.16,1.474798));
#12356 = CIRCLE('',#12357,0.7);
#12357 = AXIS2_PLACEMENT_3D('',#12358,#12359,#12360);
#12358 = CARTESIAN_POINT('',(108.825,-137.46,1.474798));
#12359 = DIRECTION('',(-0.,0.,-1.));
#12360 = DIRECTION('',(-0.,-1.,0.));
#12361 = FACE_BOUND('',#12362,.T.);
#12362 = EDGE_LOOP('',(#12363));
#12363 = ORIENTED_EDGE('',*,*,#12364,.T.);
#12364 = EDGE_CURVE('',#12365,#12365,#12367,.T.);
#12365 = VERTEX_POINT('',#12366);
#12366 = CARTESIAN_POINT('',(112.855,-138.16,1.474798));
#12367 = CIRCLE('',#12368,0.7);
#12368 = AXIS2_PLACEMENT_3D('',#12369,#12370,#12371);
#12369 = CARTESIAN_POINT('',(112.855,-137.46,1.474798));
#12370 = DIRECTION('',(-0.,0.,-1.));
#12371 = DIRECTION('',(-0.,-1.,0.));
#12372 = FACE_BOUND('',#12373,.T.);
#12373 = EDGE_LOOP('',(#12374));
#12374 = ORIENTED_EDGE('',*,*,#12375,.T.);
#12375 = EDGE_CURVE('',#12376,#12376,#12378,.T.);
#12376 = VERTEX_POINT('',#12377);
#12377 = CARTESIAN_POINT('',(115.395,-138.16,1.474798));
#12378 = CIRCLE('',#12379,0.7);
#12379 = AXIS2_PLACEMENT_3D('',#12380,#12381,#12382);
#12380 = CARTESIAN_POINT('',(115.395,-137.46,1.474798));
#12381 = DIRECTION('',(-0.,0.,-1.));
#12382 = DIRECTION('',(-0.,-1.,0.));
#12383 = FACE_BOUND('',#12384,.T.);
#12384 = EDGE_LOOP('',(#12385));
#12385 = ORIENTED_EDGE('',*,*,#12386,.T.);
#12386 = EDGE_CURVE('',#12387,#12387,#12389,.T.);
#12387 = VERTEX_POINT('',#12388);
#12388 = CARTESIAN_POINT('',(120.375,-141.5,1.474798));
#12389 = CIRCLE('',#12390,1.);
#12390 = AXIS2_PLACEMENT_3D('',#12391,#12392,#12393);
#12391 = CARTESIAN_POINT('',(120.375,-140.5,1.474798));
#12392 = DIRECTION('',(-0.,0.,-1.));
#12393 = DIRECTION('',(-0.,-1.,0.));
#12394 = FACE_BOUND('',#12395,.T.);
#12395 = EDGE_LOOP('',(#12396));
#12396 = ORIENTED_EDGE('',*,*,#12397,.T.);
#12397 = EDGE_CURVE('',#12398,#12398,#12400,.T.);
#12398 = VERTEX_POINT('',#12399);
#12399 = CARTESIAN_POINT('',(120.125,-138.16,1.474798));
#12400 = CIRCLE('',#12401,0.7);
#12401 = AXIS2_PLACEMENT_3D('',#12402,#12403,#12404);
#12402 = CARTESIAN_POINT('',(120.125,-137.46,1.474798));
#12403 = DIRECTION('',(-0.,0.,-1.));
#12404 = DIRECTION('',(-0.,-1.,0.));
#12405 = FACE_BOUND('',#12406,.T.);
#12406 = EDGE_LOOP('',(#12407));
#12407 = ORIENTED_EDGE('',*,*,#12408,.T.);
#12408 = EDGE_CURVE('',#12409,#12409,#12411,.T.);
#12409 = VERTEX_POINT('',#12410);
#12410 = CARTESIAN_POINT('',(108.125,-133.16,1.474798));
#12411 = CIRCLE('',#12412,0.7);
#12412 = AXIS2_PLACEMENT_3D('',#12413,#12414,#12415);
#12413 = CARTESIAN_POINT('',(108.125,-132.46,1.474798));
#12414 = DIRECTION('',(-0.,0.,-1.));
#12415 = DIRECTION('',(-0.,-1.,0.));
#12416 = FACE_BOUND('',#12417,.T.);
#12417 = EDGE_LOOP('',(#12418));
#12418 = ORIENTED_EDGE('',*,*,#12419,.T.);
#12419 = EDGE_CURVE('',#12420,#12420,#12422,.T.);
#12420 = VERTEX_POINT('',#12421);
#12421 = CARTESIAN_POINT('',(107.875,-130.5,1.474798));
#12422 = CIRCLE('',#12423,1.);
#12423 = AXIS2_PLACEMENT_3D('',#12424,#12425,#12426);
#12424 = CARTESIAN_POINT('',(107.875,-129.5,1.474798));
#12425 = DIRECTION('',(-0.,0.,-1.));
#12426 = DIRECTION('',(-0.,-1.,0.));
#12427 = FACE_BOUND('',#12428,.T.);
#12428 = EDGE_LOOP('',(#12429));
#12429 = ORIENTED_EDGE('',*,*,#12430,.T.);
#12430 = EDGE_CURVE('',#12431,#12431,#12433,.T.);
#12431 = VERTEX_POINT('',#12432);
#12432 = CARTESIAN_POINT('',(114.125,-133.16,1.474798));
#12433 = CIRCLE('',#12434,0.7);
#12434 = AXIS2_PLACEMENT_3D('',#12435,#12436,#12437);
#12435 = CARTESIAN_POINT('',(114.125,-132.46,1.474798));
#12436 = DIRECTION('',(-0.,0.,-1.));
#12437 = DIRECTION('',(-0.,-1.,0.));
#12438 = FACE_BOUND('',#12439,.T.);
#12439 = EDGE_LOOP('',(#12440));
#12440 = ORIENTED_EDGE('',*,*,#12441,.T.);
#12441 = EDGE_CURVE('',#12442,#12442,#12444,.T.);
#12442 = VERTEX_POINT('',#12443);
#12443 = CARTESIAN_POINT('',(119.425,-133.16,1.474798));
#12444 = CIRCLE('',#12445,0.7);
#12445 = AXIS2_PLACEMENT_3D('',#12446,#12447,#12448);
#12446 = CARTESIAN_POINT('',(119.425,-132.46,1.474798));
#12447 = DIRECTION('',(-0.,0.,-1.));
#12448 = DIRECTION('',(-0.,-1.,0.));
#12449 = FACE_BOUND('',#12450,.T.);
#12450 = EDGE_LOOP('',(#12451));
#12451 = ORIENTED_EDGE('',*,*,#12452,.T.);
#12452 = EDGE_CURVE('',#12453,#12453,#12455,.T.);
#12453 = VERTEX_POINT('',#12454);
#12454 = CARTESIAN_POINT('',(120.375,-130.5,1.474798));
#12455 = CIRCLE('',#12456,1.);
#12456 = AXIS2_PLACEMENT_3D('',#12457,#12458,#12459);
#12457 = CARTESIAN_POINT('',(120.375,-129.5,1.474798));
#12458 = DIRECTION('',(-0.,0.,-1.));
#12459 = DIRECTION('',(-0.,-1.,0.));
#12460 = FACE_BOUND('',#12461,.T.);
#12461 = EDGE_LOOP('',(#12462));
#12462 = ORIENTED_EDGE('',*,*,#12463,.T.);
#12463 = EDGE_CURVE('',#12464,#12464,#12466,.T.);
#12464 = VERTEX_POINT('',#12465);
#12465 = CARTESIAN_POINT('',(134.375,-141.5,1.474798));
#12466 = CIRCLE('',#12467,1.);
#12467 = AXIS2_PLACEMENT_3D('',#12468,#12469,#12470);
#12468 = CARTESIAN_POINT('',(134.375,-140.5,1.474798));
#12469 = DIRECTION('',(-0.,0.,-1.));
#12470 = DIRECTION('',(-0.,-1.,0.));
#12471 = FACE_BOUND('',#12472,.T.);
#12472 = EDGE_LOOP('',(#12473));
#12473 = ORIENTED_EDGE('',*,*,#12474,.T.);
#12474 = EDGE_CURVE('',#12475,#12475,#12477,.T.);
#12475 = VERTEX_POINT('',#12476);
#12476 = CARTESIAN_POINT('',(135.325,-138.16,1.474798));
#12477 = CIRCLE('',#12478,0.7);
#12478 = AXIS2_PLACEMENT_3D('',#12479,#12480,#12481);
#12479 = CARTESIAN_POINT('',(135.325,-137.46,1.474798));
#12480 = DIRECTION('',(-0.,0.,-1.));
#12481 = DIRECTION('',(-0.,-1.,0.));
#12482 = FACE_BOUND('',#12483,.T.);
#12483 = EDGE_LOOP('',(#12484));
#12484 = ORIENTED_EDGE('',*,*,#12485,.T.);
#12485 = EDGE_CURVE('',#12486,#12486,#12488,.T.);
#12486 = VERTEX_POINT('',#12487);
#12487 = CARTESIAN_POINT('',(139.355,-138.16,1.474798));
#12488 = CIRCLE('',#12489,0.7);
#12489 = AXIS2_PLACEMENT_3D('',#12490,#12491,#12492);
#12490 = CARTESIAN_POINT('',(139.355,-137.46,1.474798));
#12491 = DIRECTION('',(-0.,0.,-1.));
#12492 = DIRECTION('',(-4.060244204344E-14,-1.,0.));
#12493 = FACE_BOUND('',#12494,.T.);
#12494 = EDGE_LOOP('',(#12495));
#12495 = ORIENTED_EDGE('',*,*,#12496,.T.);
#12496 = EDGE_CURVE('',#12497,#12497,#12499,.T.);
#12497 = VERTEX_POINT('',#12498);
#12498 = CARTESIAN_POINT('',(141.895,-138.16,1.474798));
#12499 = CIRCLE('',#12500,0.7);
#12500 = AXIS2_PLACEMENT_3D('',#12501,#12502,#12503);
#12501 = CARTESIAN_POINT('',(141.895,-137.46,1.474798));
#12502 = DIRECTION('',(-0.,0.,-1.));
#12503 = DIRECTION('',(4.060244204343E-14,-1.,-0.));
#12504 = FACE_BOUND('',#12505,.T.);
#12505 = EDGE_LOOP('',(#12506));
#12506 = ORIENTED_EDGE('',*,*,#12507,.T.);
#12507 = EDGE_CURVE('',#12508,#12508,#12510,.T.);
#12508 = VERTEX_POINT('',#12509);
#12509 = CARTESIAN_POINT('',(134.625,-133.16,1.474798));
#12510 = CIRCLE('',#12511,0.7);
#12511 = AXIS2_PLACEMENT_3D('',#12512,#12513,#12514);
#12512 = CARTESIAN_POINT('',(134.625,-132.46,1.474798));
#12513 = DIRECTION('',(-0.,0.,-1.));
#12514 = DIRECTION('',(-0.,-1.,0.));
#12515 = FACE_BOUND('',#12516,.T.);
#12516 = EDGE_LOOP('',(#12517));
#12517 = ORIENTED_EDGE('',*,*,#12518,.T.);
#12518 = EDGE_CURVE('',#12519,#12519,#12521,.T.);
#12519 = VERTEX_POINT('',#12520);
#12520 = CARTESIAN_POINT('',(134.375,-130.5,1.474798));
#12521 = CIRCLE('',#12522,1.);
#12522 = AXIS2_PLACEMENT_3D('',#12523,#12524,#12525);
#12523 = CARTESIAN_POINT('',(134.375,-129.5,1.474798));
#12524 = DIRECTION('',(-0.,0.,-1.));
#12525 = DIRECTION('',(-0.,-1.,0.));
#12526 = FACE_BOUND('',#12527,.T.);
#12527 = EDGE_LOOP('',(#12528));
#12528 = ORIENTED_EDGE('',*,*,#12529,.T.);
#12529 = EDGE_CURVE('',#12530,#12530,#12532,.T.);
#12530 = VERTEX_POINT('',#12531);
#12531 = CARTESIAN_POINT('',(140.625,-133.16,1.474798));
#12532 = CIRCLE('',#12533,0.7);
#12533 = AXIS2_PLACEMENT_3D('',#12534,#12535,#12536);
#12534 = CARTESIAN_POINT('',(140.625,-132.46,1.474798));
#12535 = DIRECTION('',(-0.,0.,-1.));
#12536 = DIRECTION('',(-0.,-1.,0.));
#12537 = FACE_BOUND('',#12538,.T.);
#12538 = EDGE_LOOP('',(#12539));
#12539 = ORIENTED_EDGE('',*,*,#12540,.T.);
#12540 = EDGE_CURVE('',#12541,#12541,#12543,.T.);
#12541 = VERTEX_POINT('',#12542);
#12542 = CARTESIAN_POINT('',(146.875,-141.5,1.474798));
#12543 = CIRCLE('',#12544,1.);
#12544 = AXIS2_PLACEMENT_3D('',#12545,#12546,#12547);
#12545 = CARTESIAN_POINT('',(146.875,-140.5,1.474798));
#12546 = DIRECTION('',(-0.,0.,-1.));
#12547 = DIRECTION('',(-0.,-1.,0.));
#12548 = FACE_BOUND('',#12549,.T.);
#12549 = EDGE_LOOP('',(#12550));
#12550 = ORIENTED_EDGE('',*,*,#12551,.T.);
#12551 = EDGE_CURVE('',#12552,#12552,#12554,.T.);
#12552 = VERTEX_POINT('',#12553);
#12553 = CARTESIAN_POINT('',(146.625,-138.16,1.474798));
#12554 = CIRCLE('',#12555,0.7);
#12555 = AXIS2_PLACEMENT_3D('',#12556,#12557,#12558);
#12556 = CARTESIAN_POINT('',(146.625,-137.46,1.474798));
#12557 = DIRECTION('',(-0.,0.,-1.));
#12558 = DIRECTION('',(-0.,-1.,0.));
#12559 = FACE_BOUND('',#12560,.T.);
#12560 = EDGE_LOOP('',(#12561));
#12561 = ORIENTED_EDGE('',*,*,#12562,.T.);
#12562 = EDGE_CURVE('',#12563,#12563,#12565,.T.);
#12563 = VERTEX_POINT('',#12564);
#12564 = CARTESIAN_POINT('',(145.925,-133.16,1.474798));
#12565 = CIRCLE('',#12566,0.7);
#12566 = AXIS2_PLACEMENT_3D('',#12567,#12568,#12569);
#12567 = CARTESIAN_POINT('',(145.925,-132.46,1.474798));
#12568 = DIRECTION('',(-0.,0.,-1.));
#12569 = DIRECTION('',(-0.,-1.,0.));
#12570 = FACE_BOUND('',#12571,.T.);
#12571 = EDGE_LOOP('',(#12572));
#12572 = ORIENTED_EDGE('',*,*,#12573,.T.);
#12573 = EDGE_CURVE('',#12574,#12574,#12576,.T.);
#12574 = VERTEX_POINT('',#12575);
#12575 = CARTESIAN_POINT('',(146.875,-130.5,1.474798));
#12576 = CIRCLE('',#12577,1.);
#12577 = AXIS2_PLACEMENT_3D('',#12578,#12579,#12580);
#12578 = CARTESIAN_POINT('',(146.875,-129.5,1.474798));
#12579 = DIRECTION('',(-0.,0.,-1.));
#12580 = DIRECTION('',(-0.,-1.,0.));
#12581 = FACE_BOUND('',#12582,.T.);
#12582 = EDGE_LOOP('',(#12583));
#12583 = ORIENTED_EDGE('',*,*,#12584,.T.);
#12584 = EDGE_CURVE('',#12585,#12585,#12587,.T.);
#12585 = VERTEX_POINT('',#12586);
#12586 = CARTESIAN_POINT('',(173.499989,-193.5193,1.474798));
#12587 = CIRCLE('',#12588,2.0193);
#12588 = AXIS2_PLACEMENT_3D('',#12589,#12590,#12591);
#12589 = CARTESIAN_POINT('',(173.499989,-191.5,1.474798));
#12590 = DIRECTION('',(-0.,0.,-1.));
#12591 = DIRECTION('',(-0.,-1.,0.));
#12592 = FACE_BOUND('',#12593,.T.);
#12593 = EDGE_LOOP('',(#12594));
#12594 = ORIENTED_EDGE('',*,*,#12595,.T.);
#12595 = EDGE_CURVE('',#12596,#12596,#12598,.T.);
#12596 = VERTEX_POINT('',#12597);
#12597 = CARTESIAN_POINT('',(180.49999,-193.314701,1.474798));
#12598 = CIRCLE('',#12599,0.7747);
#12599 = AXIS2_PLACEMENT_3D('',#12600,#12601,#12602);
#12600 = CARTESIAN_POINT('',(180.49999,-192.540001,1.474798));
#12601 = DIRECTION('',(-0.,0.,-1.));
#12602 = DIRECTION('',(-0.,-1.,0.));
#12603 = FACE_BOUND('',#12604,.T.);
#12604 = EDGE_LOOP('',(#12605));
#12605 = ORIENTED_EDGE('',*,*,#12606,.T.);
#12606 = EDGE_CURVE('',#12607,#12607,#12609,.T.);
#12607 = VERTEX_POINT('',#12608);
#12608 = CARTESIAN_POINT('',(180.49999,-189.814699,1.474798));
#12609 = CIRCLE('',#12610,0.7747);
#12610 = AXIS2_PLACEMENT_3D('',#12611,#12612,#12613);
#12611 = CARTESIAN_POINT('',(180.49999,-189.039999,1.474798));
#12612 = DIRECTION('',(-0.,0.,-1.));
#12613 = DIRECTION('',(-0.,-1.,0.));
#12614 = FACE_BOUND('',#12615,.T.);
#12615 = EDGE_LOOP('',(#12616));
#12616 = ORIENTED_EDGE('',*,*,#12617,.T.);
#12617 = EDGE_CURVE('',#12618,#12618,#12620,.T.);
#12618 = VERTEX_POINT('',#12619);
#12619 = CARTESIAN_POINT('',(183.999991,-193.314701,1.474798));
#12620 = CIRCLE('',#12621,0.7747);
#12621 = AXIS2_PLACEMENT_3D('',#12622,#12623,#12624);
#12622 = CARTESIAN_POINT('',(183.999991,-192.540001,1.474798));
#12623 = DIRECTION('',(-0.,0.,-1.));
#12624 = DIRECTION('',(-0.,-1.,0.));
#12625 = FACE_BOUND('',#12626,.T.);
#12626 = EDGE_LOOP('',(#12627));
#12627 = ORIENTED_EDGE('',*,*,#12628,.T.);
#12628 = EDGE_CURVE('',#12629,#12629,#12631,.T.);
#12629 = VERTEX_POINT('',#12630);
#12630 = CARTESIAN_POINT('',(187.499992,-193.314701,1.474798));
#12631 = CIRCLE('',#12632,0.7747);
#12632 = AXIS2_PLACEMENT_3D('',#12633,#12634,#12635);
#12633 = CARTESIAN_POINT('',(187.499992,-192.540001,1.474798));
#12634 = DIRECTION('',(-0.,0.,-1.));
#12635 = DIRECTION('',(-0.,-1.,0.));
#12636 = FACE_BOUND('',#12637,.T.);
#12637 = EDGE_LOOP('',(#12638));
#12638 = ORIENTED_EDGE('',*,*,#12639,.T.);
#12639 = EDGE_CURVE('',#12640,#12640,#12642,.T.);
#12640 = VERTEX_POINT('',#12641);
#12641 = CARTESIAN_POINT('',(190.999992,-193.314701,1.474798));
#12642 = CIRCLE('',#12643,0.7747);
#12643 = AXIS2_PLACEMENT_3D('',#12644,#12645,#12646);
#12644 = CARTESIAN_POINT('',(190.999992,-192.540001,1.474798));
#12645 = DIRECTION('',(-0.,0.,-1.));
#12646 = DIRECTION('',(-0.,-1.,0.));
#12647 = FACE_BOUND('',#12648,.T.);
#12648 = EDGE_LOOP('',(#12649));
#12649 = ORIENTED_EDGE('',*,*,#12650,.T.);
#12650 = EDGE_CURVE('',#12651,#12651,#12653,.T.);
#12651 = VERTEX_POINT('',#12652);
#12652 = CARTESIAN_POINT('',(183.999991,-189.814699,1.474798));
#12653 = CIRCLE('',#12654,0.7747);
#12654 = AXIS2_PLACEMENT_3D('',#12655,#12656,#12657);
#12655 = CARTESIAN_POINT('',(183.999991,-189.039999,1.474798));
#12656 = DIRECTION('',(-0.,0.,-1.));
#12657 = DIRECTION('',(-0.,-1.,0.));
#12658 = FACE_BOUND('',#12659,.T.);
#12659 = EDGE_LOOP('',(#12660));
#12660 = ORIENTED_EDGE('',*,*,#12661,.T.);
#12661 = EDGE_CURVE('',#12662,#12662,#12664,.T.);
#12662 = VERTEX_POINT('',#12663);
#12663 = CARTESIAN_POINT('',(187.499992,-189.814699,1.474798));
#12664 = CIRCLE('',#12665,0.7747);
#12665 = AXIS2_PLACEMENT_3D('',#12666,#12667,#12668);
#12666 = CARTESIAN_POINT('',(187.499992,-189.039999,1.474798));
#12667 = DIRECTION('',(-0.,0.,-1.));
#12668 = DIRECTION('',(-0.,-1.,0.));
#12669 = FACE_BOUND('',#12670,.T.);
#12670 = EDGE_LOOP('',(#12671));
#12671 = ORIENTED_EDGE('',*,*,#12672,.T.);
#12672 = EDGE_CURVE('',#12673,#12673,#12675,.T.);
#12673 = VERTEX_POINT('',#12674);
#12674 = CARTESIAN_POINT('',(190.999992,-189.814699,1.474798));
#12675 = CIRCLE('',#12676,0.7747);
#12676 = AXIS2_PLACEMENT_3D('',#12677,#12678,#12679);
#12677 = CARTESIAN_POINT('',(190.999992,-189.039999,1.474798));
#12678 = DIRECTION('',(-0.,0.,-1.));
#12679 = DIRECTION('',(-0.,-1.,0.));
#12680 = FACE_BOUND('',#12681,.T.);
#12681 = EDGE_LOOP('',(#12682));
#12682 = ORIENTED_EDGE('',*,*,#12683,.T.);
#12683 = EDGE_CURVE('',#12684,#12684,#12686,.T.);
#12684 = VERTEX_POINT('',#12685);
#12685 = CARTESIAN_POINT('',(194.499993,-193.314701,1.474798));
#12686 = CIRCLE('',#12687,0.7747);
#12687 = AXIS2_PLACEMENT_3D('',#12688,#12689,#12690);
#12688 = CARTESIAN_POINT('',(194.499993,-192.540001,1.474798));
#12689 = DIRECTION('',(-0.,0.,-1.));
#12690 = DIRECTION('',(-3.668737502311E-14,-1.,0.));
#12691 = FACE_BOUND('',#12692,.T.);
#12692 = EDGE_LOOP('',(#12693));
#12693 = ORIENTED_EDGE('',*,*,#12694,.T.);
#12694 = EDGE_CURVE('',#12695,#12695,#12697,.T.);
#12695 = VERTEX_POINT('',#12696);
#12696 = CARTESIAN_POINT('',(197.999994,-193.314701,1.474798));
#12697 = CIRCLE('',#12698,0.7747);
#12698 = AXIS2_PLACEMENT_3D('',#12699,#12700,#12701);
#12699 = CARTESIAN_POINT('',(197.999994,-192.540001,1.474798));
#12700 = DIRECTION('',(-0.,0.,-1.));
#12701 = DIRECTION('',(-3.668737502311E-14,-1.,0.));
#12702 = FACE_BOUND('',#12703,.T.);
#12703 = EDGE_LOOP('',(#12704));
#12704 = ORIENTED_EDGE('',*,*,#12705,.T.);
#12705 = EDGE_CURVE('',#12706,#12706,#12708,.T.);
#12706 = VERTEX_POINT('',#12707);
#12707 = CARTESIAN_POINT('',(201.499994,-193.314701,1.474798));
#12708 = CIRCLE('',#12709,0.7747);
#12709 = AXIS2_PLACEMENT_3D('',#12710,#12711,#12712);
#12710 = CARTESIAN_POINT('',(201.499994,-192.540001,1.474798));
#12711 = DIRECTION('',(-0.,0.,-1.));
#12712 = DIRECTION('',(-3.668737502311E-14,-1.,0.));
#12713 = FACE_BOUND('',#12714,.T.);
#12714 = EDGE_LOOP('',(#12715));
#12715 = ORIENTED_EDGE('',*,*,#12716,.T.);
#12716 = EDGE_CURVE('',#12717,#12717,#12719,.T.);
#12717 = VERTEX_POINT('',#12718);
#12718 = CARTESIAN_POINT('',(204.999997,-193.314701,1.474798));
#12719 = CIRCLE('',#12720,0.7747);
#12720 = AXIS2_PLACEMENT_3D('',#12721,#12722,#12723);
#12721 = CARTESIAN_POINT('',(204.999997,-192.540001,1.474798));
#12722 = DIRECTION('',(-0.,0.,-1.));
#12723 = DIRECTION('',(-0.,-1.,0.));
#12724 = FACE_BOUND('',#12725,.T.);
#12725 = EDGE_LOOP('',(#12726));
#12726 = ORIENTED_EDGE('',*,*,#12727,.T.);
#12727 = EDGE_CURVE('',#12728,#12728,#12730,.T.);
#12728 = VERTEX_POINT('',#12729);
#12729 = CARTESIAN_POINT('',(194.499993,-189.814699,1.474798));
#12730 = CIRCLE('',#12731,0.7747);
#12731 = AXIS2_PLACEMENT_3D('',#12732,#12733,#12734);
#12732 = CARTESIAN_POINT('',(194.499993,-189.039999,1.474798));
#12733 = DIRECTION('',(-0.,0.,-1.));
#12734 = DIRECTION('',(-3.668737502311E-14,-1.,0.));
#12735 = FACE_BOUND('',#12736,.T.);
#12736 = EDGE_LOOP('',(#12737));
#12737 = ORIENTED_EDGE('',*,*,#12738,.T.);
#12738 = EDGE_CURVE('',#12739,#12739,#12741,.T.);
#12739 = VERTEX_POINT('',#12740);
#12740 = CARTESIAN_POINT('',(197.999994,-189.814699,1.474798));
#12741 = CIRCLE('',#12742,0.7747);
#12742 = AXIS2_PLACEMENT_3D('',#12743,#12744,#12745);
#12743 = CARTESIAN_POINT('',(197.999994,-189.039999,1.474798));
#12744 = DIRECTION('',(-0.,0.,-1.));
#12745 = DIRECTION('',(-3.668737502311E-14,-1.,0.));
#12746 = FACE_BOUND('',#12747,.T.);
#12747 = EDGE_LOOP('',(#12748));
#12748 = ORIENTED_EDGE('',*,*,#12749,.T.);
#12749 = EDGE_CURVE('',#12750,#12750,#12752,.T.);
#12750 = VERTEX_POINT('',#12751);
#12751 = CARTESIAN_POINT('',(201.499994,-189.814699,1.474798));
#12752 = CIRCLE('',#12753,0.7747);
#12753 = AXIS2_PLACEMENT_3D('',#12754,#12755,#12756);
#12754 = CARTESIAN_POINT('',(201.499994,-189.039999,1.474798));
#12755 = DIRECTION('',(-0.,0.,-1.));
#12756 = DIRECTION('',(-3.668737502311E-14,-1.,0.));
#12757 = FACE_BOUND('',#12758,.T.);
#12758 = EDGE_LOOP('',(#12759));
#12759 = ORIENTED_EDGE('',*,*,#12760,.T.);
#12760 = EDGE_CURVE('',#12761,#12761,#12763,.T.);
#12761 = VERTEX_POINT('',#12762);
#12762 = CARTESIAN_POINT('',(204.999997,-189.814699,1.474798));
#12763 = CIRCLE('',#12764,0.7747);
#12764 = AXIS2_PLACEMENT_3D('',#12765,#12766,#12767);
#12765 = CARTESIAN_POINT('',(204.999997,-189.039999,1.474798));
#12766 = DIRECTION('',(-0.,0.,-1.));
#12767 = DIRECTION('',(-0.,-1.,0.));
#12768 = FACE_BOUND('',#12769,.T.);
#12769 = EDGE_LOOP('',(#12770));
#12770 = ORIENTED_EDGE('',*,*,#12771,.T.);
#12771 = EDGE_CURVE('',#12772,#12772,#12774,.T.);
#12772 = VERTEX_POINT('',#12773);
#12773 = CARTESIAN_POINT('',(208.499998,-193.314701,1.474798));
#12774 = CIRCLE('',#12775,0.7747);
#12775 = AXIS2_PLACEMENT_3D('',#12776,#12777,#12778);
#12776 = CARTESIAN_POINT('',(208.499998,-192.540001,1.474798));
#12777 = DIRECTION('',(-0.,0.,-1.));
#12778 = DIRECTION('',(-0.,-1.,0.));
#12779 = FACE_BOUND('',#12780,.T.);
#12780 = EDGE_LOOP('',(#12781));
#12781 = ORIENTED_EDGE('',*,*,#12782,.T.);
#12782 = EDGE_CURVE('',#12783,#12783,#12785,.T.);
#12783 = VERTEX_POINT('',#12784);
#12784 = CARTESIAN_POINT('',(211.999999,-193.314701,1.474798));
#12785 = CIRCLE('',#12786,0.7747);
#12786 = AXIS2_PLACEMENT_3D('',#12787,#12788,#12789);
#12787 = CARTESIAN_POINT('',(211.999999,-192.540001,1.474798));
#12788 = DIRECTION('',(-0.,0.,-1.));
#12789 = DIRECTION('',(-0.,-1.,0.));
#12790 = FACE_BOUND('',#12791,.T.);
#12791 = EDGE_LOOP('',(#12792));
#12792 = ORIENTED_EDGE('',*,*,#12793,.T.);
#12793 = EDGE_CURVE('',#12794,#12794,#12796,.T.);
#12794 = VERTEX_POINT('',#12795);
#12795 = CARTESIAN_POINT('',(208.499998,-189.814699,1.474798));
#12796 = CIRCLE('',#12797,0.7747);
#12797 = AXIS2_PLACEMENT_3D('',#12798,#12799,#12800);
#12798 = CARTESIAN_POINT('',(208.499998,-189.039999,1.474798));
#12799 = DIRECTION('',(-0.,0.,-1.));
#12800 = DIRECTION('',(-0.,-1.,0.));
#12801 = FACE_BOUND('',#12802,.T.);
#12802 = EDGE_LOOP('',(#12803));
#12803 = ORIENTED_EDGE('',*,*,#12804,.T.);
#12804 = EDGE_CURVE('',#12805,#12805,#12807,.T.);
#12805 = VERTEX_POINT('',#12806);
#12806 = CARTESIAN_POINT('',(211.999999,-189.814699,1.474798));
#12807 = CIRCLE('',#12808,0.7747);
#12808 = AXIS2_PLACEMENT_3D('',#12809,#12810,#12811);
#12809 = CARTESIAN_POINT('',(211.999999,-189.039999,1.474798));
#12810 = DIRECTION('',(-0.,0.,-1.));
#12811 = DIRECTION('',(-0.,-1.,0.));
#12812 = FACE_BOUND('',#12813,.T.);
#12813 = EDGE_LOOP('',(#12814));
#12814 = ORIENTED_EDGE('',*,*,#12815,.T.);
#12815 = EDGE_CURVE('',#12816,#12816,#12818,.T.);
#12816 = VERTEX_POINT('',#12817);
#12817 = CARTESIAN_POINT('',(219.,-193.5193,1.474798));
#12818 = CIRCLE('',#12819,2.0193);
#12819 = AXIS2_PLACEMENT_3D('',#12820,#12821,#12822);
#12820 = CARTESIAN_POINT('',(219.,-191.5,1.474798));
#12821 = DIRECTION('',(-0.,0.,-1.));
#12822 = DIRECTION('',(-0.,-1.,0.));
#12823 = FACE_BOUND('',#12824,.T.);
#12824 = EDGE_LOOP('',(#12825));
#12825 = ORIENTED_EDGE('',*,*,#12826,.T.);
#12826 = EDGE_CURVE('',#12827,#12827,#12829,.T.);
#12827 = VERTEX_POINT('',#12828);
#12828 = CARTESIAN_POINT('',(241.073952,-192.6985,1.474798));
#12829 = CIRCLE('',#12830,0.6985);
#12830 = AXIS2_PLACEMENT_3D('',#12831,#12832,#12833);
#12831 = CARTESIAN_POINT('',(241.073952,-192.,1.474798));
#12832 = DIRECTION('',(-0.,0.,-1.));
#12833 = DIRECTION('',(-0.,-1.,0.));
#12834 = FACE_BOUND('',#12835,.T.);
#12835 = EDGE_LOOP('',(#12836));
#12836 = ORIENTED_EDGE('',*,*,#12837,.T.);
#12837 = EDGE_CURVE('',#12838,#12838,#12840,.T.);
#12838 = VERTEX_POINT('',#12839);
#12839 = CARTESIAN_POINT('',(244.573953,-192.6985,1.474798));
#12840 = CIRCLE('',#12841,0.6985);
#12841 = AXIS2_PLACEMENT_3D('',#12842,#12843,#12844);
#12842 = CARTESIAN_POINT('',(244.573953,-192.,1.474798));
#12843 = DIRECTION('',(-0.,0.,-1.));
#12844 = DIRECTION('',(-4.068963411654E-14,-1.,0.));
#12845 = FACE_BOUND('',#12846,.T.);
#12846 = EDGE_LOOP('',(#12847));
#12847 = ORIENTED_EDGE('',*,*,#12848,.T.);
#12848 = EDGE_CURVE('',#12849,#12849,#12851,.T.);
#12849 = VERTEX_POINT('',#12850);
#12850 = CARTESIAN_POINT('',(248.073953,-192.6985,1.474798));
#12851 = CIRCLE('',#12852,0.6985);
#12852 = AXIS2_PLACEMENT_3D('',#12853,#12854,#12855);
#12853 = CARTESIAN_POINT('',(248.073953,-192.,1.474798));
#12854 = DIRECTION('',(-0.,0.,-1.));
#12855 = DIRECTION('',(-4.068963411654E-14,-1.,0.));
#12856 = FACE_BOUND('',#12857,.T.);
#12857 = EDGE_LOOP('',(#12858));
#12858 = ORIENTED_EDGE('',*,*,#12859,.T.);
#12859 = EDGE_CURVE('',#12860,#12860,#12862,.T.);
#12860 = VERTEX_POINT('',#12861);
#12861 = CARTESIAN_POINT('',(251.573954,-192.6985,1.474798));
#12862 = CIRCLE('',#12863,0.6985);
#12863 = AXIS2_PLACEMENT_3D('',#12864,#12865,#12866);
#12864 = CARTESIAN_POINT('',(251.573954,-192.,1.474798));
#12865 = DIRECTION('',(-0.,0.,-1.));
#12866 = DIRECTION('',(-4.068963411654E-14,-1.,0.));
#12867 = FACE_BOUND('',#12868,.T.);
#12868 = EDGE_LOOP('',(#12869));
#12869 = ORIENTED_EDGE('',*,*,#12870,.T.);
#12870 = EDGE_CURVE('',#12871,#12871,#12873,.T.);
#12871 = VERTEX_POINT('',#12872);
#12872 = CARTESIAN_POINT('',(264.,-195.25,1.474798));
#12873 = CIRCLE('',#12874,2.25);
#12874 = AXIS2_PLACEMENT_3D('',#12875,#12876,#12877);
#12875 = CARTESIAN_POINT('',(264.,-193.,1.474798));
#12876 = DIRECTION('',(-0.,0.,-1.));
#12877 = DIRECTION('',(-0.,-1.,0.));
#12878 = FACE_BOUND('',#12879,.T.);
#12879 = EDGE_LOOP('',(#12880));
#12880 = ORIENTED_EDGE('',*,*,#12881,.T.);
#12881 = EDGE_CURVE('',#12882,#12882,#12884,.T.);
#12882 = VERTEX_POINT('',#12883);
#12883 = CARTESIAN_POINT('',(247.96,-181.5334,1.474798));
#12884 = CIRCLE('',#12885,0.5334);
#12885 = AXIS2_PLACEMENT_3D('',#12886,#12887,#12888);
#12886 = CARTESIAN_POINT('',(247.96,-181.,1.474798));
#12887 = DIRECTION('',(-0.,0.,-1.));
#12888 = DIRECTION('',(-0.,-1.,0.));
#12889 = FACE_BOUND('',#12890,.T.);
#12890 = EDGE_LOOP('',(#12891));
#12891 = ORIENTED_EDGE('',*,*,#12892,.T.);
#12892 = EDGE_CURVE('',#12893,#12893,#12895,.T.);
#12893 = VERTEX_POINT('',#12894);
#12894 = CARTESIAN_POINT('',(250.5,-181.5334,1.474798));
#12895 = CIRCLE('',#12896,0.5334);
#12896 = AXIS2_PLACEMENT_3D('',#12897,#12898,#12899);
#12897 = CARTESIAN_POINT('',(250.5,-181.,1.474798));
#12898 = DIRECTION('',(-0.,0.,-1.));
#12899 = DIRECTION('',(-0.,-1.,0.));
#12900 = FACE_BOUND('',#12901,.T.);
#12901 = EDGE_LOOP('',(#12902));
#12902 = ORIENTED_EDGE('',*,*,#12903,.T.);
#12903 = EDGE_CURVE('',#12904,#12904,#12906,.T.);
#12904 = VERTEX_POINT('',#12905);
#12905 = CARTESIAN_POINT('',(242.19,-176.3053,1.474798));
#12906 = CIRCLE('',#12907,0.4953);
#12907 = AXIS2_PLACEMENT_3D('',#12908,#12909,#12910);
#12908 = CARTESIAN_POINT('',(242.19,-175.81,1.474798));
#12909 = DIRECTION('',(-0.,0.,-1.));
#12910 = DIRECTION('',(-0.,-1.,0.));
#12911 = FACE_BOUND('',#12912,.T.);
#12912 = EDGE_LOOP('',(#12913));
#12913 = ORIENTED_EDGE('',*,*,#12914,.T.);
#12914 = EDGE_CURVE('',#12915,#12915,#12917,.T.);
#12915 = VERTEX_POINT('',#12916);
#12916 = CARTESIAN_POINT('',(244.73,-176.3053,1.474798));
#12917 = CIRCLE('',#12918,0.4953);
#12918 = AXIS2_PLACEMENT_3D('',#12919,#12920,#12921);
#12919 = CARTESIAN_POINT('',(244.73,-175.81,1.474798));
#12920 = DIRECTION('',(-0.,0.,-1.));
#12921 = DIRECTION('',(-5.738281734385E-14,-1.,0.));
#12922 = FACE_BOUND('',#12923,.T.);
#12923 = EDGE_LOOP('',(#12924));
#12924 = ORIENTED_EDGE('',*,*,#12925,.T.);
#12925 = EDGE_CURVE('',#12926,#12926,#12928,.T.);
#12926 = VERTEX_POINT('',#12927);
#12927 = CARTESIAN_POINT('',(247.27,-176.3053,1.474798));
#12928 = CIRCLE('',#12929,0.4953);
#12929 = AXIS2_PLACEMENT_3D('',#12930,#12931,#12932);
#12930 = CARTESIAN_POINT('',(247.27,-175.81,1.474798));
#12931 = DIRECTION('',(-0.,0.,-1.));
#12932 = DIRECTION('',(5.738281734384E-14,-1.,-0.));
#12933 = FACE_BOUND('',#12934,.T.);
#12934 = EDGE_LOOP('',(#12935));
#12935 = ORIENTED_EDGE('',*,*,#12936,.T.);
#12936 = EDGE_CURVE('',#12937,#12937,#12939,.T.);
#12937 = VERTEX_POINT('',#12938);
#12938 = CARTESIAN_POINT('',(249.81,-176.3053,1.474798));
#12939 = CIRCLE('',#12940,0.4953);
#12940 = AXIS2_PLACEMENT_3D('',#12941,#12942,#12943);
#12941 = CARTESIAN_POINT('',(249.81,-175.81,1.474798));
#12942 = DIRECTION('',(-0.,0.,-1.));
#12943 = DIRECTION('',(-0.,-1.,0.));
#12944 = FACE_BOUND('',#12945,.T.);
#12945 = EDGE_LOOP('',(#12946));
#12946 = ORIENTED_EDGE('',*,*,#12947,.T.);
#12947 = EDGE_CURVE('',#12948,#12948,#12950,.T.);
#12948 = VERTEX_POINT('',#12949);
#12949 = CARTESIAN_POINT('',(242.19,-168.6853,1.474798));
#12950 = CIRCLE('',#12951,0.4953);
#12951 = AXIS2_PLACEMENT_3D('',#12952,#12953,#12954);
#12952 = CARTESIAN_POINT('',(242.19,-168.19,1.474798));
#12953 = DIRECTION('',(-0.,0.,-1.));
#12954 = DIRECTION('',(-0.,-1.,0.));
#12955 = FACE_BOUND('',#12956,.T.);
#12956 = EDGE_LOOP('',(#12957));
#12957 = ORIENTED_EDGE('',*,*,#12958,.T.);
#12958 = EDGE_CURVE('',#12959,#12959,#12961,.T.);
#12959 = VERTEX_POINT('',#12960);
#12960 = CARTESIAN_POINT('',(244.73,-168.6853,1.474798));
#12961 = CIRCLE('',#12962,0.4953);
#12962 = AXIS2_PLACEMENT_3D('',#12963,#12964,#12965);
#12963 = CARTESIAN_POINT('',(244.73,-168.19,1.474798));
#12964 = DIRECTION('',(-0.,0.,-1.));
#12965 = DIRECTION('',(-5.738281734385E-14,-1.,0.));
#12966 = FACE_BOUND('',#12967,.T.);
#12967 = EDGE_LOOP('',(#12968));
#12968 = ORIENTED_EDGE('',*,*,#12969,.T.);
#12969 = EDGE_CURVE('',#12970,#12970,#12972,.T.);
#12970 = VERTEX_POINT('',#12971);
#12971 = CARTESIAN_POINT('',(247.27,-168.6853,1.474798));
#12972 = CIRCLE('',#12973,0.4953);
#12973 = AXIS2_PLACEMENT_3D('',#12974,#12975,#12976);
#12974 = CARTESIAN_POINT('',(247.27,-168.19,1.474798));
#12975 = DIRECTION('',(-0.,0.,-1.));
#12976 = DIRECTION('',(5.738281734384E-14,-1.,-0.));
#12977 = FACE_BOUND('',#12978,.T.);
#12978 = EDGE_LOOP('',(#12979));
#12979 = ORIENTED_EDGE('',*,*,#12980,.T.);
#12980 = EDGE_CURVE('',#12981,#12981,#12983,.T.);
#12981 = VERTEX_POINT('',#12982);
#12982 = CARTESIAN_POINT('',(249.81,-168.6853,1.474798));
#12983 = CIRCLE('',#12984,0.4953);
#12984 = AXIS2_PLACEMENT_3D('',#12985,#12986,#12987);
#12985 = CARTESIAN_POINT('',(249.81,-168.19,1.474798));
#12986 = DIRECTION('',(-0.,0.,-1.));
#12987 = DIRECTION('',(-0.,-1.,0.));
#12988 = FACE_BOUND('',#12989,.T.);
#12989 = EDGE_LOOP('',(#12990));
#12990 = ORIENTED_EDGE('',*,*,#12991,.T.);
#12991 = EDGE_CURVE('',#12992,#12992,#12994,.T.);
#12992 = VERTEX_POINT('',#12993);
#12993 = CARTESIAN_POINT('',(181.47,-140.388,1.474798));
#12994 = CIRCLE('',#12995,0.508);
#12995 = AXIS2_PLACEMENT_3D('',#12996,#12997,#12998);
#12996 = CARTESIAN_POINT('',(181.47,-139.88,1.474798));
#12997 = DIRECTION('',(-0.,0.,-1.));
#12998 = DIRECTION('',(-0.,-1.,0.));
#12999 = FACE_BOUND('',#13000,.T.);
#13000 = EDGE_LOOP('',(#13001));
#13001 = ORIENTED_EDGE('',*,*,#13002,.T.);
#13002 = EDGE_CURVE('',#13003,#13003,#13005,.T.);
#13003 = VERTEX_POINT('',#13004);
#13004 = CARTESIAN_POINT('',(181.47,-137.848,1.474798));
#13005 = CIRCLE('',#13006,0.508);
#13006 = AXIS2_PLACEMENT_3D('',#13007,#13008,#13009);
#13007 = CARTESIAN_POINT('',(181.47,-137.34,1.474798));
#13008 = DIRECTION('',(-0.,0.,-1.));
#13009 = DIRECTION('',(-0.,-1.,0.));
#13010 = FACE_BOUND('',#13011,.T.);
#13011 = EDGE_LOOP('',(#13012));
#13012 = ORIENTED_EDGE('',*,*,#13013,.T.);
#13013 = EDGE_CURVE('',#13014,#13014,#13016,.T.);
#13014 = VERTEX_POINT('',#13015);
#13015 = CARTESIAN_POINT('',(184.01,-140.388,1.474798));
#13016 = CIRCLE('',#13017,0.508);
#13017 = AXIS2_PLACEMENT_3D('',#13018,#13019,#13020);
#13018 = CARTESIAN_POINT('',(184.01,-139.88,1.474798));
#13019 = DIRECTION('',(-0.,0.,-1.));
#13020 = DIRECTION('',(-0.,-1.,0.));
#13021 = FACE_BOUND('',#13022,.T.);
#13022 = EDGE_LOOP('',(#13023));
#13023 = ORIENTED_EDGE('',*,*,#13024,.T.);
#13024 = EDGE_CURVE('',#13025,#13025,#13027,.T.);
#13025 = VERTEX_POINT('',#13026);
#13026 = CARTESIAN_POINT('',(186.55,-140.388,1.474798));
#13027 = CIRCLE('',#13028,0.508);
#13028 = AXIS2_PLACEMENT_3D('',#13029,#13030,#13031);
#13029 = CARTESIAN_POINT('',(186.55,-139.88,1.474798));
#13030 = DIRECTION('',(-0.,0.,-1.));
#13031 = DIRECTION('',(-0.,-1.,0.));
#13032 = FACE_BOUND('',#13033,.T.);
#13033 = EDGE_LOOP('',(#13034));
#13034 = ORIENTED_EDGE('',*,*,#13035,.T.);
#13035 = EDGE_CURVE('',#13036,#13036,#13038,.T.);
#13036 = VERTEX_POINT('',#13037);
#13037 = CARTESIAN_POINT('',(184.01,-137.848,1.474798));
#13038 = CIRCLE('',#13039,0.508);
#13039 = AXIS2_PLACEMENT_3D('',#13040,#13041,#13042);
#13040 = CARTESIAN_POINT('',(184.01,-137.34,1.474798));
#13041 = DIRECTION('',(-0.,0.,-1.));
#13042 = DIRECTION('',(-0.,-1.,0.));
#13043 = FACE_BOUND('',#13044,.T.);
#13044 = EDGE_LOOP('',(#13045));
#13045 = ORIENTED_EDGE('',*,*,#13046,.T.);
#13046 = EDGE_CURVE('',#13047,#13047,#13049,.T.);
#13047 = VERTEX_POINT('',#13048);
#13048 = CARTESIAN_POINT('',(186.55,-137.848,1.474798));
#13049 = CIRCLE('',#13050,0.508);
#13050 = AXIS2_PLACEMENT_3D('',#13051,#13052,#13053);
#13051 = CARTESIAN_POINT('',(186.55,-137.34,1.474798));
#13052 = DIRECTION('',(-0.,0.,-1.));
#13053 = DIRECTION('',(-0.,-1.,0.));
#13054 = FACE_BOUND('',#13055,.T.);
#13055 = EDGE_LOOP('',(#13056));
#13056 = ORIENTED_EDGE('',*,*,#13057,.T.);
#13057 = EDGE_CURVE('',#13058,#13058,#13060,.T.);
#13058 = VERTEX_POINT('',#13059);
#13059 = CARTESIAN_POINT('',(189.09,-140.388,1.474798));
#13060 = CIRCLE('',#13061,0.508);
#13061 = AXIS2_PLACEMENT_3D('',#13062,#13063,#13064);
#13062 = CARTESIAN_POINT('',(189.09,-139.88,1.474798));
#13063 = DIRECTION('',(-0.,0.,-1.));
#13064 = DIRECTION('',(-0.,-1.,0.));
#13065 = FACE_BOUND('',#13066,.T.);
#13066 = EDGE_LOOP('',(#13067));
#13067 = ORIENTED_EDGE('',*,*,#13068,.T.);
#13068 = EDGE_CURVE('',#13069,#13069,#13071,.T.);
#13069 = VERTEX_POINT('',#13070);
#13070 = CARTESIAN_POINT('',(191.63,-140.388,1.474798));
#13071 = CIRCLE('',#13072,0.508);
#13072 = AXIS2_PLACEMENT_3D('',#13073,#13074,#13075);
#13073 = CARTESIAN_POINT('',(191.63,-139.88,1.474798));
#13074 = DIRECTION('',(-0.,0.,-1.));
#13075 = DIRECTION('',(-0.,-1.,0.));
#13076 = FACE_BOUND('',#13077,.T.);
#13077 = EDGE_LOOP('',(#13078));
#13078 = ORIENTED_EDGE('',*,*,#13079,.T.);
#13079 = EDGE_CURVE('',#13080,#13080,#13082,.T.);
#13080 = VERTEX_POINT('',#13081);
#13081 = CARTESIAN_POINT('',(189.09,-137.848,1.474798));
#13082 = CIRCLE('',#13083,0.508);
#13083 = AXIS2_PLACEMENT_3D('',#13084,#13085,#13086);
#13084 = CARTESIAN_POINT('',(189.09,-137.34,1.474798));
#13085 = DIRECTION('',(-0.,0.,-1.));
#13086 = DIRECTION('',(-0.,-1.,0.));
#13087 = FACE_BOUND('',#13088,.T.);
#13088 = EDGE_LOOP('',(#13089));
#13089 = ORIENTED_EDGE('',*,*,#13090,.T.);
#13090 = EDGE_CURVE('',#13091,#13091,#13093,.T.);
#13091 = VERTEX_POINT('',#13092);
#13092 = CARTESIAN_POINT('',(191.63,-137.848,1.474798));
#13093 = CIRCLE('',#13094,0.508);
#13094 = AXIS2_PLACEMENT_3D('',#13095,#13096,#13097);
#13095 = CARTESIAN_POINT('',(191.63,-137.34,1.474798));
#13096 = DIRECTION('',(-0.,0.,-1.));
#13097 = DIRECTION('',(-0.,-1.,0.));
#13098 = FACE_BOUND('',#13099,.T.);
#13099 = EDGE_LOOP('',(#13100));
#13100 = ORIENTED_EDGE('',*,*,#13101,.T.);
#13101 = EDGE_CURVE('',#13102,#13102,#13104,.T.);
#13102 = VERTEX_POINT('',#13103);
#13103 = CARTESIAN_POINT('',(194.17,-140.388,1.474798));
#13104 = CIRCLE('',#13105,0.508);
#13105 = AXIS2_PLACEMENT_3D('',#13106,#13107,#13108);
#13106 = CARTESIAN_POINT('',(194.17,-139.88,1.474798));
#13107 = DIRECTION('',(-0.,0.,-1.));
#13108 = DIRECTION('',(-5.594824691025E-14,-1.,0.));
#13109 = FACE_BOUND('',#13110,.T.);
#13110 = EDGE_LOOP('',(#13111));
#13111 = ORIENTED_EDGE('',*,*,#13112,.T.);
#13112 = EDGE_CURVE('',#13113,#13113,#13115,.T.);
#13113 = VERTEX_POINT('',#13114);
#13114 = CARTESIAN_POINT('',(196.71,-140.388,1.474798));
#13115 = CIRCLE('',#13116,0.508);
#13116 = AXIS2_PLACEMENT_3D('',#13117,#13118,#13119);
#13117 = CARTESIAN_POINT('',(196.71,-139.88,1.474798));
#13118 = DIRECTION('',(-0.,0.,-1.));
#13119 = DIRECTION('',(5.594824691024E-14,-1.,-0.));
#13120 = FACE_BOUND('',#13121,.T.);
#13121 = EDGE_LOOP('',(#13122));
#13122 = ORIENTED_EDGE('',*,*,#13123,.T.);
#13123 = EDGE_CURVE('',#13124,#13124,#13126,.T.);
#13124 = VERTEX_POINT('',#13125);
#13125 = CARTESIAN_POINT('',(199.25,-140.388,1.474798));
#13126 = CIRCLE('',#13127,0.508);
#13127 = AXIS2_PLACEMENT_3D('',#13128,#13129,#13130);
#13128 = CARTESIAN_POINT('',(199.25,-139.88,1.474798));
#13129 = DIRECTION('',(-0.,0.,-1.));
#13130 = DIRECTION('',(-0.,-1.,0.));
#13131 = FACE_BOUND('',#13132,.T.);
#13132 = EDGE_LOOP('',(#13133));
#13133 = ORIENTED_EDGE('',*,*,#13134,.T.);
#13134 = EDGE_CURVE('',#13135,#13135,#13137,.T.);
#13135 = VERTEX_POINT('',#13136);
#13136 = CARTESIAN_POINT('',(194.17,-137.848,1.474798));
#13137 = CIRCLE('',#13138,0.508);
#13138 = AXIS2_PLACEMENT_3D('',#13139,#13140,#13141);
#13139 = CARTESIAN_POINT('',(194.17,-137.34,1.474798));
#13140 = DIRECTION('',(-0.,0.,-1.));
#13141 = DIRECTION('',(-5.594824691025E-14,-1.,0.));
#13142 = FACE_BOUND('',#13143,.T.);
#13143 = EDGE_LOOP('',(#13144));
#13144 = ORIENTED_EDGE('',*,*,#13145,.T.);
#13145 = EDGE_CURVE('',#13146,#13146,#13148,.T.);
#13146 = VERTEX_POINT('',#13147);
#13147 = CARTESIAN_POINT('',(196.71,-137.848,1.474798));
#13148 = CIRCLE('',#13149,0.508);
#13149 = AXIS2_PLACEMENT_3D('',#13150,#13151,#13152);
#13150 = CARTESIAN_POINT('',(196.71,-137.34,1.474798));
#13151 = DIRECTION('',(-0.,0.,-1.));
#13152 = DIRECTION('',(5.594824691024E-14,-1.,-0.));
#13153 = FACE_BOUND('',#13154,.T.);
#13154 = EDGE_LOOP('',(#13155));
#13155 = ORIENTED_EDGE('',*,*,#13156,.T.);
#13156 = EDGE_CURVE('',#13157,#13157,#13159,.T.);
#13157 = VERTEX_POINT('',#13158);
#13158 = CARTESIAN_POINT('',(199.25,-137.848,1.474798));
#13159 = CIRCLE('',#13160,0.508);
#13160 = AXIS2_PLACEMENT_3D('',#13161,#13162,#13163);
#13161 = CARTESIAN_POINT('',(199.25,-137.34,1.474798));
#13162 = DIRECTION('',(-0.,0.,-1.));
#13163 = DIRECTION('',(-0.,-1.,0.));
#13164 = FACE_BOUND('',#13165,.T.);
#13165 = EDGE_LOOP('',(#13166));
#13166 = ORIENTED_EDGE('',*,*,#13167,.T.);
#13167 = EDGE_CURVE('',#13168,#13168,#13170,.T.);
#13168 = VERTEX_POINT('',#13169);
#13169 = CARTESIAN_POINT('',(201.79,-140.388,1.474798));
#13170 = CIRCLE('',#13171,0.508);
#13171 = AXIS2_PLACEMENT_3D('',#13172,#13173,#13174);
#13172 = CARTESIAN_POINT('',(201.79,-139.88,1.474798));
#13173 = DIRECTION('',(-0.,0.,-1.));
#13174 = DIRECTION('',(-5.594824691025E-14,-1.,0.));
#13175 = FACE_BOUND('',#13176,.T.);
#13176 = EDGE_LOOP('',(#13177));
#13177 = ORIENTED_EDGE('',*,*,#13178,.T.);
#13178 = EDGE_CURVE('',#13179,#13179,#13181,.T.);
#13179 = VERTEX_POINT('',#13180);
#13180 = CARTESIAN_POINT('',(204.33,-140.388,1.474798));
#13181 = CIRCLE('',#13182,0.508);
#13182 = AXIS2_PLACEMENT_3D('',#13183,#13184,#13185);
#13183 = CARTESIAN_POINT('',(204.33,-139.88,1.474798));
#13184 = DIRECTION('',(-0.,0.,-1.));
#13185 = DIRECTION('',(5.594824691024E-14,-1.,-0.));
#13186 = FACE_BOUND('',#13187,.T.);
#13187 = EDGE_LOOP('',(#13188));
#13188 = ORIENTED_EDGE('',*,*,#13189,.T.);
#13189 = EDGE_CURVE('',#13190,#13190,#13192,.T.);
#13190 = VERTEX_POINT('',#13191);
#13191 = CARTESIAN_POINT('',(201.79,-137.848,1.474798));
#13192 = CIRCLE('',#13193,0.508);
#13193 = AXIS2_PLACEMENT_3D('',#13194,#13195,#13196);
#13194 = CARTESIAN_POINT('',(201.79,-137.34,1.474798));
#13195 = DIRECTION('',(-0.,0.,-1.));
#13196 = DIRECTION('',(-5.594824691025E-14,-1.,0.));
#13197 = FACE_BOUND('',#13198,.T.);
#13198 = EDGE_LOOP('',(#13199));
#13199 = ORIENTED_EDGE('',*,*,#13200,.T.);
#13200 = EDGE_CURVE('',#13201,#13201,#13203,.T.);
#13201 = VERTEX_POINT('',#13202);
#13202 = CARTESIAN_POINT('',(204.33,-137.848,1.474798));
#13203 = CIRCLE('',#13204,0.508);
#13204 = AXIS2_PLACEMENT_3D('',#13205,#13206,#13207);
#13205 = CARTESIAN_POINT('',(204.33,-137.34,1.474798));
#13206 = DIRECTION('',(-0.,0.,-1.));
#13207 = DIRECTION('',(5.594824691024E-14,-1.,-0.));
#13208 = FACE_BOUND('',#13209,.T.);
#13209 = EDGE_LOOP('',(#13210));
#13210 = ORIENTED_EDGE('',*,*,#13211,.T.);
#13211 = EDGE_CURVE('',#13212,#13212,#13214,.T.);
#13212 = VERTEX_POINT('',#13213);
#13213 = CARTESIAN_POINT('',(206.87,-140.388,1.474798));
#13214 = CIRCLE('',#13215,0.508);
#13215 = AXIS2_PLACEMENT_3D('',#13216,#13217,#13218);
#13216 = CARTESIAN_POINT('',(206.87,-139.88,1.474798));
#13217 = DIRECTION('',(-0.,0.,-1.));
#13218 = DIRECTION('',(-0.,-1.,0.));
#13219 = FACE_BOUND('',#13220,.T.);
#13220 = EDGE_LOOP('',(#13221));
#13221 = ORIENTED_EDGE('',*,*,#13222,.T.);
#13222 = EDGE_CURVE('',#13223,#13223,#13225,.T.);
#13223 = VERTEX_POINT('',#13224);
#13224 = CARTESIAN_POINT('',(209.41,-140.388,1.474798));
#13225 = CIRCLE('',#13226,0.508);
#13226 = AXIS2_PLACEMENT_3D('',#13227,#13228,#13229);
#13227 = CARTESIAN_POINT('',(209.41,-139.88,1.474798));
#13228 = DIRECTION('',(-0.,0.,-1.));
#13229 = DIRECTION('',(-0.,-1.,0.));
#13230 = FACE_BOUND('',#13231,.T.);
#13231 = EDGE_LOOP('',(#13232));
#13232 = ORIENTED_EDGE('',*,*,#13233,.T.);
#13233 = EDGE_CURVE('',#13234,#13234,#13236,.T.);
#13234 = VERTEX_POINT('',#13235);
#13235 = CARTESIAN_POINT('',(211.95,-140.388,1.474798));
#13236 = CIRCLE('',#13237,0.508);
#13237 = AXIS2_PLACEMENT_3D('',#13238,#13239,#13240);
#13238 = CARTESIAN_POINT('',(211.95,-139.88,1.474798));
#13239 = DIRECTION('',(-0.,0.,-1.));
#13240 = DIRECTION('',(-0.,-1.,0.));
#13241 = FACE_BOUND('',#13242,.T.);
#13242 = EDGE_LOOP('',(#13243));
#13243 = ORIENTED_EDGE('',*,*,#13244,.T.);
#13244 = EDGE_CURVE('',#13245,#13245,#13247,.T.);
#13245 = VERTEX_POINT('',#13246);
#13246 = CARTESIAN_POINT('',(206.87,-137.848,1.474798));
#13247 = CIRCLE('',#13248,0.508);
#13248 = AXIS2_PLACEMENT_3D('',#13249,#13250,#13251);
#13249 = CARTESIAN_POINT('',(206.87,-137.34,1.474798));
#13250 = DIRECTION('',(-0.,0.,-1.));
#13251 = DIRECTION('',(-0.,-1.,0.));
#13252 = FACE_BOUND('',#13253,.T.);
#13253 = EDGE_LOOP('',(#13254));
#13254 = ORIENTED_EDGE('',*,*,#13255,.T.);
#13255 = EDGE_CURVE('',#13256,#13256,#13258,.T.);
#13256 = VERTEX_POINT('',#13257);
#13257 = CARTESIAN_POINT('',(209.41,-137.848,1.474798));
#13258 = CIRCLE('',#13259,0.508);
#13259 = AXIS2_PLACEMENT_3D('',#13260,#13261,#13262);
#13260 = CARTESIAN_POINT('',(209.41,-137.34,1.474798));
#13261 = DIRECTION('',(-0.,0.,-1.));
#13262 = DIRECTION('',(-0.,-1.,0.));
#13263 = FACE_BOUND('',#13264,.T.);
#13264 = EDGE_LOOP('',(#13265));
#13265 = ORIENTED_EDGE('',*,*,#13266,.T.);
#13266 = EDGE_CURVE('',#13267,#13267,#13269,.T.);
#13267 = VERTEX_POINT('',#13268);
#13268 = CARTESIAN_POINT('',(211.95,-137.848,1.474798));
#13269 = CIRCLE('',#13270,0.508);
#13270 = AXIS2_PLACEMENT_3D('',#13271,#13272,#13273);
#13271 = CARTESIAN_POINT('',(211.95,-137.34,1.474798));
#13272 = DIRECTION('',(-0.,0.,-1.));
#13273 = DIRECTION('',(-0.,-1.,0.));
#13274 = FACE_BOUND('',#13275,.T.);
#13275 = EDGE_LOOP('',(#13276));
#13276 = ORIENTED_EDGE('',*,*,#13277,.T.);
#13277 = EDGE_CURVE('',#13278,#13278,#13280,.T.);
#13278 = VERTEX_POINT('',#13279);
#13279 = CARTESIAN_POINT('',(214.49,-140.388,1.474798));
#13280 = CIRCLE('',#13281,0.508);
#13281 = AXIS2_PLACEMENT_3D('',#13282,#13283,#13284);
#13282 = CARTESIAN_POINT('',(214.49,-139.88,1.474798));
#13283 = DIRECTION('',(-0.,0.,-1.));
#13284 = DIRECTION('',(-0.,-1.,0.));
#13285 = FACE_BOUND('',#13286,.T.);
#13286 = EDGE_LOOP('',(#13287));
#13287 = ORIENTED_EDGE('',*,*,#13288,.T.);
#13288 = EDGE_CURVE('',#13289,#13289,#13291,.T.);
#13289 = VERTEX_POINT('',#13290);
#13290 = CARTESIAN_POINT('',(217.03,-140.388,1.474798));
#13291 = CIRCLE('',#13292,0.508);
#13292 = AXIS2_PLACEMENT_3D('',#13293,#13294,#13295);
#13293 = CARTESIAN_POINT('',(217.03,-139.88,1.474798));
#13294 = DIRECTION('',(-0.,0.,-1.));
#13295 = DIRECTION('',(-0.,-1.,0.));
#13296 = FACE_BOUND('',#13297,.T.);
#13297 = EDGE_LOOP('',(#13298));
#13298 = ORIENTED_EDGE('',*,*,#13299,.T.);
#13299 = EDGE_CURVE('',#13300,#13300,#13302,.T.);
#13300 = VERTEX_POINT('',#13301);
#13301 = CARTESIAN_POINT('',(214.49,-137.848,1.474798));
#13302 = CIRCLE('',#13303,0.508);
#13303 = AXIS2_PLACEMENT_3D('',#13304,#13305,#13306);
#13304 = CARTESIAN_POINT('',(214.49,-137.34,1.474798));
#13305 = DIRECTION('',(-0.,0.,-1.));
#13306 = DIRECTION('',(-0.,-1.,0.));
#13307 = FACE_BOUND('',#13308,.T.);
#13308 = EDGE_LOOP('',(#13309));
#13309 = ORIENTED_EDGE('',*,*,#13310,.T.);
#13310 = EDGE_CURVE('',#13311,#13311,#13313,.T.);
#13311 = VERTEX_POINT('',#13312);
#13312 = CARTESIAN_POINT('',(217.03,-137.848,1.474798));
#13313 = CIRCLE('',#13314,0.508);
#13314 = AXIS2_PLACEMENT_3D('',#13315,#13316,#13317);
#13315 = CARTESIAN_POINT('',(217.03,-137.34,1.474798));
#13316 = DIRECTION('',(-0.,0.,-1.));
#13317 = DIRECTION('',(-0.,-1.,0.));
#13318 = FACE_BOUND('',#13319,.T.);
#13319 = EDGE_LOOP('',(#13320));
#13320 = ORIENTED_EDGE('',*,*,#13321,.T.);
#13321 = EDGE_CURVE('',#13322,#13322,#13324,.T.);
#13322 = VERTEX_POINT('',#13323);
#13323 = CARTESIAN_POINT('',(219.57,-140.388,1.474798));
#13324 = CIRCLE('',#13325,0.508);
#13325 = AXIS2_PLACEMENT_3D('',#13326,#13327,#13328);
#13326 = CARTESIAN_POINT('',(219.57,-139.88,1.474798));
#13327 = DIRECTION('',(-0.,0.,-1.));
#13328 = DIRECTION('',(-0.,-1.,0.));
#13329 = FACE_BOUND('',#13330,.T.);
#13330 = EDGE_LOOP('',(#13331));
#13331 = ORIENTED_EDGE('',*,*,#13332,.T.);
#13332 = EDGE_CURVE('',#13333,#13333,#13335,.T.);
#13333 = VERTEX_POINT('',#13334);
#13334 = CARTESIAN_POINT('',(222.11,-140.388,1.474798));
#13335 = CIRCLE('',#13336,0.508);
#13336 = AXIS2_PLACEMENT_3D('',#13337,#13338,#13339);
#13337 = CARTESIAN_POINT('',(222.11,-139.88,1.474798));
#13338 = DIRECTION('',(-0.,0.,-1.));
#13339 = DIRECTION('',(-0.,-1.,0.));
#13340 = FACE_BOUND('',#13341,.T.);
#13341 = EDGE_LOOP('',(#13342));
#13342 = ORIENTED_EDGE('',*,*,#13343,.T.);
#13343 = EDGE_CURVE('',#13344,#13344,#13346,.T.);
#13344 = VERTEX_POINT('',#13345);
#13345 = CARTESIAN_POINT('',(219.57,-137.848,1.474798));
#13346 = CIRCLE('',#13347,0.508);
#13347 = AXIS2_PLACEMENT_3D('',#13348,#13349,#13350);
#13348 = CARTESIAN_POINT('',(219.57,-137.34,1.474798));
#13349 = DIRECTION('',(-0.,0.,-1.));
#13350 = DIRECTION('',(-0.,-1.,0.));
#13351 = FACE_BOUND('',#13352,.T.);
#13352 = EDGE_LOOP('',(#13353));
#13353 = ORIENTED_EDGE('',*,*,#13354,.T.);
#13354 = EDGE_CURVE('',#13355,#13355,#13357,.T.);
#13355 = VERTEX_POINT('',#13356);
#13356 = CARTESIAN_POINT('',(222.11,-137.848,1.474798));
#13357 = CIRCLE('',#13358,0.508);
#13358 = AXIS2_PLACEMENT_3D('',#13359,#13360,#13361);
#13359 = CARTESIAN_POINT('',(222.11,-137.34,1.474798));
#13360 = DIRECTION('',(-0.,0.,-1.));
#13361 = DIRECTION('',(-0.,-1.,0.));
#13362 = FACE_BOUND('',#13363,.T.);
#13363 = EDGE_LOOP('',(#13364));
#13364 = ORIENTED_EDGE('',*,*,#13365,.T.);
#13365 = EDGE_CURVE('',#13366,#13366,#13368,.T.);
#13366 = VERTEX_POINT('',#13367);
#13367 = CARTESIAN_POINT('',(224.65,-140.388,1.474798));
#13368 = CIRCLE('',#13369,0.508);
#13369 = AXIS2_PLACEMENT_3D('',#13370,#13371,#13372);
#13370 = CARTESIAN_POINT('',(224.65,-139.88,1.474798));
#13371 = DIRECTION('',(-0.,0.,-1.));
#13372 = DIRECTION('',(5.594824691024E-14,-1.,-0.));
#13373 = FACE_BOUND('',#13374,.T.);
#13374 = EDGE_LOOP('',(#13375));
#13375 = ORIENTED_EDGE('',*,*,#13376,.T.);
#13376 = EDGE_CURVE('',#13377,#13377,#13379,.T.);
#13377 = VERTEX_POINT('',#13378);
#13378 = CARTESIAN_POINT('',(227.19,-140.388,1.474798));
#13379 = CIRCLE('',#13380,0.508);
#13380 = AXIS2_PLACEMENT_3D('',#13381,#13382,#13383);
#13381 = CARTESIAN_POINT('',(227.19,-139.88,1.474798));
#13382 = DIRECTION('',(-0.,0.,-1.));
#13383 = DIRECTION('',(-0.,-1.,0.));
#13384 = FACE_BOUND('',#13385,.T.);
#13385 = EDGE_LOOP('',(#13386));
#13386 = ORIENTED_EDGE('',*,*,#13387,.T.);
#13387 = EDGE_CURVE('',#13388,#13388,#13390,.T.);
#13388 = VERTEX_POINT('',#13389);
#13389 = CARTESIAN_POINT('',(224.65,-137.848,1.474798));
#13390 = CIRCLE('',#13391,0.508);
#13391 = AXIS2_PLACEMENT_3D('',#13392,#13393,#13394);
#13392 = CARTESIAN_POINT('',(224.65,-137.34,1.474798));
#13393 = DIRECTION('',(-0.,0.,-1.));
#13394 = DIRECTION('',(5.594824691024E-14,-1.,-0.));
#13395 = FACE_BOUND('',#13396,.T.);
#13396 = EDGE_LOOP('',(#13397));
#13397 = ORIENTED_EDGE('',*,*,#13398,.T.);
#13398 = EDGE_CURVE('',#13399,#13399,#13401,.T.);
#13399 = VERTEX_POINT('',#13400);
#13400 = CARTESIAN_POINT('',(227.19,-137.848,1.474798));
#13401 = CIRCLE('',#13402,0.508);
#13402 = AXIS2_PLACEMENT_3D('',#13403,#13404,#13405);
#13403 = CARTESIAN_POINT('',(227.19,-137.34,1.474798));
#13404 = DIRECTION('',(-0.,0.,-1.));
#13405 = DIRECTION('',(-0.,-1.,0.));
#13406 = FACE_BOUND('',#13407,.T.);
#13407 = EDGE_LOOP('',(#13408));
#13408 = ORIENTED_EDGE('',*,*,#13409,.T.);
#13409 = EDGE_CURVE('',#13410,#13410,#13412,.T.);
#13410 = VERTEX_POINT('',#13411);
#13411 = CARTESIAN_POINT('',(229.73,-133.86,1.474798));
#13412 = CIRCLE('',#13413,1.6);
#13413 = AXIS2_PLACEMENT_3D('',#13414,#13415,#13416);
#13414 = CARTESIAN_POINT('',(229.73,-132.26,1.474798));
#13415 = DIRECTION('',(-0.,0.,-1.));
#13416 = DIRECTION('',(-1.7763568394E-14,-1.,0.));
#13417 = FACE_BOUND('',#13418,.T.);
#13418 = EDGE_LOOP('',(#13419,#13430,#13438,#13447));
#13419 = ORIENTED_EDGE('',*,*,#13420,.T.);
#13420 = EDGE_CURVE('',#13421,#13423,#13425,.T.);
#13421 = VERTEX_POINT('',#13422);
#13422 = CARTESIAN_POINT('',(112.635,-116.819,1.474798));
#13423 = VERTEX_POINT('',#13424);
#13424 = CARTESIAN_POINT('',(112.635,-117.581,1.474798));
#13425 = CIRCLE('',#13426,0.381);
#13426 = AXIS2_PLACEMENT_3D('',#13427,#13428,#13429);
#13427 = CARTESIAN_POINT('',(112.635,-117.2,1.474798));
#13428 = DIRECTION('',(-0.,0.,-1.));
#13429 = DIRECTION('',(-0.,-1.,0.));
#13430 = ORIENTED_EDGE('',*,*,#13431,.T.);
#13431 = EDGE_CURVE('',#13423,#13432,#13434,.T.);
#13432 = VERTEX_POINT('',#13433);
#13433 = CARTESIAN_POINT('',(111.365,-117.581,1.474798));
#13434 = LINE('',#13435,#13436);
#13435 = CARTESIAN_POINT('',(55.6825,-117.581,1.474798));
#13436 = VECTOR('',#13437,1.);
#13437 = DIRECTION('',(-1.,0.,0.));
#13438 = ORIENTED_EDGE('',*,*,#13439,.T.);
#13439 = EDGE_CURVE('',#13432,#13440,#13442,.T.);
#13440 = VERTEX_POINT('',#13441);
#13441 = CARTESIAN_POINT('',(111.365,-116.819,1.474798));
#13442 = CIRCLE('',#13443,0.381);
#13443 = AXIS2_PLACEMENT_3D('',#13444,#13445,#13446);
#13444 = CARTESIAN_POINT('',(111.365,-117.2,1.474798));
#13445 = DIRECTION('',(-0.,0.,-1.));
#13446 = DIRECTION('',(0.,1.,0.));
#13447 = ORIENTED_EDGE('',*,*,#13448,.T.);
#13448 = EDGE_CURVE('',#13440,#13421,#13449,.T.);
#13449 = LINE('',#13450,#13451);
#13450 = CARTESIAN_POINT('',(56.3175,-116.819,1.474798));
#13451 = VECTOR('',#13452,1.);
#13452 = DIRECTION('',(1.,0.,-0.));
#13453 = FACE_BOUND('',#13454,.T.);
#13454 = EDGE_LOOP('',(#13455,#13466,#13474,#13483));
#13455 = ORIENTED_EDGE('',*,*,#13456,.T.);
#13456 = EDGE_CURVE('',#13457,#13459,#13461,.T.);
#13457 = VERTEX_POINT('',#13458);
#13458 = CARTESIAN_POINT('',(117.465002,-116.819,1.474798));
#13459 = VERTEX_POINT('',#13460);
#13460 = CARTESIAN_POINT('',(117.465002,-117.581,1.474798));
#13461 = CIRCLE('',#13462,0.381);
#13462 = AXIS2_PLACEMENT_3D('',#13463,#13464,#13465);
#13463 = CARTESIAN_POINT('',(117.465002,-117.2,1.474798));
#13464 = DIRECTION('',(-0.,0.,-1.));
#13465 = DIRECTION('',(-0.,-1.,0.));
#13466 = ORIENTED_EDGE('',*,*,#13467,.T.);
#13467 = EDGE_CURVE('',#13459,#13468,#13470,.T.);
#13468 = VERTEX_POINT('',#13469);
#13469 = CARTESIAN_POINT('',(116.195002,-117.581,1.474798));
#13470 = LINE('',#13471,#13472);
#13471 = CARTESIAN_POINT('',(58.097501,-117.581,1.474798));
#13472 = VECTOR('',#13473,1.);
#13473 = DIRECTION('',(-1.,0.,0.));
#13474 = ORIENTED_EDGE('',*,*,#13475,.T.);
#13475 = EDGE_CURVE('',#13468,#13476,#13478,.T.);
#13476 = VERTEX_POINT('',#13477);
#13477 = CARTESIAN_POINT('',(116.195002,-116.819,1.474798));
#13478 = CIRCLE('',#13479,0.381);
#13479 = AXIS2_PLACEMENT_3D('',#13480,#13481,#13482);
#13480 = CARTESIAN_POINT('',(116.195002,-117.2,1.474798));
#13481 = DIRECTION('',(-0.,0.,-1.));
#13482 = DIRECTION('',(0.,1.,0.));
#13483 = ORIENTED_EDGE('',*,*,#13484,.T.);
#13484 = EDGE_CURVE('',#13476,#13457,#13485,.T.);
#13485 = LINE('',#13486,#13487);
#13486 = CARTESIAN_POINT('',(58.732501,-116.819,1.474798));
#13487 = VECTOR('',#13488,1.);
#13488 = DIRECTION('',(1.,0.,-0.));
#13489 = FACE_BOUND('',#13490,.T.);
#13490 = EDGE_LOOP('',(#13491,#13502,#13510,#13519));
#13491 = ORIENTED_EDGE('',*,*,#13492,.T.);
#13492 = EDGE_CURVE('',#13493,#13495,#13497,.T.);
#13493 = VERTEX_POINT('',#13494);
#13494 = CARTESIAN_POINT('',(112.635,-112.119,1.474798));
#13495 = VERTEX_POINT('',#13496);
#13496 = CARTESIAN_POINT('',(112.635,-112.881,1.474798));
#13497 = CIRCLE('',#13498,0.381);
#13498 = AXIS2_PLACEMENT_3D('',#13499,#13500,#13501);
#13499 = CARTESIAN_POINT('',(112.635,-112.5,1.474798));
#13500 = DIRECTION('',(-0.,0.,-1.));
#13501 = DIRECTION('',(-0.,-1.,0.));
#13502 = ORIENTED_EDGE('',*,*,#13503,.T.);
#13503 = EDGE_CURVE('',#13495,#13504,#13506,.T.);
#13504 = VERTEX_POINT('',#13505);
#13505 = CARTESIAN_POINT('',(111.365,-112.881,1.474798));
#13506 = LINE('',#13507,#13508);
#13507 = CARTESIAN_POINT('',(55.6825,-112.881,1.474798));
#13508 = VECTOR('',#13509,1.);
#13509 = DIRECTION('',(-1.,0.,0.));
#13510 = ORIENTED_EDGE('',*,*,#13511,.T.);
#13511 = EDGE_CURVE('',#13504,#13512,#13514,.T.);
#13512 = VERTEX_POINT('',#13513);
#13513 = CARTESIAN_POINT('',(111.365,-112.119,1.474798));
#13514 = CIRCLE('',#13515,0.381);
#13515 = AXIS2_PLACEMENT_3D('',#13516,#13517,#13518);
#13516 = CARTESIAN_POINT('',(111.365,-112.5,1.474798));
#13517 = DIRECTION('',(-0.,0.,-1.));
#13518 = DIRECTION('',(0.,1.,0.));
#13519 = ORIENTED_EDGE('',*,*,#13520,.T.);
#13520 = EDGE_CURVE('',#13512,#13493,#13521,.T.);
#13521 = LINE('',#13522,#13523);
#13522 = CARTESIAN_POINT('',(56.3175,-112.119,1.474798));
#13523 = VECTOR('',#13524,1.);
#13524 = DIRECTION('',(1.,0.,-0.));
#13525 = FACE_BOUND('',#13526,.T.);
#13526 = EDGE_LOOP('',(#13527,#13538,#13546,#13555));
#13527 = ORIENTED_EDGE('',*,*,#13528,.T.);
#13528 = EDGE_CURVE('',#13529,#13531,#13533,.T.);
#13529 = VERTEX_POINT('',#13530);
#13530 = CARTESIAN_POINT('',(117.465002,-112.119,1.474798));
#13531 = VERTEX_POINT('',#13532);
#13532 = CARTESIAN_POINT('',(117.465002,-112.881,1.474798));
#13533 = CIRCLE('',#13534,0.381);
#13534 = AXIS2_PLACEMENT_3D('',#13535,#13536,#13537);
#13535 = CARTESIAN_POINT('',(117.465002,-112.5,1.474798));
#13536 = DIRECTION('',(-0.,0.,-1.));
#13537 = DIRECTION('',(-0.,-1.,0.));
#13538 = ORIENTED_EDGE('',*,*,#13539,.T.);
#13539 = EDGE_CURVE('',#13531,#13540,#13542,.T.);
#13540 = VERTEX_POINT('',#13541);
#13541 = CARTESIAN_POINT('',(116.195002,-112.881,1.474798));
#13542 = LINE('',#13543,#13544);
#13543 = CARTESIAN_POINT('',(58.097501,-112.881,1.474798));
#13544 = VECTOR('',#13545,1.);
#13545 = DIRECTION('',(-1.,0.,0.));
#13546 = ORIENTED_EDGE('',*,*,#13547,.T.);
#13547 = EDGE_CURVE('',#13540,#13548,#13550,.T.);
#13548 = VERTEX_POINT('',#13549);
#13549 = CARTESIAN_POINT('',(116.195002,-112.119,1.474798));
#13550 = CIRCLE('',#13551,0.381);
#13551 = AXIS2_PLACEMENT_3D('',#13552,#13553,#13554);
#13552 = CARTESIAN_POINT('',(116.195002,-112.5,1.474798));
#13553 = DIRECTION('',(-0.,0.,-1.));
#13554 = DIRECTION('',(0.,1.,0.));
#13555 = ORIENTED_EDGE('',*,*,#13556,.T.);
#13556 = EDGE_CURVE('',#13548,#13529,#13557,.T.);
#13557 = LINE('',#13558,#13559);
#13558 = CARTESIAN_POINT('',(58.732501,-112.119,1.474798));
#13559 = VECTOR('',#13560,1.);
#13560 = DIRECTION('',(1.,0.,-0.));
#13561 = FACE_BOUND('',#13562,.T.);
#13562 = EDGE_LOOP('',(#13563));
#13563 = ORIENTED_EDGE('',*,*,#13564,.T.);
#13564 = EDGE_CURVE('',#13565,#13565,#13567,.T.);
#13565 = VERTEX_POINT('',#13566);
#13566 = CARTESIAN_POINT('',(82.832706,-100.421596,1.474798));
#13567 = CIRCLE('',#13568,1.3716);
#13568 = AXIS2_PLACEMENT_3D('',#13569,#13570,#13571);
#13569 = CARTESIAN_POINT('',(82.832706,-99.049996,1.474798));
#13570 = DIRECTION('',(-0.,0.,-1.));
#13571 = DIRECTION('',(-0.,-1.,0.));
#13572 = FACE_BOUND('',#13573,.T.);
#13573 = EDGE_LOOP('',(#13574,#13585,#13593,#13602));
#13574 = ORIENTED_EDGE('',*,*,#13575,.T.);
#13575 = EDGE_CURVE('',#13576,#13578,#13580,.T.);
#13576 = VERTEX_POINT('',#13577);
#13577 = CARTESIAN_POINT('',(112.635,-107.418999,1.474798));
#13578 = VERTEX_POINT('',#13579);
#13579 = CARTESIAN_POINT('',(112.635,-108.180999,1.474798));
#13580 = CIRCLE('',#13581,0.381);
#13581 = AXIS2_PLACEMENT_3D('',#13582,#13583,#13584);
#13582 = CARTESIAN_POINT('',(112.635,-107.799999,1.474798));
#13583 = DIRECTION('',(-0.,0.,-1.));
#13584 = DIRECTION('',(-0.,-1.,0.));
#13585 = ORIENTED_EDGE('',*,*,#13586,.T.);
#13586 = EDGE_CURVE('',#13578,#13587,#13589,.T.);
#13587 = VERTEX_POINT('',#13588);
#13588 = CARTESIAN_POINT('',(111.365,-108.180999,1.474798));
#13589 = LINE('',#13590,#13591);
#13590 = CARTESIAN_POINT('',(55.6825,-108.180999,1.474798));
#13591 = VECTOR('',#13592,1.);
#13592 = DIRECTION('',(-1.,0.,0.));
#13593 = ORIENTED_EDGE('',*,*,#13594,.T.);
#13594 = EDGE_CURVE('',#13587,#13595,#13597,.T.);
#13595 = VERTEX_POINT('',#13596);
#13596 = CARTESIAN_POINT('',(111.365,-107.418999,1.474798));
#13597 = CIRCLE('',#13598,0.381);
#13598 = AXIS2_PLACEMENT_3D('',#13599,#13600,#13601);
#13599 = CARTESIAN_POINT('',(111.365,-107.799999,1.474798));
#13600 = DIRECTION('',(-0.,0.,-1.));
#13601 = DIRECTION('',(0.,1.,0.));
#13602 = ORIENTED_EDGE('',*,*,#13603,.T.);
#13603 = EDGE_CURVE('',#13595,#13576,#13604,.T.);
#13604 = LINE('',#13605,#13606);
#13605 = CARTESIAN_POINT('',(56.3175,-107.418999,1.474798));
#13606 = VECTOR('',#13607,1.);
#13607 = DIRECTION('',(1.,0.,-0.));
#13608 = FACE_BOUND('',#13609,.T.);
#13609 = EDGE_LOOP('',(#13610,#13621,#13629,#13638));
#13610 = ORIENTED_EDGE('',*,*,#13611,.T.);
#13611 = EDGE_CURVE('',#13612,#13614,#13616,.T.);
#13612 = VERTEX_POINT('',#13613);
#13613 = CARTESIAN_POINT('',(117.465001,-107.418999,1.474798));
#13614 = VERTEX_POINT('',#13615);
#13615 = CARTESIAN_POINT('',(117.465001,-108.180999,1.474798));
#13616 = CIRCLE('',#13617,0.381);
#13617 = AXIS2_PLACEMENT_3D('',#13618,#13619,#13620);
#13618 = CARTESIAN_POINT('',(117.465001,-107.799999,1.474798));
#13619 = DIRECTION('',(-0.,0.,-1.));
#13620 = DIRECTION('',(-0.,-1.,0.));
#13621 = ORIENTED_EDGE('',*,*,#13622,.T.);
#13622 = EDGE_CURVE('',#13614,#13623,#13625,.T.);
#13623 = VERTEX_POINT('',#13624);
#13624 = CARTESIAN_POINT('',(116.195001,-108.180999,1.474798));
#13625 = LINE('',#13626,#13627);
#13626 = CARTESIAN_POINT('',(58.0975005,-108.180999,1.474798));
#13627 = VECTOR('',#13628,1.);
#13628 = DIRECTION('',(-1.,0.,0.));
#13629 = ORIENTED_EDGE('',*,*,#13630,.T.);
#13630 = EDGE_CURVE('',#13623,#13631,#13633,.T.);
#13631 = VERTEX_POINT('',#13632);
#13632 = CARTESIAN_POINT('',(116.195001,-107.418999,1.474798));
#13633 = CIRCLE('',#13634,0.381);
#13634 = AXIS2_PLACEMENT_3D('',#13635,#13636,#13637);
#13635 = CARTESIAN_POINT('',(116.195001,-107.799999,1.474798));
#13636 = DIRECTION('',(-0.,0.,-1.));
#13637 = DIRECTION('',(0.,1.,0.));
#13638 = ORIENTED_EDGE('',*,*,#13639,.T.);
#13639 = EDGE_CURVE('',#13631,#13612,#13640,.T.);
#13640 = LINE('',#13641,#13642);
#13641 = CARTESIAN_POINT('',(58.7325005,-107.418999,1.474798));
#13642 = VECTOR('',#13643,1.);
#13643 = DIRECTION('',(1.,0.,-0.));
#13644 = FACE_BOUND('',#13645,.T.);
#13645 = EDGE_LOOP('',(#13646));
#13646 = ORIENTED_EDGE('',*,*,#13647,.T.);
#13647 = EDGE_CURVE('',#13648,#13648,#13650,.T.);
#13648 = VERTEX_POINT('',#13649);
#13649 = CARTESIAN_POINT('',(108.332704,-95.530996,1.474798));
#13650 = CIRCLE('',#13651,0.381);
#13651 = AXIS2_PLACEMENT_3D('',#13652,#13653,#13654);
#13652 = CARTESIAN_POINT('',(108.332704,-95.149996,1.474798));
#13653 = DIRECTION('',(-0.,0.,-1.));
#13654 = DIRECTION('',(-0.,-1.,0.));
#13655 = FACE_BOUND('',#13656,.T.);
#13656 = EDGE_LOOP('',(#13657));
#13657 = ORIENTED_EDGE('',*,*,#13658,.T.);
#13658 = EDGE_CURVE('',#13659,#13659,#13661,.T.);
#13659 = VERTEX_POINT('',#13660);
#13660 = CARTESIAN_POINT('',(110.332705,-95.530996,1.474798));
#13661 = CIRCLE('',#13662,0.381);
#13662 = AXIS2_PLACEMENT_3D('',#13663,#13664,#13665);
#13663 = CARTESIAN_POINT('',(110.332705,-95.149996,1.474798));
#13664 = DIRECTION('',(-0.,0.,-1.));
#13665 = DIRECTION('',(-0.,-1.,0.));
#13666 = FACE_BOUND('',#13667,.T.);
#13667 = EDGE_LOOP('',(#13668));
#13668 = ORIENTED_EDGE('',*,*,#13669,.T.);
#13669 = EDGE_CURVE('',#13670,#13670,#13672,.T.);
#13670 = VERTEX_POINT('',#13671);
#13671 = CARTESIAN_POINT('',(112.332706,-95.530996,1.474798));
#13672 = CIRCLE('',#13673,0.381);
#13673 = AXIS2_PLACEMENT_3D('',#13674,#13675,#13676);
#13674 = CARTESIAN_POINT('',(112.332706,-95.149996,1.474798));
#13675 = DIRECTION('',(-0.,0.,-1.));
#13676 = DIRECTION('',(-0.,-1.,0.));
#13677 = FACE_BOUND('',#13678,.T.);
#13678 = EDGE_LOOP('',(#13679));
#13679 = ORIENTED_EDGE('',*,*,#13680,.T.);
#13680 = EDGE_CURVE('',#13681,#13681,#13683,.T.);
#13681 = VERTEX_POINT('',#13682);
#13682 = CARTESIAN_POINT('',(114.332704,-95.530996,1.474798));
#13683 = CIRCLE('',#13684,0.381);
#13684 = AXIS2_PLACEMENT_3D('',#13685,#13686,#13687);
#13685 = CARTESIAN_POINT('',(114.332704,-95.149996,1.474798));
#13686 = DIRECTION('',(-0.,0.,-1.));
#13687 = DIRECTION('',(-0.,-1.,0.));
#13688 = FACE_BOUND('',#13689,.T.);
#13689 = EDGE_LOOP('',(#13690));
#13690 = ORIENTED_EDGE('',*,*,#13691,.T.);
#13691 = EDGE_CURVE('',#13692,#13692,#13694,.T.);
#13692 = VERTEX_POINT('',#13693);
#13693 = CARTESIAN_POINT('',(116.332705,-95.530996,1.474798));
#13694 = CIRCLE('',#13695,0.381);
#13695 = AXIS2_PLACEMENT_3D('',#13696,#13697,#13698);
#13696 = CARTESIAN_POINT('',(116.332705,-95.149996,1.474798));
#13697 = DIRECTION('',(-0.,0.,-1.));
#13698 = DIRECTION('',(-0.,-1.,0.));
#13699 = FACE_BOUND('',#13700,.T.);
#13700 = EDGE_LOOP('',(#13701));
#13701 = ORIENTED_EDGE('',*,*,#13702,.T.);
#13702 = EDGE_CURVE('',#13703,#13703,#13705,.T.);
#13703 = VERTEX_POINT('',#13704);
#13704 = CARTESIAN_POINT('',(118.332704,-95.530996,1.474798));
#13705 = CIRCLE('',#13706,0.381);
#13706 = AXIS2_PLACEMENT_3D('',#13707,#13708,#13709);
#13707 = CARTESIAN_POINT('',(118.332704,-95.149996,1.474798));
#13708 = DIRECTION('',(-0.,0.,-1.));
#13709 = DIRECTION('',(-0.,-1.,0.));
#13710 = FACE_BOUND('',#13711,.T.);
#13711 = EDGE_LOOP('',(#13712));
#13712 = ORIENTED_EDGE('',*,*,#13713,.T.);
#13713 = EDGE_CURVE('',#13714,#13714,#13716,.T.);
#13714 = VERTEX_POINT('',#13715);
#13715 = CARTESIAN_POINT('',(120.332705,-95.530996,1.474798));
#13716 = CIRCLE('',#13717,0.381);
#13717 = AXIS2_PLACEMENT_3D('',#13718,#13719,#13720);
#13718 = CARTESIAN_POINT('',(120.332705,-95.149996,1.474798));
#13719 = DIRECTION('',(-0.,0.,-1.));
#13720 = DIRECTION('',(-0.,-1.,0.));
#13721 = FACE_BOUND('',#13722,.T.);
#13722 = EDGE_LOOP('',(#13723));
#13723 = ORIENTED_EDGE('',*,*,#13724,.T.);
#13724 = EDGE_CURVE('',#13725,#13725,#13727,.T.);
#13725 = VERTEX_POINT('',#13726);
#13726 = CARTESIAN_POINT('',(139.41,-121.3,1.474798));
#13727 = CIRCLE('',#13728,0.925);
#13728 = AXIS2_PLACEMENT_3D('',#13729,#13730,#13731);
#13729 = CARTESIAN_POINT('',(139.41,-120.375,1.474798));
#13730 = DIRECTION('',(-0.,0.,-1.));
#13731 = DIRECTION('',(-3.072617235719E-14,-1.,0.));
#13732 = FACE_BOUND('',#13733,.T.);
#13733 = EDGE_LOOP('',(#13734));
#13734 = ORIENTED_EDGE('',*,*,#13735,.T.);
#13735 = EDGE_CURVE('',#13736,#13736,#13738,.T.);
#13736 = VERTEX_POINT('',#13737);
#13737 = CARTESIAN_POINT('',(142.59,-121.3,1.474798));
#13738 = CIRCLE('',#13739,0.925);
#13739 = AXIS2_PLACEMENT_3D('',#13740,#13741,#13742);
#13740 = CARTESIAN_POINT('',(142.59,-120.375,1.474798));
#13741 = DIRECTION('',(-0.,0.,-1.));
#13742 = DIRECTION('',(3.072617235719E-14,-1.,-0.));
#13743 = FACE_BOUND('',#13744,.T.);
#13744 = EDGE_LOOP('',(#13745));
#13745 = ORIENTED_EDGE('',*,*,#13746,.T.);
#13746 = EDGE_CURVE('',#13747,#13747,#13749,.T.);
#13747 = VERTEX_POINT('',#13748);
#13748 = CARTESIAN_POINT('',(141.,-118.125,1.474798));
#13749 = CIRCLE('',#13750,0.925);
#13750 = AXIS2_PLACEMENT_3D('',#13751,#13752,#13753);
#13751 = CARTESIAN_POINT('',(141.,-117.2,1.474798));
#13752 = DIRECTION('',(-0.,0.,-1.));
#13753 = DIRECTION('',(-0.,-1.,0.));
#13754 = FACE_BOUND('',#13755,.T.);
#13755 = EDGE_LOOP('',(#13756));
#13756 = ORIENTED_EDGE('',*,*,#13757,.T.);
#13757 = EDGE_CURVE('',#13758,#13758,#13760,.T.);
#13758 = VERTEX_POINT('',#13759);
#13759 = CARTESIAN_POINT('',(141.,-113.425,1.474798));
#13760 = CIRCLE('',#13761,0.925);
#13761 = AXIS2_PLACEMENT_3D('',#13762,#13763,#13764);
#13762 = CARTESIAN_POINT('',(141.,-112.5,1.474798));
#13763 = DIRECTION('',(-0.,0.,-1.));
#13764 = DIRECTION('',(-0.,-1.,0.));
#13765 = FACE_BOUND('',#13766,.T.);
#13766 = EDGE_LOOP('',(#13767));
#13767 = ORIENTED_EDGE('',*,*,#13768,.T.);
#13768 = EDGE_CURVE('',#13769,#13769,#13771,.T.);
#13769 = VERTEX_POINT('',#13770);
#13770 = CARTESIAN_POINT('',(141.,-108.725,1.474798));
#13771 = CIRCLE('',#13772,0.925);
#13772 = AXIS2_PLACEMENT_3D('',#13773,#13774,#13775);
#13773 = CARTESIAN_POINT('',(141.,-107.8,1.474798));
#13774 = DIRECTION('',(-0.,0.,-1.));
#13775 = DIRECTION('',(-0.,-1.,0.));
#13776 = FACE_BOUND('',#13777,.T.);
#13777 = EDGE_LOOP('',(#13778));
#13778 = ORIENTED_EDGE('',*,*,#13779,.T.);
#13779 = EDGE_CURVE('',#13780,#13780,#13782,.T.);
#13780 = VERTEX_POINT('',#13781);
#13781 = CARTESIAN_POINT('',(139.41,-105.55,1.474798));
#13782 = CIRCLE('',#13783,0.925);
#13783 = AXIS2_PLACEMENT_3D('',#13784,#13785,#13786);
#13784 = CARTESIAN_POINT('',(139.41,-104.625,1.474798));
#13785 = DIRECTION('',(-0.,0.,-1.));
#13786 = DIRECTION('',(-3.072617235719E-14,-1.,0.));
#13787 = FACE_BOUND('',#13788,.T.);
#13788 = EDGE_LOOP('',(#13789));
#13789 = ORIENTED_EDGE('',*,*,#13790,.T.);
#13790 = EDGE_CURVE('',#13791,#13791,#13793,.T.);
#13791 = VERTEX_POINT('',#13792);
#13792 = CARTESIAN_POINT('',(142.59,-105.55,1.474798));
#13793 = CIRCLE('',#13794,0.925);
#13794 = AXIS2_PLACEMENT_3D('',#13795,#13796,#13797);
#13795 = CARTESIAN_POINT('',(142.59,-104.625,1.474798));
#13796 = DIRECTION('',(-0.,0.,-1.));
#13797 = DIRECTION('',(3.072617235719E-14,-1.,-0.));
#13798 = FACE_BOUND('',#13799,.T.);
#13799 = EDGE_LOOP('',(#13800));
#13800 = ORIENTED_EDGE('',*,*,#13801,.T.);
#13801 = EDGE_CURVE('',#13802,#13802,#13804,.T.);
#13802 = VERTEX_POINT('',#13803);
#13803 = CARTESIAN_POINT('',(122.332704,-95.530996,1.474798));
#13804 = CIRCLE('',#13805,0.381);
#13805 = AXIS2_PLACEMENT_3D('',#13806,#13807,#13808);
#13806 = CARTESIAN_POINT('',(122.332704,-95.149996,1.474798));
#13807 = DIRECTION('',(-0.,0.,-1.));
#13808 = DIRECTION('',(-0.,-1.,0.));
#13809 = FACE_BOUND('',#13810,.T.);
#13810 = EDGE_LOOP('',(#13811));
#13811 = ORIENTED_EDGE('',*,*,#13812,.T.);
#13812 = EDGE_CURVE('',#13813,#13813,#13815,.T.);
#13813 = VERTEX_POINT('',#13814);
#13814 = CARTESIAN_POINT('',(147.832703,-100.421596,1.474798));
#13815 = CIRCLE('',#13816,1.3716);
#13816 = AXIS2_PLACEMENT_3D('',#13817,#13818,#13819);
#13817 = CARTESIAN_POINT('',(147.832703,-99.049996,1.474798));
#13818 = DIRECTION('',(-0.,0.,-1.));
#13819 = DIRECTION('',(-0.,-1.,0.));
#13820 = FACE_BOUND('',#13821,.T.);
#13821 = EDGE_LOOP('',(#13822));
#13822 = ORIENTED_EDGE('',*,*,#13823,.T.);
#13823 = EDGE_CURVE('',#13824,#13824,#13826,.T.);
#13824 = VERTEX_POINT('',#13825);
#13825 = CARTESIAN_POINT('',(76.832705,-84.376296,1.474798));
#13826 = CIRCLE('',#13827,0.8763);
#13827 = AXIS2_PLACEMENT_3D('',#13828,#13829,#13830);
#13828 = CARTESIAN_POINT('',(76.832705,-83.499996,1.474798));
#13829 = DIRECTION('',(-0.,0.,-1.));
#13830 = DIRECTION('',(-0.,-1.,0.));
#13831 = FACE_BOUND('',#13832,.T.);
#13832 = EDGE_LOOP('',(#13833));
#13833 = ORIENTED_EDGE('',*,*,#13834,.T.);
#13834 = EDGE_CURVE('',#13835,#13835,#13837,.T.);
#13835 = VERTEX_POINT('',#13836);
#13836 = CARTESIAN_POINT('',(76.782692,-75.876295,1.474798));
#13837 = CIRCLE('',#13838,0.8763);
#13838 = AXIS2_PLACEMENT_3D('',#13839,#13840,#13841);
#13839 = CARTESIAN_POINT('',(76.782692,-74.999995,1.474798));
#13840 = DIRECTION('',(-0.,0.,-1.));
#13841 = DIRECTION('',(-0.,-1.,0.));
#13842 = FACE_BOUND('',#13843,.T.);
#13843 = EDGE_LOOP('',(#13844));
#13844 = ORIENTED_EDGE('',*,*,#13845,.T.);
#13845 = EDGE_CURVE('',#13846,#13846,#13848,.T.);
#13846 = VERTEX_POINT('',#13847);
#13847 = CARTESIAN_POINT('',(82.832706,-67.321604,1.474798));
#13848 = CIRCLE('',#13849,1.3716);
#13849 = AXIS2_PLACEMENT_3D('',#13850,#13851,#13852);
#13850 = CARTESIAN_POINT('',(82.832706,-65.950004,1.474798));
#13851 = DIRECTION('',(-0.,0.,-1.));
#13852 = DIRECTION('',(-0.,-1.,0.));
#13853 = FACE_BOUND('',#13854,.T.);
#13854 = EDGE_LOOP('',(#13855));
#13855 = ORIENTED_EDGE('',*,*,#13856,.T.);
#13856 = EDGE_CURVE('',#13857,#13857,#13859,.T.);
#13857 = VERTEX_POINT('',#13858);
#13858 = CARTESIAN_POINT('',(75.5,-66.25,1.474798));
#13859 = CIRCLE('',#13860,2.25);
#13860 = AXIS2_PLACEMENT_3D('',#13861,#13862,#13863);
#13861 = CARTESIAN_POINT('',(75.5,-64.,1.474798));
#13862 = DIRECTION('',(-0.,0.,-1.));
#13863 = DIRECTION('',(-0.,-1.,0.));
#13864 = FACE_BOUND('',#13865,.T.);
#13865 = EDGE_LOOP('',(#13866));
#13866 = ORIENTED_EDGE('',*,*,#13867,.T.);
#13867 = EDGE_CURVE('',#13868,#13868,#13870,.T.);
#13868 = VERTEX_POINT('',#13869);
#13869 = CARTESIAN_POINT('',(147.832703,-67.321604,1.474798));
#13870 = CIRCLE('',#13871,1.3716);
#13871 = AXIS2_PLACEMENT_3D('',#13872,#13873,#13874);
#13872 = CARTESIAN_POINT('',(147.832703,-65.950004,1.474798));
#13873 = DIRECTION('',(-0.,0.,-1.));
#13874 = DIRECTION('',(-0.,-1.,0.));
#13875 = FACE_BOUND('',#13876,.T.);
#13876 = EDGE_LOOP('',(#13877));
#13877 = ORIENTED_EDGE('',*,*,#13878,.T.);
#13878 = EDGE_CURVE('',#13879,#13879,#13881,.T.);
#13879 = VERTEX_POINT('',#13880);
#13880 = CARTESIAN_POINT('',(178.93,-118.62,1.474798));
#13881 = CIRCLE('',#13882,1.6);
#13882 = AXIS2_PLACEMENT_3D('',#13883,#13884,#13885);
#13883 = CARTESIAN_POINT('',(178.93,-117.02,1.474798));
#13884 = DIRECTION('',(-0.,0.,-1.));
#13885 = DIRECTION('',(-0.,-1.,0.));
#13886 = FACE_BOUND('',#13887,.T.);
#13887 = EDGE_LOOP('',(#13888));
#13888 = ORIENTED_EDGE('',*,*,#13889,.T.);
#13889 = EDGE_CURVE('',#13890,#13890,#13892,.T.);
#13890 = VERTEX_POINT('',#13891);
#13891 = CARTESIAN_POINT('',(181.47,-79.428,1.474798));
#13892 = CIRCLE('',#13893,0.508);
#13893 = AXIS2_PLACEMENT_3D('',#13894,#13895,#13896);
#13894 = CARTESIAN_POINT('',(181.47,-78.92,1.474798));
#13895 = DIRECTION('',(-0.,0.,-1.));
#13896 = DIRECTION('',(-0.,-1.,0.));
#13897 = FACE_BOUND('',#13898,.T.);
#13898 = EDGE_LOOP('',(#13899));
#13899 = ORIENTED_EDGE('',*,*,#13900,.T.);
#13900 = EDGE_CURVE('',#13901,#13901,#13903,.T.);
#13901 = VERTEX_POINT('',#13902);
#13902 = CARTESIAN_POINT('',(184.01,-79.428,1.474798));
#13903 = CIRCLE('',#13904,0.508);
#13904 = AXIS2_PLACEMENT_3D('',#13905,#13906,#13907);
#13905 = CARTESIAN_POINT('',(184.01,-78.92,1.474798));
#13906 = DIRECTION('',(-0.,0.,-1.));
#13907 = DIRECTION('',(-0.,-1.,0.));
#13908 = FACE_BOUND('',#13909,.T.);
#13909 = EDGE_LOOP('',(#13910));
#13910 = ORIENTED_EDGE('',*,*,#13911,.T.);
#13911 = EDGE_CURVE('',#13912,#13912,#13914,.T.);
#13912 = VERTEX_POINT('',#13913);
#13913 = CARTESIAN_POINT('',(186.55,-79.428,1.474798));
#13914 = CIRCLE('',#13915,0.508);
#13915 = AXIS2_PLACEMENT_3D('',#13916,#13917,#13918);
#13916 = CARTESIAN_POINT('',(186.55,-78.92,1.474798));
#13917 = DIRECTION('',(-0.,0.,-1.));
#13918 = DIRECTION('',(-0.,-1.,0.));
#13919 = FACE_BOUND('',#13920,.T.);
#13920 = EDGE_LOOP('',(#13921));
#13921 = ORIENTED_EDGE('',*,*,#13922,.T.);
#13922 = EDGE_CURVE('',#13923,#13923,#13925,.T.);
#13923 = VERTEX_POINT('',#13924);
#13924 = CARTESIAN_POINT('',(189.09,-79.428,1.474798));
#13925 = CIRCLE('',#13926,0.508);
#13926 = AXIS2_PLACEMENT_3D('',#13927,#13928,#13929);
#13927 = CARTESIAN_POINT('',(189.09,-78.92,1.474798));
#13928 = DIRECTION('',(-0.,0.,-1.));
#13929 = DIRECTION('',(-0.,-1.,0.));
#13930 = FACE_BOUND('',#13931,.T.);
#13931 = EDGE_LOOP('',(#13932));
#13932 = ORIENTED_EDGE('',*,*,#13933,.T.);
#13933 = EDGE_CURVE('',#13934,#13934,#13936,.T.);
#13934 = VERTEX_POINT('',#13935);
#13935 = CARTESIAN_POINT('',(191.63,-79.428,1.474798));
#13936 = CIRCLE('',#13937,0.508);
#13937 = AXIS2_PLACEMENT_3D('',#13938,#13939,#13940);
#13938 = CARTESIAN_POINT('',(191.63,-78.92,1.474798));
#13939 = DIRECTION('',(-0.,0.,-1.));
#13940 = DIRECTION('',(-0.,-1.,0.));
#13941 = FACE_BOUND('',#13942,.T.);
#13942 = EDGE_LOOP('',(#13943));
#13943 = ORIENTED_EDGE('',*,*,#13944,.T.);
#13944 = EDGE_CURVE('',#13945,#13945,#13947,.T.);
#13945 = VERTEX_POINT('',#13946);
#13946 = CARTESIAN_POINT('',(194.17,-79.428,1.474798));
#13947 = CIRCLE('',#13948,0.508);
#13948 = AXIS2_PLACEMENT_3D('',#13949,#13950,#13951);
#13949 = CARTESIAN_POINT('',(194.17,-78.92,1.474798));
#13950 = DIRECTION('',(-0.,0.,-1.));
#13951 = DIRECTION('',(-5.594824691025E-14,-1.,0.));
#13952 = FACE_BOUND('',#13953,.T.);
#13953 = EDGE_LOOP('',(#13954));
#13954 = ORIENTED_EDGE('',*,*,#13955,.T.);
#13955 = EDGE_CURVE('',#13956,#13956,#13958,.T.);
#13956 = VERTEX_POINT('',#13957);
#13957 = CARTESIAN_POINT('',(196.71,-79.428,1.474798));
#13958 = CIRCLE('',#13959,0.508);
#13959 = AXIS2_PLACEMENT_3D('',#13960,#13961,#13962);
#13960 = CARTESIAN_POINT('',(196.71,-78.92,1.474798));
#13961 = DIRECTION('',(-0.,0.,-1.));
#13962 = DIRECTION('',(5.594824691024E-14,-1.,-0.));
#13963 = FACE_BOUND('',#13964,.T.);
#13964 = EDGE_LOOP('',(#13965));
#13965 = ORIENTED_EDGE('',*,*,#13966,.T.);
#13966 = EDGE_CURVE('',#13967,#13967,#13969,.T.);
#13967 = VERTEX_POINT('',#13968);
#13968 = CARTESIAN_POINT('',(199.25,-79.428,1.474798));
#13969 = CIRCLE('',#13970,0.508);
#13970 = AXIS2_PLACEMENT_3D('',#13971,#13972,#13973);
#13971 = CARTESIAN_POINT('',(199.25,-78.92,1.474798));
#13972 = DIRECTION('',(-0.,0.,-1.));
#13973 = DIRECTION('',(-0.,-1.,0.));
#13974 = FACE_BOUND('',#13975,.T.);
#13975 = EDGE_LOOP('',(#13976));
#13976 = ORIENTED_EDGE('',*,*,#13977,.T.);
#13977 = EDGE_CURVE('',#13978,#13978,#13980,.T.);
#13978 = VERTEX_POINT('',#13979);
#13979 = CARTESIAN_POINT('',(201.79,-79.428,1.474798));
#13980 = CIRCLE('',#13981,0.508);
#13981 = AXIS2_PLACEMENT_3D('',#13982,#13983,#13984);
#13982 = CARTESIAN_POINT('',(201.79,-78.92,1.474798));
#13983 = DIRECTION('',(-0.,0.,-1.));
#13984 = DIRECTION('',(-5.594824691025E-14,-1.,0.));
#13985 = FACE_BOUND('',#13986,.T.);
#13986 = EDGE_LOOP('',(#13987));
#13987 = ORIENTED_EDGE('',*,*,#13988,.T.);
#13988 = EDGE_CURVE('',#13989,#13989,#13991,.T.);
#13989 = VERTEX_POINT('',#13990);
#13990 = CARTESIAN_POINT('',(204.33,-79.428,1.474798));
#13991 = CIRCLE('',#13992,0.508);
#13992 = AXIS2_PLACEMENT_3D('',#13993,#13994,#13995);
#13993 = CARTESIAN_POINT('',(204.33,-78.92,1.474798));
#13994 = DIRECTION('',(-0.,0.,-1.));
#13995 = DIRECTION('',(5.594824691024E-14,-1.,-0.));
#13996 = FACE_BOUND('',#13997,.T.);
#13997 = EDGE_LOOP('',(#13998));
#13998 = ORIENTED_EDGE('',*,*,#13999,.T.);
#13999 = EDGE_CURVE('',#14000,#14000,#14002,.T.);
#14000 = VERTEX_POINT('',#14001);
#14001 = CARTESIAN_POINT('',(206.87,-79.428,1.474798));
#14002 = CIRCLE('',#14003,0.508);
#14003 = AXIS2_PLACEMENT_3D('',#14004,#14005,#14006);
#14004 = CARTESIAN_POINT('',(206.87,-78.92,1.474798));
#14005 = DIRECTION('',(-0.,0.,-1.));
#14006 = DIRECTION('',(-0.,-1.,0.));
#14007 = FACE_BOUND('',#14008,.T.);
#14008 = EDGE_LOOP('',(#14009));
#14009 = ORIENTED_EDGE('',*,*,#14010,.T.);
#14010 = EDGE_CURVE('',#14011,#14011,#14013,.T.);
#14011 = VERTEX_POINT('',#14012);
#14012 = CARTESIAN_POINT('',(209.41,-79.428,1.474798));
#14013 = CIRCLE('',#14014,0.508);
#14014 = AXIS2_PLACEMENT_3D('',#14015,#14016,#14017);
#14015 = CARTESIAN_POINT('',(209.41,-78.92,1.474798));
#14016 = DIRECTION('',(-0.,0.,-1.));
#14017 = DIRECTION('',(-0.,-1.,0.));
#14018 = FACE_BOUND('',#14019,.T.);
#14019 = EDGE_LOOP('',(#14020));
#14020 = ORIENTED_EDGE('',*,*,#14021,.T.);
#14021 = EDGE_CURVE('',#14022,#14022,#14024,.T.);
#14022 = VERTEX_POINT('',#14023);
#14023 = CARTESIAN_POINT('',(211.95,-79.428,1.474798));
#14024 = CIRCLE('',#14025,0.508);
#14025 = AXIS2_PLACEMENT_3D('',#14026,#14027,#14028);
#14026 = CARTESIAN_POINT('',(211.95,-78.92,1.474798));
#14027 = DIRECTION('',(-0.,0.,-1.));
#14028 = DIRECTION('',(-0.,-1.,0.));
#14029 = FACE_BOUND('',#14030,.T.);
#14030 = EDGE_LOOP('',(#14031));
#14031 = ORIENTED_EDGE('',*,*,#14032,.T.);
#14032 = EDGE_CURVE('',#14033,#14033,#14035,.T.);
#14033 = VERTEX_POINT('',#14034);
#14034 = CARTESIAN_POINT('',(214.49,-79.428,1.474798));
#14035 = CIRCLE('',#14036,0.508);
#14036 = AXIS2_PLACEMENT_3D('',#14037,#14038,#14039);
#14037 = CARTESIAN_POINT('',(214.49,-78.92,1.474798));
#14038 = DIRECTION('',(-0.,0.,-1.));
#14039 = DIRECTION('',(-0.,-1.,0.));
#14040 = FACE_BOUND('',#14041,.T.);
#14041 = EDGE_LOOP('',(#14042));
#14042 = ORIENTED_EDGE('',*,*,#14043,.T.);
#14043 = EDGE_CURVE('',#14044,#14044,#14046,.T.);
#14044 = VERTEX_POINT('',#14045);
#14045 = CARTESIAN_POINT('',(217.03,-79.428,1.474798));
#14046 = CIRCLE('',#14047,0.508);
#14047 = AXIS2_PLACEMENT_3D('',#14048,#14049,#14050);
#14048 = CARTESIAN_POINT('',(217.03,-78.92,1.474798));
#14049 = DIRECTION('',(-0.,0.,-1.));
#14050 = DIRECTION('',(-0.,-1.,0.));
#14051 = FACE_BOUND('',#14052,.T.);
#14052 = EDGE_LOOP('',(#14053));
#14053 = ORIENTED_EDGE('',*,*,#14054,.T.);
#14054 = EDGE_CURVE('',#14055,#14055,#14057,.T.);
#14055 = VERTEX_POINT('',#14056);
#14056 = CARTESIAN_POINT('',(181.47,-76.888,1.474798));
#14057 = CIRCLE('',#14058,0.508);
#14058 = AXIS2_PLACEMENT_3D('',#14059,#14060,#14061);
#14059 = CARTESIAN_POINT('',(181.47,-76.38,1.474798));
#14060 = DIRECTION('',(-0.,0.,-1.));
#14061 = DIRECTION('',(-0.,-1.,0.));
#14062 = FACE_BOUND('',#14063,.T.);
#14063 = EDGE_LOOP('',(#14064));
#14064 = ORIENTED_EDGE('',*,*,#14065,.T.);
#14065 = EDGE_CURVE('',#14066,#14066,#14068,.T.);
#14066 = VERTEX_POINT('',#14067);
#14067 = CARTESIAN_POINT('',(184.01,-76.888,1.474798));
#14068 = CIRCLE('',#14069,0.508);
#14069 = AXIS2_PLACEMENT_3D('',#14070,#14071,#14072);
#14070 = CARTESIAN_POINT('',(184.01,-76.38,1.474798));
#14071 = DIRECTION('',(-0.,0.,-1.));
#14072 = DIRECTION('',(-0.,-1.,0.));
#14073 = FACE_BOUND('',#14074,.T.);
#14074 = EDGE_LOOP('',(#14075));
#14075 = ORIENTED_EDGE('',*,*,#14076,.T.);
#14076 = EDGE_CURVE('',#14077,#14077,#14079,.T.);
#14077 = VERTEX_POINT('',#14078);
#14078 = CARTESIAN_POINT('',(186.55,-76.888,1.474798));
#14079 = CIRCLE('',#14080,0.508);
#14080 = AXIS2_PLACEMENT_3D('',#14081,#14082,#14083);
#14081 = CARTESIAN_POINT('',(186.55,-76.38,1.474798));
#14082 = DIRECTION('',(-0.,0.,-1.));
#14083 = DIRECTION('',(-0.,-1.,0.));
#14084 = FACE_BOUND('',#14085,.T.);
#14085 = EDGE_LOOP('',(#14086));
#14086 = ORIENTED_EDGE('',*,*,#14087,.T.);
#14087 = EDGE_CURVE('',#14088,#14088,#14090,.T.);
#14088 = VERTEX_POINT('',#14089);
#14089 = CARTESIAN_POINT('',(189.09,-76.888,1.474798));
#14090 = CIRCLE('',#14091,0.508);
#14091 = AXIS2_PLACEMENT_3D('',#14092,#14093,#14094);
#14092 = CARTESIAN_POINT('',(189.09,-76.38,1.474798));
#14093 = DIRECTION('',(-0.,0.,-1.));
#14094 = DIRECTION('',(-0.,-1.,0.));
#14095 = FACE_BOUND('',#14096,.T.);
#14096 = EDGE_LOOP('',(#14097));
#14097 = ORIENTED_EDGE('',*,*,#14098,.T.);
#14098 = EDGE_CURVE('',#14099,#14099,#14101,.T.);
#14099 = VERTEX_POINT('',#14100);
#14100 = CARTESIAN_POINT('',(191.63,-76.888,1.474798));
#14101 = CIRCLE('',#14102,0.508);
#14102 = AXIS2_PLACEMENT_3D('',#14103,#14104,#14105);
#14103 = CARTESIAN_POINT('',(191.63,-76.38,1.474798));
#14104 = DIRECTION('',(-0.,0.,-1.));
#14105 = DIRECTION('',(-0.,-1.,0.));
#14106 = FACE_BOUND('',#14107,.T.);
#14107 = EDGE_LOOP('',(#14108));
#14108 = ORIENTED_EDGE('',*,*,#14109,.T.);
#14109 = EDGE_CURVE('',#14110,#14110,#14112,.T.);
#14110 = VERTEX_POINT('',#14111);
#14111 = CARTESIAN_POINT('',(194.17,-76.888,1.474798));
#14112 = CIRCLE('',#14113,0.508);
#14113 = AXIS2_PLACEMENT_3D('',#14114,#14115,#14116);
#14114 = CARTESIAN_POINT('',(194.17,-76.38,1.474798));
#14115 = DIRECTION('',(-0.,0.,-1.));
#14116 = DIRECTION('',(-5.594824691025E-14,-1.,0.));
#14117 = FACE_BOUND('',#14118,.T.);
#14118 = EDGE_LOOP('',(#14119));
#14119 = ORIENTED_EDGE('',*,*,#14120,.T.);
#14120 = EDGE_CURVE('',#14121,#14121,#14123,.T.);
#14121 = VERTEX_POINT('',#14122);
#14122 = CARTESIAN_POINT('',(196.71,-76.888,1.474798));
#14123 = CIRCLE('',#14124,0.508);
#14124 = AXIS2_PLACEMENT_3D('',#14125,#14126,#14127);
#14125 = CARTESIAN_POINT('',(196.71,-76.38,1.474798));
#14126 = DIRECTION('',(-0.,0.,-1.));
#14127 = DIRECTION('',(5.594824691024E-14,-1.,-0.));
#14128 = FACE_BOUND('',#14129,.T.);
#14129 = EDGE_LOOP('',(#14130));
#14130 = ORIENTED_EDGE('',*,*,#14131,.T.);
#14131 = EDGE_CURVE('',#14132,#14132,#14134,.T.);
#14132 = VERTEX_POINT('',#14133);
#14133 = CARTESIAN_POINT('',(199.25,-76.888,1.474798));
#14134 = CIRCLE('',#14135,0.508);
#14135 = AXIS2_PLACEMENT_3D('',#14136,#14137,#14138);
#14136 = CARTESIAN_POINT('',(199.25,-76.38,1.474798));
#14137 = DIRECTION('',(-0.,0.,-1.));
#14138 = DIRECTION('',(-0.,-1.,0.));
#14139 = FACE_BOUND('',#14140,.T.);
#14140 = EDGE_LOOP('',(#14141));
#14141 = ORIENTED_EDGE('',*,*,#14142,.T.);
#14142 = EDGE_CURVE('',#14143,#14143,#14145,.T.);
#14143 = VERTEX_POINT('',#14144);
#14144 = CARTESIAN_POINT('',(201.79,-76.888,1.474798));
#14145 = CIRCLE('',#14146,0.508);
#14146 = AXIS2_PLACEMENT_3D('',#14147,#14148,#14149);
#14147 = CARTESIAN_POINT('',(201.79,-76.38,1.474798));
#14148 = DIRECTION('',(-0.,0.,-1.));
#14149 = DIRECTION('',(-5.594824691025E-14,-1.,0.));
#14150 = FACE_BOUND('',#14151,.T.);
#14151 = EDGE_LOOP('',(#14152));
#14152 = ORIENTED_EDGE('',*,*,#14153,.T.);
#14153 = EDGE_CURVE('',#14154,#14154,#14156,.T.);
#14154 = VERTEX_POINT('',#14155);
#14155 = CARTESIAN_POINT('',(204.33,-76.888,1.474798));
#14156 = CIRCLE('',#14157,0.508);
#14157 = AXIS2_PLACEMENT_3D('',#14158,#14159,#14160);
#14158 = CARTESIAN_POINT('',(204.33,-76.38,1.474798));
#14159 = DIRECTION('',(-0.,0.,-1.));
#14160 = DIRECTION('',(5.594824691024E-14,-1.,-0.));
#14161 = FACE_BOUND('',#14162,.T.);
#14162 = EDGE_LOOP('',(#14163));
#14163 = ORIENTED_EDGE('',*,*,#14164,.T.);
#14164 = EDGE_CURVE('',#14165,#14165,#14167,.T.);
#14165 = VERTEX_POINT('',#14166);
#14166 = CARTESIAN_POINT('',(206.87,-76.888,1.474798));
#14167 = CIRCLE('',#14168,0.508);
#14168 = AXIS2_PLACEMENT_3D('',#14169,#14170,#14171);
#14169 = CARTESIAN_POINT('',(206.87,-76.38,1.474798));
#14170 = DIRECTION('',(-0.,0.,-1.));
#14171 = DIRECTION('',(-0.,-1.,0.));
#14172 = FACE_BOUND('',#14173,.T.);
#14173 = EDGE_LOOP('',(#14174));
#14174 = ORIENTED_EDGE('',*,*,#14175,.T.);
#14175 = EDGE_CURVE('',#14176,#14176,#14178,.T.);
#14176 = VERTEX_POINT('',#14177);
#14177 = CARTESIAN_POINT('',(209.41,-76.888,1.474798));
#14178 = CIRCLE('',#14179,0.508);
#14179 = AXIS2_PLACEMENT_3D('',#14180,#14181,#14182);
#14180 = CARTESIAN_POINT('',(209.41,-76.38,1.474798));
#14181 = DIRECTION('',(-0.,0.,-1.));
#14182 = DIRECTION('',(-0.,-1.,0.));
#14183 = FACE_BOUND('',#14184,.T.);
#14184 = EDGE_LOOP('',(#14185));
#14185 = ORIENTED_EDGE('',*,*,#14186,.T.);
#14186 = EDGE_CURVE('',#14187,#14187,#14189,.T.);
#14187 = VERTEX_POINT('',#14188);
#14188 = CARTESIAN_POINT('',(211.95,-76.888,1.474798));
#14189 = CIRCLE('',#14190,0.508);
#14190 = AXIS2_PLACEMENT_3D('',#14191,#14192,#14193);
#14191 = CARTESIAN_POINT('',(211.95,-76.38,1.474798));
#14192 = DIRECTION('',(-0.,0.,-1.));
#14193 = DIRECTION('',(-0.,-1.,0.));
#14194 = FACE_BOUND('',#14195,.T.);
#14195 = EDGE_LOOP('',(#14196));
#14196 = ORIENTED_EDGE('',*,*,#14197,.T.);
#14197 = EDGE_CURVE('',#14198,#14198,#14200,.T.);
#14198 = VERTEX_POINT('',#14199);
#14199 = CARTESIAN_POINT('',(214.49,-76.888,1.474798));
#14200 = CIRCLE('',#14201,0.508);
#14201 = AXIS2_PLACEMENT_3D('',#14202,#14203,#14204);
#14202 = CARTESIAN_POINT('',(214.49,-76.38,1.474798));
#14203 = DIRECTION('',(-0.,0.,-1.));
#14204 = DIRECTION('',(-0.,-1.,0.));
#14205 = FACE_BOUND('',#14206,.T.);
#14206 = EDGE_LOOP('',(#14207));
#14207 = ORIENTED_EDGE('',*,*,#14208,.T.);
#14208 = EDGE_CURVE('',#14209,#14209,#14211,.T.);
#14209 = VERTEX_POINT('',#14210);
#14210 = CARTESIAN_POINT('',(217.03,-76.888,1.474798));
#14211 = CIRCLE('',#14212,0.508);
#14212 = AXIS2_PLACEMENT_3D('',#14213,#14214,#14215);
#14213 = CARTESIAN_POINT('',(217.03,-76.38,1.474798));
#14214 = DIRECTION('',(-0.,0.,-1.));
#14215 = DIRECTION('',(-0.,-1.,0.));
#14216 = FACE_BOUND('',#14217,.T.);
#14217 = EDGE_LOOP('',(#14218));
#14218 = ORIENTED_EDGE('',*,*,#14219,.T.);
#14219 = EDGE_CURVE('',#14220,#14220,#14222,.T.);
#14220 = VERTEX_POINT('',#14221);
#14221 = CARTESIAN_POINT('',(219.57,-79.428,1.474798));
#14222 = CIRCLE('',#14223,0.508);
#14223 = AXIS2_PLACEMENT_3D('',#14224,#14225,#14226);
#14224 = CARTESIAN_POINT('',(219.57,-78.92,1.474798));
#14225 = DIRECTION('',(-0.,0.,-1.));
#14226 = DIRECTION('',(-0.,-1.,0.));
#14227 = FACE_BOUND('',#14228,.T.);
#14228 = EDGE_LOOP('',(#14229));
#14229 = ORIENTED_EDGE('',*,*,#14230,.T.);
#14230 = EDGE_CURVE('',#14231,#14231,#14233,.T.);
#14231 = VERTEX_POINT('',#14232);
#14232 = CARTESIAN_POINT('',(222.11,-79.428,1.474798));
#14233 = CIRCLE('',#14234,0.508);
#14234 = AXIS2_PLACEMENT_3D('',#14235,#14236,#14237);
#14235 = CARTESIAN_POINT('',(222.11,-78.92,1.474798));
#14236 = DIRECTION('',(-0.,0.,-1.));
#14237 = DIRECTION('',(-0.,-1.,0.));
#14238 = FACE_BOUND('',#14239,.T.);
#14239 = EDGE_LOOP('',(#14240));
#14240 = ORIENTED_EDGE('',*,*,#14241,.T.);
#14241 = EDGE_CURVE('',#14242,#14242,#14244,.T.);
#14242 = VERTEX_POINT('',#14243);
#14243 = CARTESIAN_POINT('',(224.65,-79.428,1.474798));
#14244 = CIRCLE('',#14245,0.508);
#14245 = AXIS2_PLACEMENT_3D('',#14246,#14247,#14248);
#14246 = CARTESIAN_POINT('',(224.65,-78.92,1.474798));
#14247 = DIRECTION('',(-0.,0.,-1.));
#14248 = DIRECTION('',(5.594824691024E-14,-1.,-0.));
#14249 = FACE_BOUND('',#14250,.T.);
#14250 = EDGE_LOOP('',(#14251));
#14251 = ORIENTED_EDGE('',*,*,#14252,.T.);
#14252 = EDGE_CURVE('',#14253,#14253,#14255,.T.);
#14253 = VERTEX_POINT('',#14254);
#14254 = CARTESIAN_POINT('',(227.19,-79.428,1.474798));
#14255 = CIRCLE('',#14256,0.508);
#14256 = AXIS2_PLACEMENT_3D('',#14257,#14258,#14259);
#14257 = CARTESIAN_POINT('',(227.19,-78.92,1.474798));
#14258 = DIRECTION('',(-0.,0.,-1.));
#14259 = DIRECTION('',(-0.,-1.,0.));
#14260 = FACE_BOUND('',#14261,.T.);
#14261 = EDGE_LOOP('',(#14262));
#14262 = ORIENTED_EDGE('',*,*,#14263,.T.);
#14263 = EDGE_CURVE('',#14264,#14264,#14266,.T.);
#14264 = VERTEX_POINT('',#14265);
#14265 = CARTESIAN_POINT('',(231.,-85.6,1.474798));
#14266 = CIRCLE('',#14267,1.6);
#14267 = AXIS2_PLACEMENT_3D('',#14268,#14269,#14270);
#14268 = CARTESIAN_POINT('',(231.,-84.,1.474798));
#14269 = DIRECTION('',(-0.,0.,-1.));
#14270 = DIRECTION('',(-0.,-1.,0.));
#14271 = FACE_BOUND('',#14272,.T.);
#14272 = EDGE_LOOP('',(#14273));
#14273 = ORIENTED_EDGE('',*,*,#14274,.T.);
#14274 = EDGE_CURVE('',#14275,#14275,#14277,.T.);
#14275 = VERTEX_POINT('',#14276);
#14276 = CARTESIAN_POINT('',(219.57,-76.888,1.474798));
#14277 = CIRCLE('',#14278,0.508);
#14278 = AXIS2_PLACEMENT_3D('',#14279,#14280,#14281);
#14279 = CARTESIAN_POINT('',(219.57,-76.38,1.474798));
#14280 = DIRECTION('',(-0.,0.,-1.));
#14281 = DIRECTION('',(-0.,-1.,0.));
#14282 = FACE_BOUND('',#14283,.T.);
#14283 = EDGE_LOOP('',(#14284));
#14284 = ORIENTED_EDGE('',*,*,#14285,.T.);
#14285 = EDGE_CURVE('',#14286,#14286,#14288,.T.);
#14286 = VERTEX_POINT('',#14287);
#14287 = CARTESIAN_POINT('',(222.11,-76.888,1.474798));
#14288 = CIRCLE('',#14289,0.508);
#14289 = AXIS2_PLACEMENT_3D('',#14290,#14291,#14292);
#14290 = CARTESIAN_POINT('',(222.11,-76.38,1.474798));
#14291 = DIRECTION('',(-0.,0.,-1.));
#14292 = DIRECTION('',(-0.,-1.,0.));
#14293 = FACE_BOUND('',#14294,.T.);
#14294 = EDGE_LOOP('',(#14295));
#14295 = ORIENTED_EDGE('',*,*,#14296,.T.);
#14296 = EDGE_CURVE('',#14297,#14297,#14299,.T.);
#14297 = VERTEX_POINT('',#14298);
#14298 = CARTESIAN_POINT('',(224.65,-76.888,1.474798));
#14299 = CIRCLE('',#14300,0.508);
#14300 = AXIS2_PLACEMENT_3D('',#14301,#14302,#14303);
#14301 = CARTESIAN_POINT('',(224.65,-76.38,1.474798));
#14302 = DIRECTION('',(-0.,0.,-1.));
#14303 = DIRECTION('',(5.594824691024E-14,-1.,-0.));
#14304 = FACE_BOUND('',#14305,.T.);
#14305 = EDGE_LOOP('',(#14306));
#14306 = ORIENTED_EDGE('',*,*,#14307,.T.);
#14307 = EDGE_CURVE('',#14308,#14308,#14310,.T.);
#14308 = VERTEX_POINT('',#14309);
#14309 = CARTESIAN_POINT('',(227.19,-76.888,1.474798));
#14310 = CIRCLE('',#14311,0.508);
#14311 = AXIS2_PLACEMENT_3D('',#14312,#14313,#14314);
#14312 = CARTESIAN_POINT('',(227.19,-76.38,1.474798));
#14313 = DIRECTION('',(-0.,0.,-1.));
#14314 = DIRECTION('',(-0.,-1.,0.));
#14315 = FACE_BOUND('',#14316,.T.);
#14316 = EDGE_LOOP('',(#14317));
#14317 = ORIENTED_EDGE('',*,*,#14318,.T.);
#14318 = EDGE_CURVE('',#14319,#14319,#14321,.T.);
#14319 = VERTEX_POINT('',#14320);
#14320 = CARTESIAN_POINT('',(264.,-66.25,1.474798));
#14321 = CIRCLE('',#14322,2.25);
#14322 = AXIS2_PLACEMENT_3D('',#14323,#14324,#14325);
#14323 = CARTESIAN_POINT('',(264.,-64.,1.474798));
#14324 = DIRECTION('',(-0.,0.,-1.));
#14325 = DIRECTION('',(-0.,-1.,0.));
#14326 = PLANE('',#14327);
#14327 = AXIS2_PLACEMENT_3D('',#14328,#14329,#14330);
#14328 = CARTESIAN_POINT('',(0.,0.,1.474798));
#14329 = DIRECTION('',(0.,0.,1.));
#14330 = DIRECTION('',(1.,0.,-0.));
#14331 = ADVANCED_FACE('',(#14332),#14338,.T.);
#14332 = FACE_BOUND('',#14333,.T.);
#14333 = EDGE_LOOP('',(#14334,#14335,#14336,#14337));
#14334 = ORIENTED_EDGE('',*,*,#9027,.T.);
#14335 = ORIENTED_EDGE('',*,*,#11694,.T.);
#14336 = ORIENTED_EDGE('',*,*,#8987,.F.);
#14337 = ORIENTED_EDGE('',*,*,#9051,.F.);
#14338 = PLANE('',#14339);
#14339 = AXIS2_PLACEMENT_3D('',#14340,#14341,#14342);
#14340 = CARTESIAN_POINT('',(70.,-58.5,0.));
#14341 = DIRECTION('',(0.,1.,0.));
#14342 = DIRECTION('',(1.,0.,0.));
#14343 = ADVANCED_FACE('',(#14344),#14355,.F.);
#14344 = FACE_BOUND('',#14345,.T.);
#14345 = EDGE_LOOP('',(#14346,#14347,#14353,#14354));
#14346 = ORIENTED_EDGE('',*,*,#9060,.T.);
#14347 = ORIENTED_EDGE('',*,*,#14348,.T.);
#14348 = EDGE_CURVE('',#9061,#11704,#14349,.T.);
#14349 = LINE('',#14350,#14351);
#14350 = CARTESIAN_POINT('',(75.5,-195.25,-4.5798E-02));
#14351 = VECTOR('',#14352,1.);
#14352 = DIRECTION('',(0.,0.,1.));
#14353 = ORIENTED_EDGE('',*,*,#11703,.F.);
#14354 = ORIENTED_EDGE('',*,*,#14348,.F.);
#14355 = CYLINDRICAL_SURFACE('',#14356,2.25);
#14356 = AXIS2_PLACEMENT_3D('',#14357,#14358,#14359);
#14357 = CARTESIAN_POINT('',(75.5,-193.,-4.5798E-02));
#14358 = DIRECTION('',(-0.,-0.,-1.));
#14359 = DIRECTION('',(-0.,-1.,0.));
#14360 = ADVANCED_FACE('',(#14361),#14372,.F.);
#14361 = FACE_BOUND('',#14362,.T.);
#14362 = EDGE_LOOP('',(#14363,#14364,#14370,#14371));
#14363 = ORIENTED_EDGE('',*,*,#9071,.T.);
#14364 = ORIENTED_EDGE('',*,*,#14365,.T.);
#14365 = EDGE_CURVE('',#9072,#11715,#14366,.T.);
#14366 = LINE('',#14367,#14368);
#14367 = CARTESIAN_POINT('',(93.49999,-193.5193,-4.5798E-02));
#14368 = VECTOR('',#14369,1.);
#14369 = DIRECTION('',(0.,0.,1.));
#14370 = ORIENTED_EDGE('',*,*,#11714,.F.);
#14371 = ORIENTED_EDGE('',*,*,#14365,.F.);
#14372 = CYLINDRICAL_SURFACE('',#14373,2.0193);
#14373 = AXIS2_PLACEMENT_3D('',#14374,#14375,#14376);
#14374 = CARTESIAN_POINT('',(93.49999,-191.5,-4.5798E-02));
#14375 = DIRECTION('',(-0.,-0.,-1.));
#14376 = DIRECTION('',(-0.,-1.,0.));
#14377 = ADVANCED_FACE('',(#14378),#14394,.F.);
#14378 = FACE_BOUND('',#14379,.T.);
#14379 = EDGE_LOOP('',(#14380,#14381,#14387,#14388));
#14380 = ORIENTED_EDGE('',*,*,#9082,.T.);
#14381 = ORIENTED_EDGE('',*,*,#14382,.T.);
#14382 = EDGE_CURVE('',#9085,#11728,#14383,.T.);
#14383 = LINE('',#14384,#14385);
#14384 = CARTESIAN_POINT('',(86.815,-184.065,-4.5798E-02));
#14385 = VECTOR('',#14386,1.);
#14386 = DIRECTION('',(0.,0.,1.));
#14387 = ORIENTED_EDGE('',*,*,#11725,.F.);
#14388 = ORIENTED_EDGE('',*,*,#14389,.F.);
#14389 = EDGE_CURVE('',#9083,#11726,#14390,.T.);
#14390 = LINE('',#14391,#14392);
#14391 = CARTESIAN_POINT('',(86.815,-183.305,-4.5798E-02));
#14392 = VECTOR('',#14393,1.);
#14393 = DIRECTION('',(0.,0.,1.));
#14394 = CYLINDRICAL_SURFACE('',#14395,0.38);
#14395 = AXIS2_PLACEMENT_3D('',#14396,#14397,#14398);
#14396 = CARTESIAN_POINT('',(86.815,-183.685,-4.5798E-02));
#14397 = DIRECTION('',(-0.,-0.,-1.));
#14398 = DIRECTION('',(-0.,-1.,0.));
#14399 = ADVANCED_FACE('',(#14400),#14411,.T.);
#14400 = FACE_BOUND('',#14401,.T.);
#14401 = EDGE_LOOP('',(#14402,#14403,#14404,#14405));
#14402 = ORIENTED_EDGE('',*,*,#9110,.T.);
#14403 = ORIENTED_EDGE('',*,*,#14389,.T.);
#14404 = ORIENTED_EDGE('',*,*,#11753,.F.);
#14405 = ORIENTED_EDGE('',*,*,#14406,.F.);
#14406 = EDGE_CURVE('',#9102,#11745,#14407,.T.);
#14407 = LINE('',#14408,#14409);
#14408 = CARTESIAN_POINT('',(81.185,-183.305,-4.5798E-02));
#14409 = VECTOR('',#14410,1.);
#14410 = DIRECTION('',(0.,0.,1.));
#14411 = PLANE('',#14412);
#14412 = AXIS2_PLACEMENT_3D('',#14413,#14414,#14415);
#14413 = CARTESIAN_POINT('',(86.815,-183.305,-4.5798E-02));
#14414 = DIRECTION('',(0.,-1.,0.));
#14415 = DIRECTION('',(-1.,0.,0.));
#14416 = ADVANCED_FACE('',(#14417),#14428,.F.);
#14417 = FACE_BOUND('',#14418,.T.);
#14418 = EDGE_LOOP('',(#14419,#14420,#14421,#14422));
#14419 = ORIENTED_EDGE('',*,*,#9101,.T.);
#14420 = ORIENTED_EDGE('',*,*,#14406,.T.);
#14421 = ORIENTED_EDGE('',*,*,#11744,.F.);
#14422 = ORIENTED_EDGE('',*,*,#14423,.F.);
#14423 = EDGE_CURVE('',#9094,#11737,#14424,.T.);
#14424 = LINE('',#14425,#14426);
#14425 = CARTESIAN_POINT('',(81.185,-184.065,-4.5798E-02));
#14426 = VECTOR('',#14427,1.);
#14427 = DIRECTION('',(0.,0.,1.));
#14428 = CYLINDRICAL_SURFACE('',#14429,0.38);
#14429 = AXIS2_PLACEMENT_3D('',#14430,#14431,#14432);
#14430 = CARTESIAN_POINT('',(81.185,-183.685,-4.5798E-02));
#14431 = DIRECTION('',(-0.,0.,-1.));
#14432 = DIRECTION('',(0.,1.,0.));
#14433 = ADVANCED_FACE('',(#14434),#14440,.T.);
#14434 = FACE_BOUND('',#14435,.T.);
#14435 = EDGE_LOOP('',(#14436,#14437,#14438,#14439));
#14436 = ORIENTED_EDGE('',*,*,#9093,.T.);
#14437 = ORIENTED_EDGE('',*,*,#14423,.T.);
#14438 = ORIENTED_EDGE('',*,*,#11736,.F.);
#14439 = ORIENTED_EDGE('',*,*,#14382,.F.);
#14440 = PLANE('',#14441);
#14441 = AXIS2_PLACEMENT_3D('',#14442,#14443,#14444);
#14442 = CARTESIAN_POINT('',(81.185,-184.065,-4.5798E-02));
#14443 = DIRECTION('',(0.,1.,0.));
#14444 = DIRECTION('',(1.,0.,0.));
#14445 = ADVANCED_FACE('',(#14446),#14457,.F.);
#14446 = FACE_BOUND('',#14447,.T.);
#14447 = EDGE_LOOP('',(#14448,#14449,#14455,#14456));
#14448 = ORIENTED_EDGE('',*,*,#9118,.T.);
#14449 = ORIENTED_EDGE('',*,*,#14450,.T.);
#14450 = EDGE_CURVE('',#9119,#11762,#14451,.T.);
#14451 = LINE('',#14452,#14453);
#14452 = CARTESIAN_POINT('',(100.499991,-193.314701,-4.5798E-02));
#14453 = VECTOR('',#14454,1.);
#14454 = DIRECTION('',(0.,0.,1.));
#14455 = ORIENTED_EDGE('',*,*,#11761,.F.);
#14456 = ORIENTED_EDGE('',*,*,#14450,.F.);
#14457 = CYLINDRICAL_SURFACE('',#14458,0.7747);
#14458 = AXIS2_PLACEMENT_3D('',#14459,#14460,#14461);
#14459 = CARTESIAN_POINT('',(100.499991,-192.540001,-4.5798E-02));
#14460 = DIRECTION('',(-0.,-0.,-1.));
#14461 = DIRECTION('',(-0.,-1.,0.));
#14462 = ADVANCED_FACE('',(#14463),#14474,.F.);
#14463 = FACE_BOUND('',#14464,.T.);
#14464 = EDGE_LOOP('',(#14465,#14466,#14472,#14473));
#14465 = ORIENTED_EDGE('',*,*,#9129,.T.);
#14466 = ORIENTED_EDGE('',*,*,#14467,.T.);
#14467 = EDGE_CURVE('',#9130,#11773,#14468,.T.);
#14468 = LINE('',#14469,#14470);
#14469 = CARTESIAN_POINT('',(103.999992,-193.314701,-4.5798E-02));
#14470 = VECTOR('',#14471,1.);
#14471 = DIRECTION('',(0.,0.,1.));
#14472 = ORIENTED_EDGE('',*,*,#11772,.F.);
#14473 = ORIENTED_EDGE('',*,*,#14467,.F.);
#14474 = CYLINDRICAL_SURFACE('',#14475,0.7747);
#14475 = AXIS2_PLACEMENT_3D('',#14476,#14477,#14478);
#14476 = CARTESIAN_POINT('',(103.999992,-192.540001,-4.5798E-02));
#14477 = DIRECTION('',(-0.,0.,-1.));
#14478 = DIRECTION('',(1.834368751155E-14,-1.,-0.));
#14479 = ADVANCED_FACE('',(#14480),#14491,.F.);
#14480 = FACE_BOUND('',#14481,.T.);
#14481 = EDGE_LOOP('',(#14482,#14483,#14489,#14490));
#14482 = ORIENTED_EDGE('',*,*,#9140,.T.);
#14483 = ORIENTED_EDGE('',*,*,#14484,.T.);
#14484 = EDGE_CURVE('',#9141,#11784,#14485,.T.);
#14485 = LINE('',#14486,#14487);
#14486 = CARTESIAN_POINT('',(107.499993,-193.314701,-4.5798E-02));
#14487 = VECTOR('',#14488,1.);
#14488 = DIRECTION('',(0.,0.,1.));
#14489 = ORIENTED_EDGE('',*,*,#11783,.F.);
#14490 = ORIENTED_EDGE('',*,*,#14484,.F.);
#14491 = CYLINDRICAL_SURFACE('',#14492,0.7747);
#14492 = AXIS2_PLACEMENT_3D('',#14493,#14494,#14495);
#14493 = CARTESIAN_POINT('',(107.499993,-192.540001,-4.5798E-02));
#14494 = DIRECTION('',(-0.,0.,-1.));
#14495 = DIRECTION('',(1.834368751155E-14,-1.,-0.));
#14496 = ADVANCED_FACE('',(#14497),#14508,.F.);
#14497 = FACE_BOUND('',#14498,.T.);
#14498 = EDGE_LOOP('',(#14499,#14500,#14506,#14507));
#14499 = ORIENTED_EDGE('',*,*,#9151,.T.);
#14500 = ORIENTED_EDGE('',*,*,#14501,.T.);
#14501 = EDGE_CURVE('',#9152,#11795,#14502,.T.);
#14502 = LINE('',#14503,#14504);
#14503 = CARTESIAN_POINT('',(100.499991,-189.814699,-4.5798E-02));
#14504 = VECTOR('',#14505,1.);
#14505 = DIRECTION('',(0.,0.,1.));
#14506 = ORIENTED_EDGE('',*,*,#11794,.F.);
#14507 = ORIENTED_EDGE('',*,*,#14501,.F.);
#14508 = CYLINDRICAL_SURFACE('',#14509,0.7747);
#14509 = AXIS2_PLACEMENT_3D('',#14510,#14511,#14512);
#14510 = CARTESIAN_POINT('',(100.499991,-189.039999,-4.5798E-02));
#14511 = DIRECTION('',(-0.,-0.,-1.));
#14512 = DIRECTION('',(-0.,-1.,0.));
#14513 = ADVANCED_FACE('',(#14514),#14525,.F.);
#14514 = FACE_BOUND('',#14515,.T.);
#14515 = EDGE_LOOP('',(#14516,#14517,#14523,#14524));
#14516 = ORIENTED_EDGE('',*,*,#9162,.T.);
#14517 = ORIENTED_EDGE('',*,*,#14518,.T.);
#14518 = EDGE_CURVE('',#9163,#11806,#14519,.T.);
#14519 = LINE('',#14520,#14521);
#14520 = CARTESIAN_POINT('',(103.999992,-189.814699,-4.5798E-02));
#14521 = VECTOR('',#14522,1.);
#14522 = DIRECTION('',(0.,0.,1.));
#14523 = ORIENTED_EDGE('',*,*,#11805,.F.);
#14524 = ORIENTED_EDGE('',*,*,#14518,.F.);
#14525 = CYLINDRICAL_SURFACE('',#14526,0.7747);
#14526 = AXIS2_PLACEMENT_3D('',#14527,#14528,#14529);
#14527 = CARTESIAN_POINT('',(103.999992,-189.039999,-4.5798E-02));
#14528 = DIRECTION('',(-0.,0.,-1.));
#14529 = DIRECTION('',(1.834368751155E-14,-1.,-0.));
#14530 = ADVANCED_FACE('',(#14531),#14542,.F.);
#14531 = FACE_BOUND('',#14532,.T.);
#14532 = EDGE_LOOP('',(#14533,#14534,#14540,#14541));
#14533 = ORIENTED_EDGE('',*,*,#9173,.T.);
#14534 = ORIENTED_EDGE('',*,*,#14535,.T.);
#14535 = EDGE_CURVE('',#9174,#11817,#14536,.T.);
#14536 = LINE('',#14537,#14538);
#14537 = CARTESIAN_POINT('',(107.499993,-189.814699,-4.5798E-02));
#14538 = VECTOR('',#14539,1.);
#14539 = DIRECTION('',(0.,0.,1.));
#14540 = ORIENTED_EDGE('',*,*,#11816,.F.);
#14541 = ORIENTED_EDGE('',*,*,#14535,.F.);
#14542 = CYLINDRICAL_SURFACE('',#14543,0.7747);
#14543 = AXIS2_PLACEMENT_3D('',#14544,#14545,#14546);
#14544 = CARTESIAN_POINT('',(107.499993,-189.039999,-4.5798E-02));
#14545 = DIRECTION('',(-0.,0.,-1.));
#14546 = DIRECTION('',(1.834368751155E-14,-1.,-0.));
#14547 = ADVANCED_FACE('',(#14548),#14559,.F.);
#14548 = FACE_BOUND('',#14549,.T.);
#14549 = EDGE_LOOP('',(#14550,#14551,#14557,#14558));
#14550 = ORIENTED_EDGE('',*,*,#9184,.T.);
#14551 = ORIENTED_EDGE('',*,*,#14552,.T.);
#14552 = EDGE_CURVE('',#9185,#11828,#14553,.T.);
#14553 = LINE('',#14554,#14555);
#14554 = CARTESIAN_POINT('',(110.999993,-193.314701,-4.5798E-02));
#14555 = VECTOR('',#14556,1.);
#14556 = DIRECTION('',(0.,0.,1.));
#14557 = ORIENTED_EDGE('',*,*,#11827,.F.);
#14558 = ORIENTED_EDGE('',*,*,#14552,.F.);
#14559 = CYLINDRICAL_SURFACE('',#14560,0.7747);
#14560 = AXIS2_PLACEMENT_3D('',#14561,#14562,#14563);
#14561 = CARTESIAN_POINT('',(110.999993,-192.540001,-4.5798E-02));
#14562 = DIRECTION('',(-0.,0.,-1.));
#14563 = DIRECTION('',(1.834368751155E-14,-1.,-0.));
#14564 = ADVANCED_FACE('',(#14565),#14576,.F.);
#14565 = FACE_BOUND('',#14566,.T.);
#14566 = EDGE_LOOP('',(#14567,#14568,#14574,#14575));
#14567 = ORIENTED_EDGE('',*,*,#9195,.T.);
#14568 = ORIENTED_EDGE('',*,*,#14569,.T.);
#14569 = EDGE_CURVE('',#9196,#11839,#14570,.T.);
#14570 = LINE('',#14571,#14572);
#14571 = CARTESIAN_POINT('',(114.499994,-193.314701,-4.5798E-02));
#14572 = VECTOR('',#14573,1.);
#14573 = DIRECTION('',(0.,0.,1.));
#14574 = ORIENTED_EDGE('',*,*,#11838,.F.);
#14575 = ORIENTED_EDGE('',*,*,#14569,.F.);
#14576 = CYLINDRICAL_SURFACE('',#14577,0.7747);
#14577 = AXIS2_PLACEMENT_3D('',#14578,#14579,#14580);
#14578 = CARTESIAN_POINT('',(114.499994,-192.540001,-4.5798E-02));
#14579 = DIRECTION('',(-0.,-0.,-1.));
#14580 = DIRECTION('',(-0.,-1.,0.));
#14581 = ADVANCED_FACE('',(#14582),#14593,.F.);
#14582 = FACE_BOUND('',#14583,.T.);
#14583 = EDGE_LOOP('',(#14584,#14585,#14591,#14592));
#14584 = ORIENTED_EDGE('',*,*,#9206,.T.);
#14585 = ORIENTED_EDGE('',*,*,#14586,.T.);
#14586 = EDGE_CURVE('',#9207,#11850,#14587,.T.);
#14587 = LINE('',#14588,#14589);
#14588 = CARTESIAN_POINT('',(117.999995,-193.314701,-4.5798E-02));
#14589 = VECTOR('',#14590,1.);
#14590 = DIRECTION('',(0.,0.,1.));
#14591 = ORIENTED_EDGE('',*,*,#11849,.F.);
#14592 = ORIENTED_EDGE('',*,*,#14586,.F.);
#14593 = CYLINDRICAL_SURFACE('',#14594,0.7747);
#14594 = AXIS2_PLACEMENT_3D('',#14595,#14596,#14597);
#14595 = CARTESIAN_POINT('',(117.999995,-192.540001,-4.5798E-02));
#14596 = DIRECTION('',(-0.,-0.,-1.));
#14597 = DIRECTION('',(-0.,-1.,0.));
#14598 = ADVANCED_FACE('',(#14599),#14610,.F.);
#14599 = FACE_BOUND('',#14600,.T.);
#14600 = EDGE_LOOP('',(#14601,#14602,#14608,#14609));
#14601 = ORIENTED_EDGE('',*,*,#9217,.T.);
#14602 = ORIENTED_EDGE('',*,*,#14603,.T.);
#14603 = EDGE_CURVE('',#9218,#11861,#14604,.T.);
#14604 = LINE('',#14605,#14606);
#14605 = CARTESIAN_POINT('',(121.499995,-193.314701,-4.5798E-02));
#14606 = VECTOR('',#14607,1.);
#14607 = DIRECTION('',(0.,0.,1.));
#14608 = ORIENTED_EDGE('',*,*,#11860,.F.);
#14609 = ORIENTED_EDGE('',*,*,#14603,.F.);
#14610 = CYLINDRICAL_SURFACE('',#14611,0.7747);
#14611 = AXIS2_PLACEMENT_3D('',#14612,#14613,#14614);
#14612 = CARTESIAN_POINT('',(121.499995,-192.540001,-4.5798E-02));
#14613 = DIRECTION('',(-0.,-0.,-1.));
#14614 = DIRECTION('',(-0.,-1.,0.));
#14615 = ADVANCED_FACE('',(#14616),#14627,.F.);
#14616 = FACE_BOUND('',#14617,.T.);
#14617 = EDGE_LOOP('',(#14618,#14619,#14625,#14626));
#14618 = ORIENTED_EDGE('',*,*,#9228,.T.);
#14619 = ORIENTED_EDGE('',*,*,#14620,.T.);
#14620 = EDGE_CURVE('',#9229,#11872,#14621,.T.);
#14621 = LINE('',#14622,#14623);
#14622 = CARTESIAN_POINT('',(110.999993,-189.814699,-4.5798E-02));
#14623 = VECTOR('',#14624,1.);
#14624 = DIRECTION('',(0.,0.,1.));
#14625 = ORIENTED_EDGE('',*,*,#11871,.F.);
#14626 = ORIENTED_EDGE('',*,*,#14620,.F.);
#14627 = CYLINDRICAL_SURFACE('',#14628,0.7747);
#14628 = AXIS2_PLACEMENT_3D('',#14629,#14630,#14631);
#14629 = CARTESIAN_POINT('',(110.999993,-189.039999,-4.5798E-02));
#14630 = DIRECTION('',(-0.,0.,-1.));
#14631 = DIRECTION('',(1.834368751155E-14,-1.,-0.));
#14632 = ADVANCED_FACE('',(#14633),#14644,.F.);
#14633 = FACE_BOUND('',#14634,.T.);
#14634 = EDGE_LOOP('',(#14635,#14636,#14642,#14643));
#14635 = ORIENTED_EDGE('',*,*,#9239,.T.);
#14636 = ORIENTED_EDGE('',*,*,#14637,.T.);
#14637 = EDGE_CURVE('',#9240,#11883,#14638,.T.);
#14638 = LINE('',#14639,#14640);
#14639 = CARTESIAN_POINT('',(114.499994,-189.814699,-4.5798E-02));
#14640 = VECTOR('',#14641,1.);
#14641 = DIRECTION('',(0.,0.,1.));
#14642 = ORIENTED_EDGE('',*,*,#11882,.F.);
#14643 = ORIENTED_EDGE('',*,*,#14637,.F.);
#14644 = CYLINDRICAL_SURFACE('',#14645,0.7747);
#14645 = AXIS2_PLACEMENT_3D('',#14646,#14647,#14648);
#14646 = CARTESIAN_POINT('',(114.499994,-189.039999,-4.5798E-02));
#14647 = DIRECTION('',(-0.,-0.,-1.));
#14648 = DIRECTION('',(-0.,-1.,0.));
#14649 = ADVANCED_FACE('',(#14650),#14661,.F.);
#14650 = FACE_BOUND('',#14651,.T.);
#14651 = EDGE_LOOP('',(#14652,#14653,#14659,#14660));
#14652 = ORIENTED_EDGE('',*,*,#9250,.T.);
#14653 = ORIENTED_EDGE('',*,*,#14654,.T.);
#14654 = EDGE_CURVE('',#9251,#11894,#14655,.T.);
#14655 = LINE('',#14656,#14657);
#14656 = CARTESIAN_POINT('',(117.999995,-189.814699,-4.5798E-02));
#14657 = VECTOR('',#14658,1.);
#14658 = DIRECTION('',(0.,0.,1.));
#14659 = ORIENTED_EDGE('',*,*,#11893,.F.);
#14660 = ORIENTED_EDGE('',*,*,#14654,.F.);
#14661 = CYLINDRICAL_SURFACE('',#14662,0.7747);
#14662 = AXIS2_PLACEMENT_3D('',#14663,#14664,#14665);
#14663 = CARTESIAN_POINT('',(117.999995,-189.039999,-4.5798E-02));
#14664 = DIRECTION('',(-0.,-0.,-1.));
#14665 = DIRECTION('',(-0.,-1.,0.));
#14666 = ADVANCED_FACE('',(#14667),#14678,.F.);
#14667 = FACE_BOUND('',#14668,.T.);
#14668 = EDGE_LOOP('',(#14669,#14670,#14676,#14677));
#14669 = ORIENTED_EDGE('',*,*,#9261,.T.);
#14670 = ORIENTED_EDGE('',*,*,#14671,.T.);
#14671 = EDGE_CURVE('',#9262,#11905,#14672,.T.);
#14672 = LINE('',#14673,#14674);
#14673 = CARTESIAN_POINT('',(121.499995,-189.814699,-4.5798E-02));
#14674 = VECTOR('',#14675,1.);
#14675 = DIRECTION('',(0.,0.,1.));
#14676 = ORIENTED_EDGE('',*,*,#11904,.F.);
#14677 = ORIENTED_EDGE('',*,*,#14671,.F.);
#14678 = CYLINDRICAL_SURFACE('',#14679,0.7747);
#14679 = AXIS2_PLACEMENT_3D('',#14680,#14681,#14682);
#14680 = CARTESIAN_POINT('',(121.499995,-189.039999,-4.5798E-02));
#14681 = DIRECTION('',(-0.,-0.,-1.));
#14682 = DIRECTION('',(-0.,-1.,0.));
#14683 = ADVANCED_FACE('',(#14684),#14700,.F.);
#14684 = FACE_BOUND('',#14685,.T.);
#14685 = EDGE_LOOP('',(#14686,#14687,#14693,#14694));
#14686 = ORIENTED_EDGE('',*,*,#9272,.T.);
#14687 = ORIENTED_EDGE('',*,*,#14688,.T.);
#14688 = EDGE_CURVE('',#9275,#11918,#14689,.T.);
#14689 = LINE('',#14690,#14691);
#14690 = CARTESIAN_POINT('',(105.815,-184.065,-4.5798E-02));
#14691 = VECTOR('',#14692,1.);
#14692 = DIRECTION('',(0.,0.,1.));
#14693 = ORIENTED_EDGE('',*,*,#11915,.F.);
#14694 = ORIENTED_EDGE('',*,*,#14695,.F.);
#14695 = EDGE_CURVE('',#9273,#11916,#14696,.T.);
#14696 = LINE('',#14697,#14698);
#14697 = CARTESIAN_POINT('',(105.815,-183.305,-4.5798E-02));
#14698 = VECTOR('',#14699,1.);
#14699 = DIRECTION('',(0.,0.,1.));
#14700 = CYLINDRICAL_SURFACE('',#14701,0.38);
#14701 = AXIS2_PLACEMENT_3D('',#14702,#14703,#14704);
#14702 = CARTESIAN_POINT('',(105.815,-183.685,-4.5798E-02));
#14703 = DIRECTION('',(-0.,-0.,-1.));
#14704 = DIRECTION('',(-0.,-1.,0.));
#14705 = ADVANCED_FACE('',(#14706),#14717,.T.);
#14706 = FACE_BOUND('',#14707,.T.);
#14707 = EDGE_LOOP('',(#14708,#14709,#14710,#14711));
#14708 = ORIENTED_EDGE('',*,*,#9300,.T.);
#14709 = ORIENTED_EDGE('',*,*,#14695,.T.);
#14710 = ORIENTED_EDGE('',*,*,#11943,.F.);
#14711 = ORIENTED_EDGE('',*,*,#14712,.F.);
#14712 = EDGE_CURVE('',#9292,#11935,#14713,.T.);
#14713 = LINE('',#14714,#14715);
#14714 = CARTESIAN_POINT('',(100.185,-183.305,-4.5798E-02));
#14715 = VECTOR('',#14716,1.);
#14716 = DIRECTION('',(0.,0.,1.));
#14717 = PLANE('',#14718);
#14718 = AXIS2_PLACEMENT_3D('',#14719,#14720,#14721);
#14719 = CARTESIAN_POINT('',(105.815,-183.305,-4.5798E-02));
#14720 = DIRECTION('',(0.,-1.,0.));
#14721 = DIRECTION('',(-1.,0.,0.));
#14722 = ADVANCED_FACE('',(#14723),#14734,.F.);
#14723 = FACE_BOUND('',#14724,.T.);
#14724 = EDGE_LOOP('',(#14725,#14726,#14727,#14728));
#14725 = ORIENTED_EDGE('',*,*,#9291,.T.);
#14726 = ORIENTED_EDGE('',*,*,#14712,.T.);
#14727 = ORIENTED_EDGE('',*,*,#11934,.F.);
#14728 = ORIENTED_EDGE('',*,*,#14729,.F.);
#14729 = EDGE_CURVE('',#9284,#11927,#14730,.T.);
#14730 = LINE('',#14731,#14732);
#14731 = CARTESIAN_POINT('',(100.185,-184.065,-4.5798E-02));
#14732 = VECTOR('',#14733,1.);
#14733 = DIRECTION('',(0.,0.,1.));
#14734 = CYLINDRICAL_SURFACE('',#14735,0.38);
#14735 = AXIS2_PLACEMENT_3D('',#14736,#14737,#14738);
#14736 = CARTESIAN_POINT('',(100.185,-183.685,-4.5798E-02));
#14737 = DIRECTION('',(-0.,0.,-1.));
#14738 = DIRECTION('',(0.,1.,0.));
#14739 = ADVANCED_FACE('',(#14740),#14746,.T.);
#14740 = FACE_BOUND('',#14741,.T.);
#14741 = EDGE_LOOP('',(#14742,#14743,#14744,#14745));
#14742 = ORIENTED_EDGE('',*,*,#9283,.T.);
#14743 = ORIENTED_EDGE('',*,*,#14729,.T.);
#14744 = ORIENTED_EDGE('',*,*,#11926,.F.);
#14745 = ORIENTED_EDGE('',*,*,#14688,.F.);
#14746 = PLANE('',#14747);
#14747 = AXIS2_PLACEMENT_3D('',#14748,#14749,#14750);
#14748 = CARTESIAN_POINT('',(100.185,-184.065,-4.5798E-02));
#14749 = DIRECTION('',(0.,1.,0.));
#14750 = DIRECTION('',(1.,0.,0.));
#14751 = ADVANCED_FACE('',(#14752),#14763,.F.);
#14752 = FACE_BOUND('',#14753,.T.);
#14753 = EDGE_LOOP('',(#14754,#14755,#14761,#14762));
#14754 = ORIENTED_EDGE('',*,*,#9308,.T.);
#14755 = ORIENTED_EDGE('',*,*,#14756,.T.);
#14756 = EDGE_CURVE('',#9309,#11952,#14757,.T.);
#14757 = LINE('',#14758,#14759);
#14758 = CARTESIAN_POINT('',(124.999998,-193.314701,-4.5798E-02));
#14759 = VECTOR('',#14760,1.);
#14760 = DIRECTION('',(0.,0.,1.));
#14761 = ORIENTED_EDGE('',*,*,#11951,.F.);
#14762 = ORIENTED_EDGE('',*,*,#14756,.F.);
#14763 = CYLINDRICAL_SURFACE('',#14764,0.7747);
#14764 = AXIS2_PLACEMENT_3D('',#14765,#14766,#14767);
#14765 = CARTESIAN_POINT('',(124.999998,-192.540001,-4.5798E-02));
#14766 = DIRECTION('',(-0.,-0.,-1.));
#14767 = DIRECTION('',(-0.,-1.,0.));
#14768 = ADVANCED_FACE('',(#14769),#14780,.F.);
#14769 = FACE_BOUND('',#14770,.T.);
#14770 = EDGE_LOOP('',(#14771,#14772,#14778,#14779));
#14771 = ORIENTED_EDGE('',*,*,#9319,.T.);
#14772 = ORIENTED_EDGE('',*,*,#14773,.T.);
#14773 = EDGE_CURVE('',#9320,#11963,#14774,.T.);
#14774 = LINE('',#14775,#14776);
#14775 = CARTESIAN_POINT('',(128.499999,-193.314701,-4.5798E-02));
#14776 = VECTOR('',#14777,1.);
#14777 = DIRECTION('',(0.,0.,1.));
#14778 = ORIENTED_EDGE('',*,*,#11962,.F.);
#14779 = ORIENTED_EDGE('',*,*,#14773,.F.);
#14780 = CYLINDRICAL_SURFACE('',#14781,0.7747);
#14781 = AXIS2_PLACEMENT_3D('',#14782,#14783,#14784);
#14782 = CARTESIAN_POINT('',(128.499999,-192.540001,-4.5798E-02));
#14783 = DIRECTION('',(-0.,-0.,-1.));
#14784 = DIRECTION('',(-0.,-1.,0.));
#14785 = ADVANCED_FACE('',(#14786),#14797,.F.);
#14786 = FACE_BOUND('',#14787,.T.);
#14787 = EDGE_LOOP('',(#14788,#14789,#14795,#14796));
#14788 = ORIENTED_EDGE('',*,*,#9330,.T.);
#14789 = ORIENTED_EDGE('',*,*,#14790,.T.);
#14790 = EDGE_CURVE('',#9331,#11974,#14791,.T.);
#14791 = LINE('',#14792,#14793);
#14792 = CARTESIAN_POINT('',(132.,-193.314701,-4.5798E-02));
#14793 = VECTOR('',#14794,1.);
#14794 = DIRECTION('',(0.,0.,1.));
#14795 = ORIENTED_EDGE('',*,*,#11973,.F.);
#14796 = ORIENTED_EDGE('',*,*,#14790,.F.);
#14797 = CYLINDRICAL_SURFACE('',#14798,0.7747);
#14798 = AXIS2_PLACEMENT_3D('',#14799,#14800,#14801);
#14799 = CARTESIAN_POINT('',(132.,-192.540001,-4.5798E-02));
#14800 = DIRECTION('',(-0.,-0.,-1.));
#14801 = DIRECTION('',(-0.,-1.,0.));
#14802 = ADVANCED_FACE('',(#14803),#14814,.F.);
#14803 = FACE_BOUND('',#14804,.T.);
#14804 = EDGE_LOOP('',(#14805,#14806,#14812,#14813));
#14805 = ORIENTED_EDGE('',*,*,#9341,.T.);
#14806 = ORIENTED_EDGE('',*,*,#14807,.T.);
#14807 = EDGE_CURVE('',#9342,#11985,#14808,.T.);
#14808 = LINE('',#14809,#14810);
#14809 = CARTESIAN_POINT('',(124.999998,-189.814699,-4.5798E-02));
#14810 = VECTOR('',#14811,1.);
#14811 = DIRECTION('',(0.,0.,1.));
#14812 = ORIENTED_EDGE('',*,*,#11984,.F.);
#14813 = ORIENTED_EDGE('',*,*,#14807,.F.);
#14814 = CYLINDRICAL_SURFACE('',#14815,0.7747);
#14815 = AXIS2_PLACEMENT_3D('',#14816,#14817,#14818);
#14816 = CARTESIAN_POINT('',(124.999998,-189.039999,-4.5798E-02));
#14817 = DIRECTION('',(-0.,-0.,-1.));
#14818 = DIRECTION('',(-0.,-1.,0.));
#14819 = ADVANCED_FACE('',(#14820),#14831,.F.);
#14820 = FACE_BOUND('',#14821,.T.);
#14821 = EDGE_LOOP('',(#14822,#14823,#14829,#14830));
#14822 = ORIENTED_EDGE('',*,*,#9352,.T.);
#14823 = ORIENTED_EDGE('',*,*,#14824,.T.);
#14824 = EDGE_CURVE('',#9353,#11996,#14825,.T.);
#14825 = LINE('',#14826,#14827);
#14826 = CARTESIAN_POINT('',(128.499999,-189.814699,-4.5798E-02));
#14827 = VECTOR('',#14828,1.);
#14828 = DIRECTION('',(0.,0.,1.));
#14829 = ORIENTED_EDGE('',*,*,#11995,.F.);
#14830 = ORIENTED_EDGE('',*,*,#14824,.F.);
#14831 = CYLINDRICAL_SURFACE('',#14832,0.7747);
#14832 = AXIS2_PLACEMENT_3D('',#14833,#14834,#14835);
#14833 = CARTESIAN_POINT('',(128.499999,-189.039999,-4.5798E-02));
#14834 = DIRECTION('',(-0.,-0.,-1.));
#14835 = DIRECTION('',(-0.,-1.,0.));
#14836 = ADVANCED_FACE('',(#14837),#14848,.F.);
#14837 = FACE_BOUND('',#14838,.T.);
#14838 = EDGE_LOOP('',(#14839,#14840,#14846,#14847));
#14839 = ORIENTED_EDGE('',*,*,#9363,.T.);
#14840 = ORIENTED_EDGE('',*,*,#14841,.T.);
#14841 = EDGE_CURVE('',#9364,#12007,#14842,.T.);
#14842 = LINE('',#14843,#14844);
#14843 = CARTESIAN_POINT('',(132.,-189.814699,-4.5798E-02));
#14844 = VECTOR('',#14845,1.);
#14845 = DIRECTION('',(0.,0.,1.));
#14846 = ORIENTED_EDGE('',*,*,#12006,.F.);
#14847 = ORIENTED_EDGE('',*,*,#14841,.F.);
#14848 = CYLINDRICAL_SURFACE('',#14849,0.7747);
#14849 = AXIS2_PLACEMENT_3D('',#14850,#14851,#14852);
#14850 = CARTESIAN_POINT('',(132.,-189.039999,-4.5798E-02));
#14851 = DIRECTION('',(-0.,-0.,-1.));
#14852 = DIRECTION('',(-0.,-1.,0.));
#14853 = ADVANCED_FACE('',(#14854),#14865,.F.);
#14854 = FACE_BOUND('',#14855,.T.);
#14855 = EDGE_LOOP('',(#14856,#14857,#14863,#14864));
#14856 = ORIENTED_EDGE('',*,*,#9374,.T.);
#14857 = ORIENTED_EDGE('',*,*,#14858,.T.);
#14858 = EDGE_CURVE('',#9375,#12018,#14859,.T.);
#14859 = LINE('',#14860,#14861);
#14860 = CARTESIAN_POINT('',(139.000001,-193.5193,-4.5798E-02));
#14861 = VECTOR('',#14862,1.);
#14862 = DIRECTION('',(0.,0.,1.));
#14863 = ORIENTED_EDGE('',*,*,#12017,.F.);
#14864 = ORIENTED_EDGE('',*,*,#14858,.F.);
#14865 = CYLINDRICAL_SURFACE('',#14866,2.0193);
#14866 = AXIS2_PLACEMENT_3D('',#14867,#14868,#14869);
#14867 = CARTESIAN_POINT('',(139.000001,-191.5,-4.5798E-02));
#14868 = DIRECTION('',(-0.,-0.,-1.));
#14869 = DIRECTION('',(-0.,-1.,0.));
#14870 = ADVANCED_FACE('',(#14871),#14882,.F.);
#14871 = FACE_BOUND('',#14872,.T.);
#14872 = EDGE_LOOP('',(#14873,#14874,#14880,#14881));
#14873 = ORIENTED_EDGE('',*,*,#9385,.T.);
#14874 = ORIENTED_EDGE('',*,*,#14875,.T.);
#14875 = EDGE_CURVE('',#9386,#12029,#14876,.T.);
#14876 = LINE('',#14877,#14878);
#14877 = CARTESIAN_POINT('',(134.75,-177.96,-4.5798E-02));
#14878 = VECTOR('',#14879,1.);
#14879 = DIRECTION('',(0.,0.,1.));
#14880 = ORIENTED_EDGE('',*,*,#12028,.F.);
#14881 = ORIENTED_EDGE('',*,*,#14875,.F.);
#14882 = CYLINDRICAL_SURFACE('',#14883,1.);
#14883 = AXIS2_PLACEMENT_3D('',#14884,#14885,#14886);
#14884 = CARTESIAN_POINT('',(134.75,-176.96,-4.5798E-02));
#14885 = DIRECTION('',(-0.,-0.,-1.));
#14886 = DIRECTION('',(-0.,-1.,0.));
#14887 = ADVANCED_FACE('',(#14888),#14899,.F.);
#14888 = FACE_BOUND('',#14889,.T.);
#14889 = EDGE_LOOP('',(#14890,#14891,#14897,#14898));
#14890 = ORIENTED_EDGE('',*,*,#9396,.T.);
#14891 = ORIENTED_EDGE('',*,*,#14892,.T.);
#14892 = EDGE_CURVE('',#9397,#12040,#14893,.T.);
#14893 = LINE('',#14894,#14895);
#14894 = CARTESIAN_POINT('',(135.7,-174.7,-4.5798E-02));
#14895 = VECTOR('',#14896,1.);
#14896 = DIRECTION('',(0.,0.,1.));
#14897 = ORIENTED_EDGE('',*,*,#12039,.F.);
#14898 = ORIENTED_EDGE('',*,*,#14892,.F.);
#14899 = CYLINDRICAL_SURFACE('',#14900,0.7);
#14900 = AXIS2_PLACEMENT_3D('',#14901,#14902,#14903);
#14901 = CARTESIAN_POINT('',(135.7,-174.,-4.5798E-02));
#14902 = DIRECTION('',(-0.,-0.,-1.));
#14903 = DIRECTION('',(-0.,-1.,0.));
#14904 = ADVANCED_FACE('',(#14905),#14916,.F.);
#14905 = FACE_BOUND('',#14906,.T.);
#14906 = EDGE_LOOP('',(#14907,#14908,#14914,#14915));
#14907 = ORIENTED_EDGE('',*,*,#9407,.T.);
#14908 = ORIENTED_EDGE('',*,*,#14909,.T.);
#14909 = EDGE_CURVE('',#9408,#12051,#14910,.T.);
#14910 = LINE('',#14911,#14912);
#14911 = CARTESIAN_POINT('',(141.,-174.7,-4.5798E-02));
#14912 = VECTOR('',#14913,1.);
#14913 = DIRECTION('',(0.,0.,1.));
#14914 = ORIENTED_EDGE('',*,*,#12050,.F.);
#14915 = ORIENTED_EDGE('',*,*,#14909,.F.);
#14916 = CYLINDRICAL_SURFACE('',#14917,0.7);
#14917 = AXIS2_PLACEMENT_3D('',#14918,#14919,#14920);
#14918 = CARTESIAN_POINT('',(141.,-174.,-4.5798E-02));
#14919 = DIRECTION('',(-0.,-0.,-1.));
#14920 = DIRECTION('',(-0.,-1.,0.));
#14921 = ADVANCED_FACE('',(#14922),#14933,.F.);
#14922 = FACE_BOUND('',#14923,.T.);
#14923 = EDGE_LOOP('',(#14924,#14925,#14931,#14932));
#14924 = ORIENTED_EDGE('',*,*,#9418,.T.);
#14925 = ORIENTED_EDGE('',*,*,#14926,.T.);
#14926 = EDGE_CURVE('',#9419,#12062,#14927,.T.);
#14927 = LINE('',#14928,#14929);
#14928 = CARTESIAN_POINT('',(135.,-169.7,-4.5798E-02));
#14929 = VECTOR('',#14930,1.);
#14930 = DIRECTION('',(0.,0.,1.));
#14931 = ORIENTED_EDGE('',*,*,#12061,.F.);
#14932 = ORIENTED_EDGE('',*,*,#14926,.F.);
#14933 = CYLINDRICAL_SURFACE('',#14934,0.7);
#14934 = AXIS2_PLACEMENT_3D('',#14935,#14936,#14937);
#14935 = CARTESIAN_POINT('',(135.,-169.,-4.5798E-02));
#14936 = DIRECTION('',(-0.,-0.,-1.));
#14937 = DIRECTION('',(-0.,-1.,0.));
#14938 = ADVANCED_FACE('',(#14939),#14950,.F.);
#14939 = FACE_BOUND('',#14940,.T.);
#14940 = EDGE_LOOP('',(#14941,#14942,#14948,#14949));
#14941 = ORIENTED_EDGE('',*,*,#9429,.T.);
#14942 = ORIENTED_EDGE('',*,*,#14943,.T.);
#14943 = EDGE_CURVE('',#9430,#12073,#14944,.T.);
#14944 = LINE('',#14945,#14946);
#14945 = CARTESIAN_POINT('',(139.73,-169.7,-4.5798E-02));
#14946 = VECTOR('',#14947,1.);
#14947 = DIRECTION('',(0.,0.,1.));
#14948 = ORIENTED_EDGE('',*,*,#12072,.F.);
#14949 = ORIENTED_EDGE('',*,*,#14943,.F.);
#14950 = CYLINDRICAL_SURFACE('',#14951,0.7);
#14951 = AXIS2_PLACEMENT_3D('',#14952,#14953,#14954);
#14952 = CARTESIAN_POINT('',(139.73,-169.,-4.5798E-02));
#14953 = DIRECTION('',(-0.,-0.,-1.));
#14954 = DIRECTION('',(-4.060244204344E-14,-1.,0.));
#14955 = ADVANCED_FACE('',(#14956),#14967,.F.);
#14956 = FACE_BOUND('',#14957,.T.);
#14957 = EDGE_LOOP('',(#14958,#14959,#14965,#14966));
#14958 = ORIENTED_EDGE('',*,*,#9440,.T.);
#14959 = ORIENTED_EDGE('',*,*,#14960,.T.);
#14960 = EDGE_CURVE('',#9441,#12084,#14961,.T.);
#14961 = LINE('',#14962,#14963);
#14962 = CARTESIAN_POINT('',(142.27,-169.7,-4.5798E-02));
#14963 = VECTOR('',#14964,1.);
#14964 = DIRECTION('',(0.,0.,1.));
#14965 = ORIENTED_EDGE('',*,*,#12083,.F.);
#14966 = ORIENTED_EDGE('',*,*,#14960,.F.);
#14967 = CYLINDRICAL_SURFACE('',#14968,0.7);
#14968 = AXIS2_PLACEMENT_3D('',#14969,#14970,#14971);
#14969 = CARTESIAN_POINT('',(142.27,-169.,-4.5798E-02));
#14970 = DIRECTION('',(-0.,0.,-1.));
#14971 = DIRECTION('',(4.060244204343E-14,-1.,-0.));
#14972 = ADVANCED_FACE('',(#14973),#14984,.F.);
#14973 = FACE_BOUND('',#14974,.T.);
#14974 = EDGE_LOOP('',(#14975,#14976,#14982,#14983));
#14975 = ORIENTED_EDGE('',*,*,#9451,.T.);
#14976 = ORIENTED_EDGE('',*,*,#14977,.T.);
#14977 = EDGE_CURVE('',#9452,#12095,#14978,.T.);
#14978 = LINE('',#14979,#14980);
#14979 = CARTESIAN_POINT('',(134.75,-166.96,-4.5798E-02));
#14980 = VECTOR('',#14981,1.);
#14981 = DIRECTION('',(0.,0.,1.));
#14982 = ORIENTED_EDGE('',*,*,#12094,.F.);
#14983 = ORIENTED_EDGE('',*,*,#14977,.F.);
#14984 = CYLINDRICAL_SURFACE('',#14985,1.);
#14985 = AXIS2_PLACEMENT_3D('',#14986,#14987,#14988);
#14986 = CARTESIAN_POINT('',(134.75,-165.96,-4.5798E-02));
#14987 = DIRECTION('',(-0.,-0.,-1.));
#14988 = DIRECTION('',(-0.,-1.,0.));
#14989 = ADVANCED_FACE('',(#14990),#15001,.F.);
#14990 = FACE_BOUND('',#14991,.T.);
#14991 = EDGE_LOOP('',(#14992,#14993,#14999,#15000));
#14992 = ORIENTED_EDGE('',*,*,#9462,.T.);
#14993 = ORIENTED_EDGE('',*,*,#14994,.T.);
#14994 = EDGE_CURVE('',#9463,#12106,#14995,.T.);
#14995 = LINE('',#14996,#14997);
#14996 = CARTESIAN_POINT('',(147.25,-177.96,-4.5798E-02));
#14997 = VECTOR('',#14998,1.);
#14998 = DIRECTION('',(0.,0.,1.));
#14999 = ORIENTED_EDGE('',*,*,#12105,.F.);
#15000 = ORIENTED_EDGE('',*,*,#14994,.F.);
#15001 = CYLINDRICAL_SURFACE('',#15002,1.);
#15002 = AXIS2_PLACEMENT_3D('',#15003,#15004,#15005);
#15003 = CARTESIAN_POINT('',(147.25,-176.96,-4.5798E-02));
#15004 = DIRECTION('',(-0.,-0.,-1.));
#15005 = DIRECTION('',(-0.,-1.,0.));
#15006 = ADVANCED_FACE('',(#15007),#15018,.F.);
#15007 = FACE_BOUND('',#15008,.T.);
#15008 = EDGE_LOOP('',(#15009,#15010,#15016,#15017));
#15009 = ORIENTED_EDGE('',*,*,#9473,.T.);
#15010 = ORIENTED_EDGE('',*,*,#15011,.T.);
#15011 = EDGE_CURVE('',#9474,#12117,#15012,.T.);
#15012 = LINE('',#15013,#15014);
#15013 = CARTESIAN_POINT('',(147.,-174.7,-4.5798E-02));
#15014 = VECTOR('',#15015,1.);
#15015 = DIRECTION('',(0.,0.,1.));
#15016 = ORIENTED_EDGE('',*,*,#12116,.F.);
#15017 = ORIENTED_EDGE('',*,*,#15011,.F.);
#15018 = CYLINDRICAL_SURFACE('',#15019,0.7);
#15019 = AXIS2_PLACEMENT_3D('',#15020,#15021,#15022);
#15020 = CARTESIAN_POINT('',(147.,-174.,-4.5798E-02));
#15021 = DIRECTION('',(-0.,-0.,-1.));
#15022 = DIRECTION('',(-0.,-1.,0.));
#15023 = ADVANCED_FACE('',(#15024),#15035,.F.);
#15024 = FACE_BOUND('',#15025,.T.);
#15025 = EDGE_LOOP('',(#15026,#15027,#15033,#15034));
#15026 = ORIENTED_EDGE('',*,*,#9484,.T.);
#15027 = ORIENTED_EDGE('',*,*,#15028,.T.);
#15028 = EDGE_CURVE('',#9485,#12128,#15029,.T.);
#15029 = LINE('',#15030,#15031);
#15030 = CARTESIAN_POINT('',(146.3,-169.7,-4.5798E-02));
#15031 = VECTOR('',#15032,1.);
#15032 = DIRECTION('',(0.,0.,1.));
#15033 = ORIENTED_EDGE('',*,*,#12127,.F.);
#15034 = ORIENTED_EDGE('',*,*,#15028,.F.);
#15035 = CYLINDRICAL_SURFACE('',#15036,0.7);
#15036 = AXIS2_PLACEMENT_3D('',#15037,#15038,#15039);
#15037 = CARTESIAN_POINT('',(146.3,-169.,-4.5798E-02));
#15038 = DIRECTION('',(-0.,-0.,-1.));
#15039 = DIRECTION('',(-0.,-1.,0.));
#15040 = ADVANCED_FACE('',(#15041),#15052,.F.);
#15041 = FACE_BOUND('',#15042,.T.);
#15042 = EDGE_LOOP('',(#15043,#15044,#15050,#15051));
#15043 = ORIENTED_EDGE('',*,*,#9495,.T.);
#15044 = ORIENTED_EDGE('',*,*,#15045,.T.);
#15045 = EDGE_CURVE('',#9496,#12139,#15046,.T.);
#15046 = LINE('',#15047,#15048);
#15047 = CARTESIAN_POINT('',(147.25,-166.96,-4.5798E-02));
#15048 = VECTOR('',#15049,1.);
#15049 = DIRECTION('',(0.,0.,1.));
#15050 = ORIENTED_EDGE('',*,*,#12138,.F.);
#15051 = ORIENTED_EDGE('',*,*,#15045,.F.);
#15052 = CYLINDRICAL_SURFACE('',#15053,1.);
#15053 = AXIS2_PLACEMENT_3D('',#15054,#15055,#15056);
#15054 = CARTESIAN_POINT('',(147.25,-165.96,-4.5798E-02));
#15055 = DIRECTION('',(-0.,-0.,-1.));
#15056 = DIRECTION('',(-0.,-1.,0.));
#15057 = ADVANCED_FACE('',(#15058),#15074,.F.);
#15058 = FACE_BOUND('',#15059,.T.);
#15059 = EDGE_LOOP('',(#15060,#15061,#15067,#15068));
#15060 = ORIENTED_EDGE('',*,*,#9506,.T.);
#15061 = ORIENTED_EDGE('',*,*,#15062,.T.);
#15062 = EDGE_CURVE('',#9509,#12152,#15063,.T.);
#15063 = LINE('',#15064,#15065);
#15064 = CARTESIAN_POINT('',(86.815,-160.695,-4.5798E-02));
#15065 = VECTOR('',#15066,1.);
#15066 = DIRECTION('',(0.,0.,1.));
#15067 = ORIENTED_EDGE('',*,*,#12149,.F.);
#15068 = ORIENTED_EDGE('',*,*,#15069,.F.);
#15069 = EDGE_CURVE('',#9507,#12150,#15070,.T.);
#15070 = LINE('',#15071,#15072);
#15071 = CARTESIAN_POINT('',(86.815,-159.935,-4.5798E-02));
#15072 = VECTOR('',#15073,1.);
#15073 = DIRECTION('',(0.,0.,1.));
#15074 = CYLINDRICAL_SURFACE('',#15075,0.38);
#15075 = AXIS2_PLACEMENT_3D('',#15076,#15077,#15078);
#15076 = CARTESIAN_POINT('',(86.815,-160.315,-4.5798E-02));
#15077 = DIRECTION('',(-0.,-0.,-1.));
#15078 = DIRECTION('',(-0.,-1.,0.));
#15079 = ADVANCED_FACE('',(#15080),#15091,.T.);
#15080 = FACE_BOUND('',#15081,.T.);
#15081 = EDGE_LOOP('',(#15082,#15083,#15084,#15085));
#15082 = ORIENTED_EDGE('',*,*,#9534,.T.);
#15083 = ORIENTED_EDGE('',*,*,#15069,.T.);
#15084 = ORIENTED_EDGE('',*,*,#12177,.F.);
#15085 = ORIENTED_EDGE('',*,*,#15086,.F.);
#15086 = EDGE_CURVE('',#9526,#12169,#15087,.T.);
#15087 = LINE('',#15088,#15089);
#15088 = CARTESIAN_POINT('',(81.185,-159.935,-4.5798E-02));
#15089 = VECTOR('',#15090,1.);
#15090 = DIRECTION('',(0.,0.,1.));
#15091 = PLANE('',#15092);
#15092 = AXIS2_PLACEMENT_3D('',#15093,#15094,#15095);
#15093 = CARTESIAN_POINT('',(86.815,-159.935,-4.5798E-02));
#15094 = DIRECTION('',(0.,-1.,0.));
#15095 = DIRECTION('',(-1.,0.,0.));
#15096 = ADVANCED_FACE('',(#15097),#15108,.F.);
#15097 = FACE_BOUND('',#15098,.T.);
#15098 = EDGE_LOOP('',(#15099,#15100,#15101,#15102));
#15099 = ORIENTED_EDGE('',*,*,#9525,.T.);
#15100 = ORIENTED_EDGE('',*,*,#15086,.T.);
#15101 = ORIENTED_EDGE('',*,*,#12168,.F.);
#15102 = ORIENTED_EDGE('',*,*,#15103,.F.);
#15103 = EDGE_CURVE('',#9518,#12161,#15104,.T.);
#15104 = LINE('',#15105,#15106);
#15105 = CARTESIAN_POINT('',(81.185,-160.695,-4.5798E-02));
#15106 = VECTOR('',#15107,1.);
#15107 = DIRECTION('',(0.,0.,1.));
#15108 = CYLINDRICAL_SURFACE('',#15109,0.38);
#15109 = AXIS2_PLACEMENT_3D('',#15110,#15111,#15112);
#15110 = CARTESIAN_POINT('',(81.185,-160.315,-4.5798E-02));
#15111 = DIRECTION('',(-0.,0.,-1.));
#15112 = DIRECTION('',(0.,1.,0.));
#15113 = ADVANCED_FACE('',(#15114),#15120,.T.);
#15114 = FACE_BOUND('',#15115,.T.);
#15115 = EDGE_LOOP('',(#15116,#15117,#15118,#15119));
#15116 = ORIENTED_EDGE('',*,*,#9517,.T.);
#15117 = ORIENTED_EDGE('',*,*,#15103,.T.);
#15118 = ORIENTED_EDGE('',*,*,#12160,.F.);
#15119 = ORIENTED_EDGE('',*,*,#15062,.F.);
#15120 = PLANE('',#15121);
#15121 = AXIS2_PLACEMENT_3D('',#15122,#15123,#15124);
#15122 = CARTESIAN_POINT('',(81.185,-160.695,-4.5798E-02));
#15123 = DIRECTION('',(0.,1.,0.));
#15124 = DIRECTION('',(1.,0.,0.));
#15125 = ADVANCED_FACE('',(#15126),#15142,.F.);
#15126 = FACE_BOUND('',#15127,.T.);
#15127 = EDGE_LOOP('',(#15128,#15129,#15135,#15136));
#15128 = ORIENTED_EDGE('',*,*,#9542,.T.);
#15129 = ORIENTED_EDGE('',*,*,#15130,.T.);
#15130 = EDGE_CURVE('',#9545,#12188,#15131,.T.);
#15131 = LINE('',#15132,#15133);
#15132 = CARTESIAN_POINT('',(105.815,-160.695,-4.5798E-02));
#15133 = VECTOR('',#15134,1.);
#15134 = DIRECTION('',(0.,0.,1.));
#15135 = ORIENTED_EDGE('',*,*,#12185,.F.);
#15136 = ORIENTED_EDGE('',*,*,#15137,.F.);
#15137 = EDGE_CURVE('',#9543,#12186,#15138,.T.);
#15138 = LINE('',#15139,#15140);
#15139 = CARTESIAN_POINT('',(105.815,-159.935,-4.5798E-02));
#15140 = VECTOR('',#15141,1.);
#15141 = DIRECTION('',(0.,0.,1.));
#15142 = CYLINDRICAL_SURFACE('',#15143,0.38);
#15143 = AXIS2_PLACEMENT_3D('',#15144,#15145,#15146);
#15144 = CARTESIAN_POINT('',(105.815,-160.315,-4.5798E-02));
#15145 = DIRECTION('',(-0.,-0.,-1.));
#15146 = DIRECTION('',(-0.,-1.,0.));
#15147 = ADVANCED_FACE('',(#15148),#15159,.T.);
#15148 = FACE_BOUND('',#15149,.T.);
#15149 = EDGE_LOOP('',(#15150,#15151,#15152,#15153));
#15150 = ORIENTED_EDGE('',*,*,#9570,.T.);
#15151 = ORIENTED_EDGE('',*,*,#15137,.T.);
#15152 = ORIENTED_EDGE('',*,*,#12213,.F.);
#15153 = ORIENTED_EDGE('',*,*,#15154,.F.);
#15154 = EDGE_CURVE('',#9562,#12205,#15155,.T.);
#15155 = LINE('',#15156,#15157);
#15156 = CARTESIAN_POINT('',(100.185,-159.935,-4.5798E-02));
#15157 = VECTOR('',#15158,1.);
#15158 = DIRECTION('',(0.,0.,1.));
#15159 = PLANE('',#15160);
#15160 = AXIS2_PLACEMENT_3D('',#15161,#15162,#15163);
#15161 = CARTESIAN_POINT('',(105.815,-159.935,-4.5798E-02));
#15162 = DIRECTION('',(0.,-1.,0.));
#15163 = DIRECTION('',(-1.,0.,0.));
#15164 = ADVANCED_FACE('',(#15165),#15176,.F.);
#15165 = FACE_BOUND('',#15166,.T.);
#15166 = EDGE_LOOP('',(#15167,#15168,#15169,#15170));
#15167 = ORIENTED_EDGE('',*,*,#9561,.T.);
#15168 = ORIENTED_EDGE('',*,*,#15154,.T.);
#15169 = ORIENTED_EDGE('',*,*,#12204,.F.);
#15170 = ORIENTED_EDGE('',*,*,#15171,.F.);
#15171 = EDGE_CURVE('',#9554,#12197,#15172,.T.);
#15172 = LINE('',#15173,#15174);
#15173 = CARTESIAN_POINT('',(100.185,-160.695,-4.5798E-02));
#15174 = VECTOR('',#15175,1.);
#15175 = DIRECTION('',(0.,0.,1.));
#15176 = CYLINDRICAL_SURFACE('',#15177,0.38);
#15177 = AXIS2_PLACEMENT_3D('',#15178,#15179,#15180);
#15178 = CARTESIAN_POINT('',(100.185,-160.315,-4.5798E-02));
#15179 = DIRECTION('',(-0.,0.,-1.));
#15180 = DIRECTION('',(0.,1.,0.));
#15181 = ADVANCED_FACE('',(#15182),#15188,.T.);
#15182 = FACE_BOUND('',#15183,.T.);
#15183 = EDGE_LOOP('',(#15184,#15185,#15186,#15187));
#15184 = ORIENTED_EDGE('',*,*,#9553,.T.);
#15185 = ORIENTED_EDGE('',*,*,#15171,.T.);
#15186 = ORIENTED_EDGE('',*,*,#12196,.F.);
#15187 = ORIENTED_EDGE('',*,*,#15130,.F.);
#15188 = PLANE('',#15189);
#15189 = AXIS2_PLACEMENT_3D('',#15190,#15191,#15192);
#15190 = CARTESIAN_POINT('',(100.185,-160.695,-4.5798E-02));
#15191 = DIRECTION('',(0.,1.,0.));
#15192 = DIRECTION('',(1.,0.,0.));
#15193 = ADVANCED_FACE('',(#15194),#15205,.F.);
#15194 = FACE_BOUND('',#15195,.T.);
#15195 = EDGE_LOOP('',(#15196,#15197,#15203,#15204));
#15196 = ORIENTED_EDGE('',*,*,#9578,.T.);
#15197 = ORIENTED_EDGE('',*,*,#15198,.T.);
#15198 = EDGE_CURVE('',#9579,#12222,#15199,.T.);
#15199 = LINE('',#15200,#15201);
#15200 = CARTESIAN_POINT('',(80.75,-141.54,-4.5798E-02));
#15201 = VECTOR('',#15202,1.);
#15202 = DIRECTION('',(0.,0.,1.));
#15203 = ORIENTED_EDGE('',*,*,#12221,.F.);
#15204 = ORIENTED_EDGE('',*,*,#15198,.F.);
#15205 = CYLINDRICAL_SURFACE('',#15206,1.);
#15206 = AXIS2_PLACEMENT_3D('',#15207,#15208,#15209);
#15207 = CARTESIAN_POINT('',(80.75,-140.54,-4.5798E-02));
#15208 = DIRECTION('',(-0.,-0.,-1.));
#15209 = DIRECTION('',(-0.,-1.,0.));
#15210 = ADVANCED_FACE('',(#15211),#15222,.F.);
#15211 = FACE_BOUND('',#15212,.T.);
#15212 = EDGE_LOOP('',(#15213,#15214,#15220,#15221));
#15213 = ORIENTED_EDGE('',*,*,#9589,.T.);
#15214 = ORIENTED_EDGE('',*,*,#15215,.T.);
#15215 = EDGE_CURVE('',#9590,#12233,#15216,.T.);
#15216 = LINE('',#15217,#15218);
#15217 = CARTESIAN_POINT('',(81.7,-138.2,-4.5798E-02));
#15218 = VECTOR('',#15219,1.);
#15219 = DIRECTION('',(0.,0.,1.));
#15220 = ORIENTED_EDGE('',*,*,#12232,.F.);
#15221 = ORIENTED_EDGE('',*,*,#15215,.F.);
#15222 = CYLINDRICAL_SURFACE('',#15223,0.7);
#15223 = AXIS2_PLACEMENT_3D('',#15224,#15225,#15226);
#15224 = CARTESIAN_POINT('',(81.7,-137.5,-4.5798E-02));
#15225 = DIRECTION('',(-0.,-0.,-1.));
#15226 = DIRECTION('',(-0.,-1.,0.));
#15227 = ADVANCED_FACE('',(#15228),#15239,.F.);
#15228 = FACE_BOUND('',#15229,.T.);
#15229 = EDGE_LOOP('',(#15230,#15231,#15237,#15238));
#15230 = ORIENTED_EDGE('',*,*,#9600,.T.);
#15231 = ORIENTED_EDGE('',*,*,#15232,.T.);
#15232 = EDGE_CURVE('',#9601,#12244,#15233,.T.);
#15233 = LINE('',#15234,#15235);
#15234 = CARTESIAN_POINT('',(85.73,-138.2,-4.5798E-02));
#15235 = VECTOR('',#15236,1.);
#15236 = DIRECTION('',(0.,0.,1.));
#15237 = ORIENTED_EDGE('',*,*,#12243,.F.);
#15238 = ORIENTED_EDGE('',*,*,#15232,.F.);
#15239 = CYLINDRICAL_SURFACE('',#15240,0.7);
#15240 = AXIS2_PLACEMENT_3D('',#15241,#15242,#15243);
#15241 = CARTESIAN_POINT('',(85.73,-137.5,-4.5798E-02));
#15242 = DIRECTION('',(-0.,-0.,-1.));
#15243 = DIRECTION('',(-0.,-1.,0.));
#15244 = ADVANCED_FACE('',(#15245),#15256,.F.);
#15245 = FACE_BOUND('',#15246,.T.);
#15246 = EDGE_LOOP('',(#15247,#15248,#15254,#15255));
#15247 = ORIENTED_EDGE('',*,*,#9611,.T.);
#15248 = ORIENTED_EDGE('',*,*,#15249,.T.);
#15249 = EDGE_CURVE('',#9612,#12255,#15250,.T.);
#15250 = LINE('',#15251,#15252);
#15251 = CARTESIAN_POINT('',(88.27,-138.2,-4.5798E-02));
#15252 = VECTOR('',#15253,1.);
#15253 = DIRECTION('',(0.,0.,1.));
#15254 = ORIENTED_EDGE('',*,*,#12254,.F.);
#15255 = ORIENTED_EDGE('',*,*,#15249,.F.);
#15256 = CYLINDRICAL_SURFACE('',#15257,0.7);
#15257 = AXIS2_PLACEMENT_3D('',#15258,#15259,#15260);
#15258 = CARTESIAN_POINT('',(88.27,-137.5,-4.5798E-02));
#15259 = DIRECTION('',(-0.,-0.,-1.));
#15260 = DIRECTION('',(-0.,-1.,0.));
#15261 = ADVANCED_FACE('',(#15262),#15273,.F.);
#15262 = FACE_BOUND('',#15263,.T.);
#15263 = EDGE_LOOP('',(#15264,#15265,#15271,#15272));
#15264 = ORIENTED_EDGE('',*,*,#9622,.T.);
#15265 = ORIENTED_EDGE('',*,*,#15266,.T.);
#15266 = EDGE_CURVE('',#9623,#12266,#15267,.T.);
#15267 = LINE('',#15268,#15269);
#15268 = CARTESIAN_POINT('',(93.25,-141.54,-4.5798E-02));
#15269 = VECTOR('',#15270,1.);
#15270 = DIRECTION('',(0.,0.,1.));
#15271 = ORIENTED_EDGE('',*,*,#12265,.F.);
#15272 = ORIENTED_EDGE('',*,*,#15266,.F.);
#15273 = CYLINDRICAL_SURFACE('',#15274,1.);
#15274 = AXIS2_PLACEMENT_3D('',#15275,#15276,#15277);
#15275 = CARTESIAN_POINT('',(93.25,-140.54,-4.5798E-02));
#15276 = DIRECTION('',(-0.,-0.,-1.));
#15277 = DIRECTION('',(-0.,-1.,0.));
#15278 = ADVANCED_FACE('',(#15279),#15290,.F.);
#15279 = FACE_BOUND('',#15280,.T.);
#15280 = EDGE_LOOP('',(#15281,#15282,#15288,#15289));
#15281 = ORIENTED_EDGE('',*,*,#9633,.T.);
#15282 = ORIENTED_EDGE('',*,*,#15283,.T.);
#15283 = EDGE_CURVE('',#9634,#12277,#15284,.T.);
#15284 = LINE('',#15285,#15286);
#15285 = CARTESIAN_POINT('',(93.,-138.2,-4.5798E-02));
#15286 = VECTOR('',#15287,1.);
#15287 = DIRECTION('',(0.,0.,1.));
#15288 = ORIENTED_EDGE('',*,*,#12276,.F.);
#15289 = ORIENTED_EDGE('',*,*,#15283,.F.);
#15290 = CYLINDRICAL_SURFACE('',#15291,0.7);
#15291 = AXIS2_PLACEMENT_3D('',#15292,#15293,#15294);
#15292 = CARTESIAN_POINT('',(93.,-137.5,-4.5798E-02));
#15293 = DIRECTION('',(-0.,-0.,-1.));
#15294 = DIRECTION('',(-0.,-1.,0.));
#15295 = ADVANCED_FACE('',(#15296),#15307,.F.);
#15296 = FACE_BOUND('',#15297,.T.);
#15297 = EDGE_LOOP('',(#15298,#15299,#15305,#15306));
#15298 = ORIENTED_EDGE('',*,*,#9644,.T.);
#15299 = ORIENTED_EDGE('',*,*,#15300,.T.);
#15300 = EDGE_CURVE('',#9645,#12288,#15301,.T.);
#15301 = LINE('',#15302,#15303);
#15302 = CARTESIAN_POINT('',(81.,-133.2,-4.5798E-02));
#15303 = VECTOR('',#15304,1.);
#15304 = DIRECTION('',(0.,0.,1.));
#15305 = ORIENTED_EDGE('',*,*,#12287,.F.);
#15306 = ORIENTED_EDGE('',*,*,#15300,.F.);
#15307 = CYLINDRICAL_SURFACE('',#15308,0.7);
#15308 = AXIS2_PLACEMENT_3D('',#15309,#15310,#15311);
#15309 = CARTESIAN_POINT('',(81.,-132.5,-4.5798E-02));
#15310 = DIRECTION('',(-0.,-0.,-1.));
#15311 = DIRECTION('',(-0.,-1.,0.));
#15312 = ADVANCED_FACE('',(#15313),#15324,.F.);
#15313 = FACE_BOUND('',#15314,.T.);
#15314 = EDGE_LOOP('',(#15315,#15316,#15322,#15323));
#15315 = ORIENTED_EDGE('',*,*,#9655,.T.);
#15316 = ORIENTED_EDGE('',*,*,#15317,.T.);
#15317 = EDGE_CURVE('',#9656,#12299,#15318,.T.);
#15318 = LINE('',#15319,#15320);
#15319 = CARTESIAN_POINT('',(80.75,-130.54,-4.5798E-02));
#15320 = VECTOR('',#15321,1.);
#15321 = DIRECTION('',(0.,0.,1.));
#15322 = ORIENTED_EDGE('',*,*,#12298,.F.);
#15323 = ORIENTED_EDGE('',*,*,#15317,.F.);
#15324 = CYLINDRICAL_SURFACE('',#15325,1.);
#15325 = AXIS2_PLACEMENT_3D('',#15326,#15327,#15328);
#15326 = CARTESIAN_POINT('',(80.75,-129.54,-4.5798E-02));
#15327 = DIRECTION('',(-0.,-0.,-1.));
#15328 = DIRECTION('',(-0.,-1.,0.));
#15329 = ADVANCED_FACE('',(#15330),#15341,.F.);
#15330 = FACE_BOUND('',#15331,.T.);
#15331 = EDGE_LOOP('',(#15332,#15333,#15339,#15340));
#15332 = ORIENTED_EDGE('',*,*,#9666,.T.);
#15333 = ORIENTED_EDGE('',*,*,#15334,.T.);
#15334 = EDGE_CURVE('',#9667,#12310,#15335,.T.);
#15335 = LINE('',#15336,#15337);
#15336 = CARTESIAN_POINT('',(87.,-133.2,-4.5798E-02));
#15337 = VECTOR('',#15338,1.);
#15338 = DIRECTION('',(0.,0.,1.));
#15339 = ORIENTED_EDGE('',*,*,#12309,.F.);
#15340 = ORIENTED_EDGE('',*,*,#15334,.F.);
#15341 = CYLINDRICAL_SURFACE('',#15342,0.7);
#15342 = AXIS2_PLACEMENT_3D('',#15343,#15344,#15345);
#15343 = CARTESIAN_POINT('',(87.,-132.5,-4.5798E-02));
#15344 = DIRECTION('',(-0.,-0.,-1.));
#15345 = DIRECTION('',(-0.,-1.,0.));
#15346 = ADVANCED_FACE('',(#15347),#15358,.F.);
#15347 = FACE_BOUND('',#15348,.T.);
#15348 = EDGE_LOOP('',(#15349,#15350,#15356,#15357));
#15349 = ORIENTED_EDGE('',*,*,#9677,.T.);
#15350 = ORIENTED_EDGE('',*,*,#15351,.T.);
#15351 = EDGE_CURVE('',#9678,#12321,#15352,.T.);
#15352 = LINE('',#15353,#15354);
#15353 = CARTESIAN_POINT('',(92.3,-133.2,-4.5798E-02));
#15354 = VECTOR('',#15355,1.);
#15355 = DIRECTION('',(0.,0.,1.));
#15356 = ORIENTED_EDGE('',*,*,#12320,.F.);
#15357 = ORIENTED_EDGE('',*,*,#15351,.F.);
#15358 = CYLINDRICAL_SURFACE('',#15359,0.7);
#15359 = AXIS2_PLACEMENT_3D('',#15360,#15361,#15362);
#15360 = CARTESIAN_POINT('',(92.3,-132.5,-4.5798E-02));
#15361 = DIRECTION('',(-0.,-0.,-1.));
#15362 = DIRECTION('',(-0.,-1.,0.));
#15363 = ADVANCED_FACE('',(#15364),#15375,.F.);
#15364 = FACE_BOUND('',#15365,.T.);
#15365 = EDGE_LOOP('',(#15366,#15367,#15373,#15374));
#15366 = ORIENTED_EDGE('',*,*,#9688,.T.);
#15367 = ORIENTED_EDGE('',*,*,#15368,.T.);
#15368 = EDGE_CURVE('',#9689,#12332,#15369,.T.);
#15369 = LINE('',#15370,#15371);
#15370 = CARTESIAN_POINT('',(93.25,-130.54,-4.5798E-02));
#15371 = VECTOR('',#15372,1.);
#15372 = DIRECTION('',(0.,0.,1.));
#15373 = ORIENTED_EDGE('',*,*,#12331,.F.);
#15374 = ORIENTED_EDGE('',*,*,#15368,.F.);
#15375 = CYLINDRICAL_SURFACE('',#15376,1.);
#15376 = AXIS2_PLACEMENT_3D('',#15377,#15378,#15379);
#15377 = CARTESIAN_POINT('',(93.25,-129.54,-4.5798E-02));
#15378 = DIRECTION('',(-0.,-0.,-1.));
#15379 = DIRECTION('',(-0.,-1.,0.));
#15380 = ADVANCED_FACE('',(#15381),#15392,.F.);
#15381 = FACE_BOUND('',#15382,.T.);
#15382 = EDGE_LOOP('',(#15383,#15384,#15390,#15391));
#15383 = ORIENTED_EDGE('',*,*,#9699,.T.);
#15384 = ORIENTED_EDGE('',*,*,#15385,.T.);
#15385 = EDGE_CURVE('',#9700,#12343,#15386,.T.);
#15386 = LINE('',#15387,#15388);
#15387 = CARTESIAN_POINT('',(107.875,-141.5,-4.5798E-02));
#15388 = VECTOR('',#15389,1.);
#15389 = DIRECTION('',(0.,0.,1.));
#15390 = ORIENTED_EDGE('',*,*,#12342,.F.);
#15391 = ORIENTED_EDGE('',*,*,#15385,.F.);
#15392 = CYLINDRICAL_SURFACE('',#15393,1.);
#15393 = AXIS2_PLACEMENT_3D('',#15394,#15395,#15396);
#15394 = CARTESIAN_POINT('',(107.875,-140.5,-4.5798E-02));
#15395 = DIRECTION('',(-0.,-0.,-1.));
#15396 = DIRECTION('',(-0.,-1.,0.));
#15397 = ADVANCED_FACE('',(#15398),#15409,.F.);
#15398 = FACE_BOUND('',#15399,.T.);
#15399 = EDGE_LOOP('',(#15400,#15401,#15407,#15408));
#15400 = ORIENTED_EDGE('',*,*,#9710,.T.);
#15401 = ORIENTED_EDGE('',*,*,#15402,.T.);
#15402 = EDGE_CURVE('',#9711,#12354,#15403,.T.);
#15403 = LINE('',#15404,#15405);
#15404 = CARTESIAN_POINT('',(108.825,-138.16,-4.5798E-02));
#15405 = VECTOR('',#15406,1.);
#15406 = DIRECTION('',(0.,0.,1.));
#15407 = ORIENTED_EDGE('',*,*,#12353,.F.);
#15408 = ORIENTED_EDGE('',*,*,#15402,.F.);
#15409 = CYLINDRICAL_SURFACE('',#15410,0.7);
#15410 = AXIS2_PLACEMENT_3D('',#15411,#15412,#15413);
#15411 = CARTESIAN_POINT('',(108.825,-137.46,-4.5798E-02));
#15412 = DIRECTION('',(-0.,-0.,-1.));
#15413 = DIRECTION('',(-0.,-1.,0.));
#15414 = ADVANCED_FACE('',(#15415),#15426,.F.);
#15415 = FACE_BOUND('',#15416,.T.);
#15416 = EDGE_LOOP('',(#15417,#15418,#15424,#15425));
#15417 = ORIENTED_EDGE('',*,*,#9721,.T.);
#15418 = ORIENTED_EDGE('',*,*,#15419,.T.);
#15419 = EDGE_CURVE('',#9722,#12365,#15420,.T.);
#15420 = LINE('',#15421,#15422);
#15421 = CARTESIAN_POINT('',(112.855,-138.16,-4.5798E-02));
#15422 = VECTOR('',#15423,1.);
#15423 = DIRECTION('',(0.,0.,1.));
#15424 = ORIENTED_EDGE('',*,*,#12364,.F.);
#15425 = ORIENTED_EDGE('',*,*,#15419,.F.);
#15426 = CYLINDRICAL_SURFACE('',#15427,0.7);
#15427 = AXIS2_PLACEMENT_3D('',#15428,#15429,#15430);
#15428 = CARTESIAN_POINT('',(112.855,-137.46,-4.5798E-02));
#15429 = DIRECTION('',(-0.,-0.,-1.));
#15430 = DIRECTION('',(-0.,-1.,0.));
#15431 = ADVANCED_FACE('',(#15432),#15443,.F.);
#15432 = FACE_BOUND('',#15433,.T.);
#15433 = EDGE_LOOP('',(#15434,#15435,#15441,#15442));
#15434 = ORIENTED_EDGE('',*,*,#9732,.T.);
#15435 = ORIENTED_EDGE('',*,*,#15436,.T.);
#15436 = EDGE_CURVE('',#9733,#12376,#15437,.T.);
#15437 = LINE('',#15438,#15439);
#15438 = CARTESIAN_POINT('',(115.395,-138.16,-4.5798E-02));
#15439 = VECTOR('',#15440,1.);
#15440 = DIRECTION('',(0.,0.,1.));
#15441 = ORIENTED_EDGE('',*,*,#12375,.F.);
#15442 = ORIENTED_EDGE('',*,*,#15436,.F.);
#15443 = CYLINDRICAL_SURFACE('',#15444,0.7);
#15444 = AXIS2_PLACEMENT_3D('',#15445,#15446,#15447);
#15445 = CARTESIAN_POINT('',(115.395,-137.46,-4.5798E-02));
#15446 = DIRECTION('',(-0.,-0.,-1.));
#15447 = DIRECTION('',(-0.,-1.,0.));
#15448 = ADVANCED_FACE('',(#15449),#15460,.F.);
#15449 = FACE_BOUND('',#15450,.T.);
#15450 = EDGE_LOOP('',(#15451,#15452,#15458,#15459));
#15451 = ORIENTED_EDGE('',*,*,#9743,.T.);
#15452 = ORIENTED_EDGE('',*,*,#15453,.T.);
#15453 = EDGE_CURVE('',#9744,#12387,#15454,.T.);
#15454 = LINE('',#15455,#15456);
#15455 = CARTESIAN_POINT('',(120.375,-141.5,-4.5798E-02));
#15456 = VECTOR('',#15457,1.);
#15457 = DIRECTION('',(0.,0.,1.));
#15458 = ORIENTED_EDGE('',*,*,#12386,.F.);
#15459 = ORIENTED_EDGE('',*,*,#15453,.F.);
#15460 = CYLINDRICAL_SURFACE('',#15461,1.);
#15461 = AXIS2_PLACEMENT_3D('',#15462,#15463,#15464);
#15462 = CARTESIAN_POINT('',(120.375,-140.5,-4.5798E-02));
#15463 = DIRECTION('',(-0.,-0.,-1.));
#15464 = DIRECTION('',(-0.,-1.,0.));
#15465 = ADVANCED_FACE('',(#15466),#15477,.F.);
#15466 = FACE_BOUND('',#15467,.T.);
#15467 = EDGE_LOOP('',(#15468,#15469,#15475,#15476));
#15468 = ORIENTED_EDGE('',*,*,#9754,.T.);
#15469 = ORIENTED_EDGE('',*,*,#15470,.T.);
#15470 = EDGE_CURVE('',#9755,#12398,#15471,.T.);
#15471 = LINE('',#15472,#15473);
#15472 = CARTESIAN_POINT('',(120.125,-138.16,-4.5798E-02));
#15473 = VECTOR('',#15474,1.);
#15474 = DIRECTION('',(0.,0.,1.));
#15475 = ORIENTED_EDGE('',*,*,#12397,.F.);
#15476 = ORIENTED_EDGE('',*,*,#15470,.F.);
#15477 = CYLINDRICAL_SURFACE('',#15478,0.7);
#15478 = AXIS2_PLACEMENT_3D('',#15479,#15480,#15481);
#15479 = CARTESIAN_POINT('',(120.125,-137.46,-4.5798E-02));
#15480 = DIRECTION('',(-0.,-0.,-1.));
#15481 = DIRECTION('',(-0.,-1.,0.));
#15482 = ADVANCED_FACE('',(#15483),#15494,.F.);
#15483 = FACE_BOUND('',#15484,.T.);
#15484 = EDGE_LOOP('',(#15485,#15486,#15492,#15493));
#15485 = ORIENTED_EDGE('',*,*,#9765,.T.);
#15486 = ORIENTED_EDGE('',*,*,#15487,.T.);
#15487 = EDGE_CURVE('',#9766,#12409,#15488,.T.);
#15488 = LINE('',#15489,#15490);
#15489 = CARTESIAN_POINT('',(108.125,-133.16,-4.5798E-02));
#15490 = VECTOR('',#15491,1.);
#15491 = DIRECTION('',(0.,0.,1.));
#15492 = ORIENTED_EDGE('',*,*,#12408,.F.);
#15493 = ORIENTED_EDGE('',*,*,#15487,.F.);
#15494 = CYLINDRICAL_SURFACE('',#15495,0.7);
#15495 = AXIS2_PLACEMENT_3D('',#15496,#15497,#15498);
#15496 = CARTESIAN_POINT('',(108.125,-132.46,-4.5798E-02));
#15497 = DIRECTION('',(-0.,-0.,-1.));
#15498 = DIRECTION('',(-0.,-1.,0.));
#15499 = ADVANCED_FACE('',(#15500),#15511,.F.);
#15500 = FACE_BOUND('',#15501,.T.);
#15501 = EDGE_LOOP('',(#15502,#15503,#15509,#15510));
#15502 = ORIENTED_EDGE('',*,*,#9776,.T.);
#15503 = ORIENTED_EDGE('',*,*,#15504,.T.);
#15504 = EDGE_CURVE('',#9777,#12420,#15505,.T.);
#15505 = LINE('',#15506,#15507);
#15506 = CARTESIAN_POINT('',(107.875,-130.5,-4.5798E-02));
#15507 = VECTOR('',#15508,1.);
#15508 = DIRECTION('',(0.,0.,1.));
#15509 = ORIENTED_EDGE('',*,*,#12419,.F.);
#15510 = ORIENTED_EDGE('',*,*,#15504,.F.);
#15511 = CYLINDRICAL_SURFACE('',#15512,1.);
#15512 = AXIS2_PLACEMENT_3D('',#15513,#15514,#15515);
#15513 = CARTESIAN_POINT('',(107.875,-129.5,-4.5798E-02));
#15514 = DIRECTION('',(-0.,-0.,-1.));
#15515 = DIRECTION('',(-0.,-1.,0.));
#15516 = ADVANCED_FACE('',(#15517),#15528,.F.);
#15517 = FACE_BOUND('',#15518,.T.);
#15518 = EDGE_LOOP('',(#15519,#15520,#15526,#15527));
#15519 = ORIENTED_EDGE('',*,*,#9787,.T.);
#15520 = ORIENTED_EDGE('',*,*,#15521,.T.);
#15521 = EDGE_CURVE('',#9788,#12431,#15522,.T.);
#15522 = LINE('',#15523,#15524);
#15523 = CARTESIAN_POINT('',(114.125,-133.16,-4.5798E-02));
#15524 = VECTOR('',#15525,1.);
#15525 = DIRECTION('',(0.,0.,1.));
#15526 = ORIENTED_EDGE('',*,*,#12430,.F.);
#15527 = ORIENTED_EDGE('',*,*,#15521,.F.);
#15528 = CYLINDRICAL_SURFACE('',#15529,0.7);
#15529 = AXIS2_PLACEMENT_3D('',#15530,#15531,#15532);
#15530 = CARTESIAN_POINT('',(114.125,-132.46,-4.5798E-02));
#15531 = DIRECTION('',(-0.,-0.,-1.));
#15532 = DIRECTION('',(-0.,-1.,0.));
#15533 = ADVANCED_FACE('',(#15534),#15545,.F.);
#15534 = FACE_BOUND('',#15535,.T.);
#15535 = EDGE_LOOP('',(#15536,#15537,#15543,#15544));
#15536 = ORIENTED_EDGE('',*,*,#9798,.T.);
#15537 = ORIENTED_EDGE('',*,*,#15538,.T.);
#15538 = EDGE_CURVE('',#9799,#12442,#15539,.T.);
#15539 = LINE('',#15540,#15541);
#15540 = CARTESIAN_POINT('',(119.425,-133.16,-4.5798E-02));
#15541 = VECTOR('',#15542,1.);
#15542 = DIRECTION('',(0.,0.,1.));
#15543 = ORIENTED_EDGE('',*,*,#12441,.F.);
#15544 = ORIENTED_EDGE('',*,*,#15538,.F.);
#15545 = CYLINDRICAL_SURFACE('',#15546,0.7);
#15546 = AXIS2_PLACEMENT_3D('',#15547,#15548,#15549);
#15547 = CARTESIAN_POINT('',(119.425,-132.46,-4.5798E-02));
#15548 = DIRECTION('',(-0.,-0.,-1.));
#15549 = DIRECTION('',(-0.,-1.,0.));
#15550 = ADVANCED_FACE('',(#15551),#15562,.F.);
#15551 = FACE_BOUND('',#15552,.T.);
#15552 = EDGE_LOOP('',(#15553,#15554,#15560,#15561));
#15553 = ORIENTED_EDGE('',*,*,#9809,.T.);
#15554 = ORIENTED_EDGE('',*,*,#15555,.T.);
#15555 = EDGE_CURVE('',#9810,#12453,#15556,.T.);
#15556 = LINE('',#15557,#15558);
#15557 = CARTESIAN_POINT('',(120.375,-130.5,-4.5798E-02));
#15558 = VECTOR('',#15559,1.);
#15559 = DIRECTION('',(0.,0.,1.));
#15560 = ORIENTED_EDGE('',*,*,#12452,.F.);
#15561 = ORIENTED_EDGE('',*,*,#15555,.F.);
#15562 = CYLINDRICAL_SURFACE('',#15563,1.);
#15563 = AXIS2_PLACEMENT_3D('',#15564,#15565,#15566);
#15564 = CARTESIAN_POINT('',(120.375,-129.5,-4.5798E-02));
#15565 = DIRECTION('',(-0.,-0.,-1.));
#15566 = DIRECTION('',(-0.,-1.,0.));
#15567 = ADVANCED_FACE('',(#15568),#15579,.F.);
#15568 = FACE_BOUND('',#15569,.T.);
#15569 = EDGE_LOOP('',(#15570,#15571,#15577,#15578));
#15570 = ORIENTED_EDGE('',*,*,#9820,.T.);
#15571 = ORIENTED_EDGE('',*,*,#15572,.T.);
#15572 = EDGE_CURVE('',#9821,#12464,#15573,.T.);
#15573 = LINE('',#15574,#15575);
#15574 = CARTESIAN_POINT('',(134.375,-141.5,-4.5798E-02));
#15575 = VECTOR('',#15576,1.);
#15576 = DIRECTION('',(0.,0.,1.));
#15577 = ORIENTED_EDGE('',*,*,#12463,.F.);
#15578 = ORIENTED_EDGE('',*,*,#15572,.F.);
#15579 = CYLINDRICAL_SURFACE('',#15580,1.);
#15580 = AXIS2_PLACEMENT_3D('',#15581,#15582,#15583);
#15581 = CARTESIAN_POINT('',(134.375,-140.5,-4.5798E-02));
#15582 = DIRECTION('',(-0.,-0.,-1.));
#15583 = DIRECTION('',(-0.,-1.,0.));
#15584 = ADVANCED_FACE('',(#15585),#15596,.F.);
#15585 = FACE_BOUND('',#15586,.T.);
#15586 = EDGE_LOOP('',(#15587,#15588,#15594,#15595));
#15587 = ORIENTED_EDGE('',*,*,#9831,.T.);
#15588 = ORIENTED_EDGE('',*,*,#15589,.T.);
#15589 = EDGE_CURVE('',#9832,#12475,#15590,.T.);
#15590 = LINE('',#15591,#15592);
#15591 = CARTESIAN_POINT('',(135.325,-138.16,-4.5798E-02));
#15592 = VECTOR('',#15593,1.);
#15593 = DIRECTION('',(0.,0.,1.));
#15594 = ORIENTED_EDGE('',*,*,#12474,.F.);
#15595 = ORIENTED_EDGE('',*,*,#15589,.F.);
#15596 = CYLINDRICAL_SURFACE('',#15597,0.7);
#15597 = AXIS2_PLACEMENT_3D('',#15598,#15599,#15600);
#15598 = CARTESIAN_POINT('',(135.325,-137.46,-4.5798E-02));
#15599 = DIRECTION('',(-0.,-0.,-1.));
#15600 = DIRECTION('',(-0.,-1.,0.));
#15601 = ADVANCED_FACE('',(#15602),#15613,.F.);
#15602 = FACE_BOUND('',#15603,.T.);
#15603 = EDGE_LOOP('',(#15604,#15605,#15611,#15612));
#15604 = ORIENTED_EDGE('',*,*,#9842,.T.);
#15605 = ORIENTED_EDGE('',*,*,#15606,.T.);
#15606 = EDGE_CURVE('',#9843,#12486,#15607,.T.);
#15607 = LINE('',#15608,#15609);
#15608 = CARTESIAN_POINT('',(139.355,-138.16,-4.5798E-02));
#15609 = VECTOR('',#15610,1.);
#15610 = DIRECTION('',(0.,0.,1.));
#15611 = ORIENTED_EDGE('',*,*,#12485,.F.);
#15612 = ORIENTED_EDGE('',*,*,#15606,.F.);
#15613 = CYLINDRICAL_SURFACE('',#15614,0.7);
#15614 = AXIS2_PLACEMENT_3D('',#15615,#15616,#15617);
#15615 = CARTESIAN_POINT('',(139.355,-137.46,-4.5798E-02));
#15616 = DIRECTION('',(-0.,-0.,-1.));
#15617 = DIRECTION('',(-4.060244204344E-14,-1.,0.));
#15618 = ADVANCED_FACE('',(#15619),#15630,.F.);
#15619 = FACE_BOUND('',#15620,.T.);
#15620 = EDGE_LOOP('',(#15621,#15622,#15628,#15629));
#15621 = ORIENTED_EDGE('',*,*,#9853,.T.);
#15622 = ORIENTED_EDGE('',*,*,#15623,.T.);
#15623 = EDGE_CURVE('',#9854,#12497,#15624,.T.);
#15624 = LINE('',#15625,#15626);
#15625 = CARTESIAN_POINT('',(141.895,-138.16,-4.5798E-02));
#15626 = VECTOR('',#15627,1.);
#15627 = DIRECTION('',(0.,0.,1.));
#15628 = ORIENTED_EDGE('',*,*,#12496,.F.);
#15629 = ORIENTED_EDGE('',*,*,#15623,.F.);
#15630 = CYLINDRICAL_SURFACE('',#15631,0.7);
#15631 = AXIS2_PLACEMENT_3D('',#15632,#15633,#15634);
#15632 = CARTESIAN_POINT('',(141.895,-137.46,-4.5798E-02));
#15633 = DIRECTION('',(-0.,0.,-1.));
#15634 = DIRECTION('',(4.060244204343E-14,-1.,-0.));
#15635 = ADVANCED_FACE('',(#15636),#15647,.F.);
#15636 = FACE_BOUND('',#15637,.T.);
#15637 = EDGE_LOOP('',(#15638,#15639,#15645,#15646));
#15638 = ORIENTED_EDGE('',*,*,#9864,.T.);
#15639 = ORIENTED_EDGE('',*,*,#15640,.T.);
#15640 = EDGE_CURVE('',#9865,#12508,#15641,.T.);
#15641 = LINE('',#15642,#15643);
#15642 = CARTESIAN_POINT('',(134.625,-133.16,-4.5798E-02));
#15643 = VECTOR('',#15644,1.);
#15644 = DIRECTION('',(0.,0.,1.));
#15645 = ORIENTED_EDGE('',*,*,#12507,.F.);
#15646 = ORIENTED_EDGE('',*,*,#15640,.F.);
#15647 = CYLINDRICAL_SURFACE('',#15648,0.7);
#15648 = AXIS2_PLACEMENT_3D('',#15649,#15650,#15651);
#15649 = CARTESIAN_POINT('',(134.625,-132.46,-4.5798E-02));
#15650 = DIRECTION('',(-0.,-0.,-1.));
#15651 = DIRECTION('',(-0.,-1.,0.));
#15652 = ADVANCED_FACE('',(#15653),#15664,.F.);
#15653 = FACE_BOUND('',#15654,.T.);
#15654 = EDGE_LOOP('',(#15655,#15656,#15662,#15663));
#15655 = ORIENTED_EDGE('',*,*,#9875,.T.);
#15656 = ORIENTED_EDGE('',*,*,#15657,.T.);
#15657 = EDGE_CURVE('',#9876,#12519,#15658,.T.);
#15658 = LINE('',#15659,#15660);
#15659 = CARTESIAN_POINT('',(134.375,-130.5,-4.5798E-02));
#15660 = VECTOR('',#15661,1.);
#15661 = DIRECTION('',(0.,0.,1.));
#15662 = ORIENTED_EDGE('',*,*,#12518,.F.);
#15663 = ORIENTED_EDGE('',*,*,#15657,.F.);
#15664 = CYLINDRICAL_SURFACE('',#15665,1.);
#15665 = AXIS2_PLACEMENT_3D('',#15666,#15667,#15668);
#15666 = CARTESIAN_POINT('',(134.375,-129.5,-4.5798E-02));
#15667 = DIRECTION('',(-0.,-0.,-1.));
#15668 = DIRECTION('',(-0.,-1.,0.));
#15669 = ADVANCED_FACE('',(#15670),#15681,.F.);
#15670 = FACE_BOUND('',#15671,.T.);
#15671 = EDGE_LOOP('',(#15672,#15673,#15679,#15680));
#15672 = ORIENTED_EDGE('',*,*,#9886,.T.);
#15673 = ORIENTED_EDGE('',*,*,#15674,.T.);
#15674 = EDGE_CURVE('',#9887,#12530,#15675,.T.);
#15675 = LINE('',#15676,#15677);
#15676 = CARTESIAN_POINT('',(140.625,-133.16,-4.5798E-02));
#15677 = VECTOR('',#15678,1.);
#15678 = DIRECTION('',(0.,0.,1.));
#15679 = ORIENTED_EDGE('',*,*,#12529,.F.);
#15680 = ORIENTED_EDGE('',*,*,#15674,.F.);
#15681 = CYLINDRICAL_SURFACE('',#15682,0.7);
#15682 = AXIS2_PLACEMENT_3D('',#15683,#15684,#15685);
#15683 = CARTESIAN_POINT('',(140.625,-132.46,-4.5798E-02));
#15684 = DIRECTION('',(-0.,-0.,-1.));
#15685 = DIRECTION('',(-0.,-1.,0.));
#15686 = ADVANCED_FACE('',(#15687),#15698,.F.);
#15687 = FACE_BOUND('',#15688,.T.);
#15688 = EDGE_LOOP('',(#15689,#15690,#15696,#15697));
#15689 = ORIENTED_EDGE('',*,*,#9897,.T.);
#15690 = ORIENTED_EDGE('',*,*,#15691,.T.);
#15691 = EDGE_CURVE('',#9898,#12541,#15692,.T.);
#15692 = LINE('',#15693,#15694);
#15693 = CARTESIAN_POINT('',(146.875,-141.5,-4.5798E-02));
#15694 = VECTOR('',#15695,1.);
#15695 = DIRECTION('',(0.,0.,1.));
#15696 = ORIENTED_EDGE('',*,*,#12540,.F.);
#15697 = ORIENTED_EDGE('',*,*,#15691,.F.);
#15698 = CYLINDRICAL_SURFACE('',#15699,1.);
#15699 = AXIS2_PLACEMENT_3D('',#15700,#15701,#15702);
#15700 = CARTESIAN_POINT('',(146.875,-140.5,-4.5798E-02));
#15701 = DIRECTION('',(-0.,-0.,-1.));
#15702 = DIRECTION('',(-0.,-1.,0.));
#15703 = ADVANCED_FACE('',(#15704),#15715,.F.);
#15704 = FACE_BOUND('',#15705,.T.);
#15705 = EDGE_LOOP('',(#15706,#15707,#15713,#15714));
#15706 = ORIENTED_EDGE('',*,*,#9908,.T.);
#15707 = ORIENTED_EDGE('',*,*,#15708,.T.);
#15708 = EDGE_CURVE('',#9909,#12552,#15709,.T.);
#15709 = LINE('',#15710,#15711);
#15710 = CARTESIAN_POINT('',(146.625,-138.16,-4.5798E-02));
#15711 = VECTOR('',#15712,1.);
#15712 = DIRECTION('',(0.,0.,1.));
#15713 = ORIENTED_EDGE('',*,*,#12551,.F.);
#15714 = ORIENTED_EDGE('',*,*,#15708,.F.);
#15715 = CYLINDRICAL_SURFACE('',#15716,0.7);
#15716 = AXIS2_PLACEMENT_3D('',#15717,#15718,#15719);
#15717 = CARTESIAN_POINT('',(146.625,-137.46,-4.5798E-02));
#15718 = DIRECTION('',(-0.,-0.,-1.));
#15719 = DIRECTION('',(-0.,-1.,0.));
#15720 = ADVANCED_FACE('',(#15721),#15732,.F.);
#15721 = FACE_BOUND('',#15722,.T.);
#15722 = EDGE_LOOP('',(#15723,#15724,#15730,#15731));
#15723 = ORIENTED_EDGE('',*,*,#9919,.T.);
#15724 = ORIENTED_EDGE('',*,*,#15725,.T.);
#15725 = EDGE_CURVE('',#9920,#12563,#15726,.T.);
#15726 = LINE('',#15727,#15728);
#15727 = CARTESIAN_POINT('',(145.925,-133.16,-4.5798E-02));
#15728 = VECTOR('',#15729,1.);
#15729 = DIRECTION('',(0.,0.,1.));
#15730 = ORIENTED_EDGE('',*,*,#12562,.F.);
#15731 = ORIENTED_EDGE('',*,*,#15725,.F.);
#15732 = CYLINDRICAL_SURFACE('',#15733,0.7);
#15733 = AXIS2_PLACEMENT_3D('',#15734,#15735,#15736);
#15734 = CARTESIAN_POINT('',(145.925,-132.46,-4.5798E-02));
#15735 = DIRECTION('',(-0.,-0.,-1.));
#15736 = DIRECTION('',(-0.,-1.,0.));
#15737 = ADVANCED_FACE('',(#15738),#15749,.F.);
#15738 = FACE_BOUND('',#15739,.T.);
#15739 = EDGE_LOOP('',(#15740,#15741,#15747,#15748));
#15740 = ORIENTED_EDGE('',*,*,#9930,.T.);
#15741 = ORIENTED_EDGE('',*,*,#15742,.T.);
#15742 = EDGE_CURVE('',#9931,#12574,#15743,.T.);
#15743 = LINE('',#15744,#15745);
#15744 = CARTESIAN_POINT('',(146.875,-130.5,-4.5798E-02));
#15745 = VECTOR('',#15746,1.);
#15746 = DIRECTION('',(0.,0.,1.));
#15747 = ORIENTED_EDGE('',*,*,#12573,.F.);
#15748 = ORIENTED_EDGE('',*,*,#15742,.F.);
#15749 = CYLINDRICAL_SURFACE('',#15750,1.);
#15750 = AXIS2_PLACEMENT_3D('',#15751,#15752,#15753);
#15751 = CARTESIAN_POINT('',(146.875,-129.5,-4.5798E-02));
#15752 = DIRECTION('',(-0.,-0.,-1.));
#15753 = DIRECTION('',(-0.,-1.,0.));
#15754 = ADVANCED_FACE('',(#15755),#15766,.F.);
#15755 = FACE_BOUND('',#15756,.T.);
#15756 = EDGE_LOOP('',(#15757,#15758,#15764,#15765));
#15757 = ORIENTED_EDGE('',*,*,#9941,.T.);
#15758 = ORIENTED_EDGE('',*,*,#15759,.T.);
#15759 = EDGE_CURVE('',#9942,#12585,#15760,.T.);
#15760 = LINE('',#15761,#15762);
#15761 = CARTESIAN_POINT('',(173.499989,-193.5193,-4.5798E-02));
#15762 = VECTOR('',#15763,1.);
#15763 = DIRECTION('',(0.,0.,1.));
#15764 = ORIENTED_EDGE('',*,*,#12584,.F.);
#15765 = ORIENTED_EDGE('',*,*,#15759,.F.);
#15766 = CYLINDRICAL_SURFACE('',#15767,2.0193);
#15767 = AXIS2_PLACEMENT_3D('',#15768,#15769,#15770);
#15768 = CARTESIAN_POINT('',(173.499989,-191.5,-4.5798E-02));
#15769 = DIRECTION('',(-0.,-0.,-1.));
#15770 = DIRECTION('',(-0.,-1.,0.));
#15771 = ADVANCED_FACE('',(#15772),#15783,.F.);
#15772 = FACE_BOUND('',#15773,.T.);
#15773 = EDGE_LOOP('',(#15774,#15775,#15781,#15782));
#15774 = ORIENTED_EDGE('',*,*,#9952,.T.);
#15775 = ORIENTED_EDGE('',*,*,#15776,.T.);
#15776 = EDGE_CURVE('',#9953,#12596,#15777,.T.);
#15777 = LINE('',#15778,#15779);
#15778 = CARTESIAN_POINT('',(180.49999,-193.314701,-4.5798E-02));
#15779 = VECTOR('',#15780,1.);
#15780 = DIRECTION('',(0.,0.,1.));
#15781 = ORIENTED_EDGE('',*,*,#12595,.F.);
#15782 = ORIENTED_EDGE('',*,*,#15776,.F.);
#15783 = CYLINDRICAL_SURFACE('',#15784,0.7747);
#15784 = AXIS2_PLACEMENT_3D('',#15785,#15786,#15787);
#15785 = CARTESIAN_POINT('',(180.49999,-192.540001,-4.5798E-02));
#15786 = DIRECTION('',(-0.,-0.,-1.));
#15787 = DIRECTION('',(-0.,-1.,0.));
#15788 = ADVANCED_FACE('',(#15789),#15800,.F.);
#15789 = FACE_BOUND('',#15790,.T.);
#15790 = EDGE_LOOP('',(#15791,#15792,#15798,#15799));
#15791 = ORIENTED_EDGE('',*,*,#9963,.T.);
#15792 = ORIENTED_EDGE('',*,*,#15793,.T.);
#15793 = EDGE_CURVE('',#9964,#12607,#15794,.T.);
#15794 = LINE('',#15795,#15796);
#15795 = CARTESIAN_POINT('',(180.49999,-189.814699,-4.5798E-02));
#15796 = VECTOR('',#15797,1.);
#15797 = DIRECTION('',(0.,0.,1.));
#15798 = ORIENTED_EDGE('',*,*,#12606,.F.);
#15799 = ORIENTED_EDGE('',*,*,#15793,.F.);
#15800 = CYLINDRICAL_SURFACE('',#15801,0.7747);
#15801 = AXIS2_PLACEMENT_3D('',#15802,#15803,#15804);
#15802 = CARTESIAN_POINT('',(180.49999,-189.039999,-4.5798E-02));
#15803 = DIRECTION('',(-0.,-0.,-1.));
#15804 = DIRECTION('',(-0.,-1.,0.));
#15805 = ADVANCED_FACE('',(#15806),#15817,.F.);
#15806 = FACE_BOUND('',#15807,.T.);
#15807 = EDGE_LOOP('',(#15808,#15809,#15815,#15816));
#15808 = ORIENTED_EDGE('',*,*,#9974,.T.);
#15809 = ORIENTED_EDGE('',*,*,#15810,.T.);
#15810 = EDGE_CURVE('',#9975,#12618,#15811,.T.);
#15811 = LINE('',#15812,#15813);
#15812 = CARTESIAN_POINT('',(183.999991,-193.314701,-4.5798E-02));
#15813 = VECTOR('',#15814,1.);
#15814 = DIRECTION('',(0.,0.,1.));
#15815 = ORIENTED_EDGE('',*,*,#12617,.F.);
#15816 = ORIENTED_EDGE('',*,*,#15810,.F.);
#15817 = CYLINDRICAL_SURFACE('',#15818,0.7747);
#15818 = AXIS2_PLACEMENT_3D('',#15819,#15820,#15821);
#15819 = CARTESIAN_POINT('',(183.999991,-192.540001,-4.5798E-02));
#15820 = DIRECTION('',(-0.,-0.,-1.));
#15821 = DIRECTION('',(-0.,-1.,0.));
#15822 = ADVANCED_FACE('',(#15823),#15834,.F.);
#15823 = FACE_BOUND('',#15824,.T.);
#15824 = EDGE_LOOP('',(#15825,#15826,#15832,#15833));
#15825 = ORIENTED_EDGE('',*,*,#9985,.T.);
#15826 = ORIENTED_EDGE('',*,*,#15827,.T.);
#15827 = EDGE_CURVE('',#9986,#12629,#15828,.T.);
#15828 = LINE('',#15829,#15830);
#15829 = CARTESIAN_POINT('',(187.499992,-193.314701,-4.5798E-02));
#15830 = VECTOR('',#15831,1.);
#15831 = DIRECTION('',(0.,0.,1.));
#15832 = ORIENTED_EDGE('',*,*,#12628,.F.);
#15833 = ORIENTED_EDGE('',*,*,#15827,.F.);
#15834 = CYLINDRICAL_SURFACE('',#15835,0.7747);
#15835 = AXIS2_PLACEMENT_3D('',#15836,#15837,#15838);
#15836 = CARTESIAN_POINT('',(187.499992,-192.540001,-4.5798E-02));
#15837 = DIRECTION('',(-0.,-0.,-1.));
#15838 = DIRECTION('',(-0.,-1.,0.));
#15839 = ADVANCED_FACE('',(#15840),#15851,.F.);
#15840 = FACE_BOUND('',#15841,.T.);
#15841 = EDGE_LOOP('',(#15842,#15843,#15849,#15850));
#15842 = ORIENTED_EDGE('',*,*,#9996,.T.);
#15843 = ORIENTED_EDGE('',*,*,#15844,.T.);
#15844 = EDGE_CURVE('',#9997,#12640,#15845,.T.);
#15845 = LINE('',#15846,#15847);
#15846 = CARTESIAN_POINT('',(190.999992,-193.314701,-4.5798E-02));
#15847 = VECTOR('',#15848,1.);
#15848 = DIRECTION('',(0.,0.,1.));
#15849 = ORIENTED_EDGE('',*,*,#12639,.F.);
#15850 = ORIENTED_EDGE('',*,*,#15844,.F.);
#15851 = CYLINDRICAL_SURFACE('',#15852,0.7747);
#15852 = AXIS2_PLACEMENT_3D('',#15853,#15854,#15855);
#15853 = CARTESIAN_POINT('',(190.999992,-192.540001,-4.5798E-02));
#15854 = DIRECTION('',(-0.,-0.,-1.));
#15855 = DIRECTION('',(-0.,-1.,0.));
#15856 = ADVANCED_FACE('',(#15857),#15868,.F.);
#15857 = FACE_BOUND('',#15858,.T.);
#15858 = EDGE_LOOP('',(#15859,#15860,#15866,#15867));
#15859 = ORIENTED_EDGE('',*,*,#10007,.T.);
#15860 = ORIENTED_EDGE('',*,*,#15861,.T.);
#15861 = EDGE_CURVE('',#10008,#12651,#15862,.T.);
#15862 = LINE('',#15863,#15864);
#15863 = CARTESIAN_POINT('',(183.999991,-189.814699,-4.5798E-02));
#15864 = VECTOR('',#15865,1.);
#15865 = DIRECTION('',(0.,0.,1.));
#15866 = ORIENTED_EDGE('',*,*,#12650,.F.);
#15867 = ORIENTED_EDGE('',*,*,#15861,.F.);
#15868 = CYLINDRICAL_SURFACE('',#15869,0.7747);
#15869 = AXIS2_PLACEMENT_3D('',#15870,#15871,#15872);
#15870 = CARTESIAN_POINT('',(183.999991,-189.039999,-4.5798E-02));
#15871 = DIRECTION('',(-0.,-0.,-1.));
#15872 = DIRECTION('',(-0.,-1.,0.));
#15873 = ADVANCED_FACE('',(#15874),#15885,.F.);
#15874 = FACE_BOUND('',#15875,.T.);
#15875 = EDGE_LOOP('',(#15876,#15877,#15883,#15884));
#15876 = ORIENTED_EDGE('',*,*,#10018,.T.);
#15877 = ORIENTED_EDGE('',*,*,#15878,.T.);
#15878 = EDGE_CURVE('',#10019,#12662,#15879,.T.);
#15879 = LINE('',#15880,#15881);
#15880 = CARTESIAN_POINT('',(187.499992,-189.814699,-4.5798E-02));
#15881 = VECTOR('',#15882,1.);
#15882 = DIRECTION('',(0.,0.,1.));
#15883 = ORIENTED_EDGE('',*,*,#12661,.F.);
#15884 = ORIENTED_EDGE('',*,*,#15878,.F.);
#15885 = CYLINDRICAL_SURFACE('',#15886,0.7747);
#15886 = AXIS2_PLACEMENT_3D('',#15887,#15888,#15889);
#15887 = CARTESIAN_POINT('',(187.499992,-189.039999,-4.5798E-02));
#15888 = DIRECTION('',(-0.,-0.,-1.));
#15889 = DIRECTION('',(-0.,-1.,0.));
#15890 = ADVANCED_FACE('',(#15891),#15902,.F.);
#15891 = FACE_BOUND('',#15892,.T.);
#15892 = EDGE_LOOP('',(#15893,#15894,#15900,#15901));
#15893 = ORIENTED_EDGE('',*,*,#10029,.T.);
#15894 = ORIENTED_EDGE('',*,*,#15895,.T.);
#15895 = EDGE_CURVE('',#10030,#12673,#15896,.T.);
#15896 = LINE('',#15897,#15898);
#15897 = CARTESIAN_POINT('',(190.999992,-189.814699,-4.5798E-02));
#15898 = VECTOR('',#15899,1.);
#15899 = DIRECTION('',(0.,0.,1.));
#15900 = ORIENTED_EDGE('',*,*,#12672,.F.);
#15901 = ORIENTED_EDGE('',*,*,#15895,.F.);
#15902 = CYLINDRICAL_SURFACE('',#15903,0.7747);
#15903 = AXIS2_PLACEMENT_3D('',#15904,#15905,#15906);
#15904 = CARTESIAN_POINT('',(190.999992,-189.039999,-4.5798E-02));
#15905 = DIRECTION('',(-0.,-0.,-1.));
#15906 = DIRECTION('',(-0.,-1.,0.));
#15907 = ADVANCED_FACE('',(#15908),#15919,.F.);
#15908 = FACE_BOUND('',#15909,.T.);
#15909 = EDGE_LOOP('',(#15910,#15911,#15917,#15918));
#15910 = ORIENTED_EDGE('',*,*,#10040,.T.);
#15911 = ORIENTED_EDGE('',*,*,#15912,.T.);
#15912 = EDGE_CURVE('',#10041,#12684,#15913,.T.);
#15913 = LINE('',#15914,#15915);
#15914 = CARTESIAN_POINT('',(194.499993,-193.314701,-4.5798E-02));
#15915 = VECTOR('',#15916,1.);
#15916 = DIRECTION('',(0.,0.,1.));
#15917 = ORIENTED_EDGE('',*,*,#12683,.F.);
#15918 = ORIENTED_EDGE('',*,*,#15912,.F.);
#15919 = CYLINDRICAL_SURFACE('',#15920,0.7747);
#15920 = AXIS2_PLACEMENT_3D('',#15921,#15922,#15923);
#15921 = CARTESIAN_POINT('',(194.499993,-192.540001,-4.5798E-02));
#15922 = DIRECTION('',(-0.,-0.,-1.));
#15923 = DIRECTION('',(-3.668737502311E-14,-1.,0.));
#15924 = ADVANCED_FACE('',(#15925),#15936,.F.);
#15925 = FACE_BOUND('',#15926,.T.);
#15926 = EDGE_LOOP('',(#15927,#15928,#15934,#15935));
#15927 = ORIENTED_EDGE('',*,*,#10051,.T.);
#15928 = ORIENTED_EDGE('',*,*,#15929,.T.);
#15929 = EDGE_CURVE('',#10052,#12695,#15930,.T.);
#15930 = LINE('',#15931,#15932);
#15931 = CARTESIAN_POINT('',(197.999994,-193.314701,-4.5798E-02));
#15932 = VECTOR('',#15933,1.);
#15933 = DIRECTION('',(0.,0.,1.));
#15934 = ORIENTED_EDGE('',*,*,#12694,.F.);
#15935 = ORIENTED_EDGE('',*,*,#15929,.F.);
#15936 = CYLINDRICAL_SURFACE('',#15937,0.7747);
#15937 = AXIS2_PLACEMENT_3D('',#15938,#15939,#15940);
#15938 = CARTESIAN_POINT('',(197.999994,-192.540001,-4.5798E-02));
#15939 = DIRECTION('',(-0.,-0.,-1.));
#15940 = DIRECTION('',(-3.668737502311E-14,-1.,0.));
#15941 = ADVANCED_FACE('',(#15942),#15953,.F.);
#15942 = FACE_BOUND('',#15943,.T.);
#15943 = EDGE_LOOP('',(#15944,#15945,#15951,#15952));
#15944 = ORIENTED_EDGE('',*,*,#10062,.T.);
#15945 = ORIENTED_EDGE('',*,*,#15946,.T.);
#15946 = EDGE_CURVE('',#10063,#12706,#15947,.T.);
#15947 = LINE('',#15948,#15949);
#15948 = CARTESIAN_POINT('',(201.499994,-193.314701,-4.5798E-02));
#15949 = VECTOR('',#15950,1.);
#15950 = DIRECTION('',(0.,0.,1.));
#15951 = ORIENTED_EDGE('',*,*,#12705,.F.);
#15952 = ORIENTED_EDGE('',*,*,#15946,.F.);
#15953 = CYLINDRICAL_SURFACE('',#15954,0.7747);
#15954 = AXIS2_PLACEMENT_3D('',#15955,#15956,#15957);
#15955 = CARTESIAN_POINT('',(201.499994,-192.540001,-4.5798E-02));
#15956 = DIRECTION('',(-0.,-0.,-1.));
#15957 = DIRECTION('',(-3.668737502311E-14,-1.,0.));
#15958 = ADVANCED_FACE('',(#15959),#15970,.F.);
#15959 = FACE_BOUND('',#15960,.T.);
#15960 = EDGE_LOOP('',(#15961,#15962,#15968,#15969));
#15961 = ORIENTED_EDGE('',*,*,#10073,.T.);
#15962 = ORIENTED_EDGE('',*,*,#15963,.T.);
#15963 = EDGE_CURVE('',#10074,#12717,#15964,.T.);
#15964 = LINE('',#15965,#15966);
#15965 = CARTESIAN_POINT('',(204.999997,-193.314701,-4.5798E-02));
#15966 = VECTOR('',#15967,1.);
#15967 = DIRECTION('',(0.,0.,1.));
#15968 = ORIENTED_EDGE('',*,*,#12716,.F.);
#15969 = ORIENTED_EDGE('',*,*,#15963,.F.);
#15970 = CYLINDRICAL_SURFACE('',#15971,0.7747);
#15971 = AXIS2_PLACEMENT_3D('',#15972,#15973,#15974);
#15972 = CARTESIAN_POINT('',(204.999997,-192.540001,-4.5798E-02));
#15973 = DIRECTION('',(-0.,-0.,-1.));
#15974 = DIRECTION('',(-0.,-1.,0.));
#15975 = ADVANCED_FACE('',(#15976),#15987,.F.);
#15976 = FACE_BOUND('',#15977,.T.);
#15977 = EDGE_LOOP('',(#15978,#15979,#15985,#15986));
#15978 = ORIENTED_EDGE('',*,*,#10084,.T.);
#15979 = ORIENTED_EDGE('',*,*,#15980,.T.);
#15980 = EDGE_CURVE('',#10085,#12728,#15981,.T.);
#15981 = LINE('',#15982,#15983);
#15982 = CARTESIAN_POINT('',(194.499993,-189.814699,-4.5798E-02));
#15983 = VECTOR('',#15984,1.);
#15984 = DIRECTION('',(0.,0.,1.));
#15985 = ORIENTED_EDGE('',*,*,#12727,.F.);
#15986 = ORIENTED_EDGE('',*,*,#15980,.F.);
#15987 = CYLINDRICAL_SURFACE('',#15988,0.7747);
#15988 = AXIS2_PLACEMENT_3D('',#15989,#15990,#15991);
#15989 = CARTESIAN_POINT('',(194.499993,-189.039999,-4.5798E-02));
#15990 = DIRECTION('',(-0.,-0.,-1.));
#15991 = DIRECTION('',(-3.668737502311E-14,-1.,0.));
#15992 = ADVANCED_FACE('',(#15993),#16004,.F.);
#15993 = FACE_BOUND('',#15994,.T.);
#15994 = EDGE_LOOP('',(#15995,#15996,#16002,#16003));
#15995 = ORIENTED_EDGE('',*,*,#10095,.T.);
#15996 = ORIENTED_EDGE('',*,*,#15997,.T.);
#15997 = EDGE_CURVE('',#10096,#12739,#15998,.T.);
#15998 = LINE('',#15999,#16000);
#15999 = CARTESIAN_POINT('',(197.999994,-189.814699,-4.5798E-02));
#16000 = VECTOR('',#16001,1.);
#16001 = DIRECTION('',(0.,0.,1.));
#16002 = ORIENTED_EDGE('',*,*,#12738,.F.);
#16003 = ORIENTED_EDGE('',*,*,#15997,.F.);
#16004 = CYLINDRICAL_SURFACE('',#16005,0.7747);
#16005 = AXIS2_PLACEMENT_3D('',#16006,#16007,#16008);
#16006 = CARTESIAN_POINT('',(197.999994,-189.039999,-4.5798E-02));
#16007 = DIRECTION('',(-0.,-0.,-1.));
#16008 = DIRECTION('',(-3.668737502311E-14,-1.,0.));
#16009 = ADVANCED_FACE('',(#16010),#16021,.F.);
#16010 = FACE_BOUND('',#16011,.T.);
#16011 = EDGE_LOOP('',(#16012,#16013,#16019,#16020));
#16012 = ORIENTED_EDGE('',*,*,#10106,.T.);
#16013 = ORIENTED_EDGE('',*,*,#16014,.T.);
#16014 = EDGE_CURVE('',#10107,#12750,#16015,.T.);
#16015 = LINE('',#16016,#16017);
#16016 = CARTESIAN_POINT('',(201.499994,-189.814699,-4.5798E-02));
#16017 = VECTOR('',#16018,1.);
#16018 = DIRECTION('',(0.,0.,1.));
#16019 = ORIENTED_EDGE('',*,*,#12749,.F.);
#16020 = ORIENTED_EDGE('',*,*,#16014,.F.);
#16021 = CYLINDRICAL_SURFACE('',#16022,0.7747);
#16022 = AXIS2_PLACEMENT_3D('',#16023,#16024,#16025);
#16023 = CARTESIAN_POINT('',(201.499994,-189.039999,-4.5798E-02));
#16024 = DIRECTION('',(-0.,-0.,-1.));
#16025 = DIRECTION('',(-3.668737502311E-14,-1.,0.));
#16026 = ADVANCED_FACE('',(#16027),#16038,.F.);
#16027 = FACE_BOUND('',#16028,.T.);
#16028 = EDGE_LOOP('',(#16029,#16030,#16036,#16037));
#16029 = ORIENTED_EDGE('',*,*,#10117,.T.);
#16030 = ORIENTED_EDGE('',*,*,#16031,.T.);
#16031 = EDGE_CURVE('',#10118,#12761,#16032,.T.);
#16032 = LINE('',#16033,#16034);
#16033 = CARTESIAN_POINT('',(204.999997,-189.814699,-4.5798E-02));
#16034 = VECTOR('',#16035,1.);
#16035 = DIRECTION('',(0.,0.,1.));
#16036 = ORIENTED_EDGE('',*,*,#12760,.F.);
#16037 = ORIENTED_EDGE('',*,*,#16031,.F.);
#16038 = CYLINDRICAL_SURFACE('',#16039,0.7747);
#16039 = AXIS2_PLACEMENT_3D('',#16040,#16041,#16042);
#16040 = CARTESIAN_POINT('',(204.999997,-189.039999,-4.5798E-02));
#16041 = DIRECTION('',(-0.,-0.,-1.));
#16042 = DIRECTION('',(-0.,-1.,0.));
#16043 = ADVANCED_FACE('',(#16044),#16055,.F.);
#16044 = FACE_BOUND('',#16045,.T.);
#16045 = EDGE_LOOP('',(#16046,#16047,#16053,#16054));
#16046 = ORIENTED_EDGE('',*,*,#10128,.T.);
#16047 = ORIENTED_EDGE('',*,*,#16048,.T.);
#16048 = EDGE_CURVE('',#10129,#12772,#16049,.T.);
#16049 = LINE('',#16050,#16051);
#16050 = CARTESIAN_POINT('',(208.499998,-193.314701,-4.5798E-02));
#16051 = VECTOR('',#16052,1.);
#16052 = DIRECTION('',(0.,0.,1.));
#16053 = ORIENTED_EDGE('',*,*,#12771,.F.);
#16054 = ORIENTED_EDGE('',*,*,#16048,.F.);
#16055 = CYLINDRICAL_SURFACE('',#16056,0.7747);
#16056 = AXIS2_PLACEMENT_3D('',#16057,#16058,#16059);
#16057 = CARTESIAN_POINT('',(208.499998,-192.540001,-4.5798E-02));
#16058 = DIRECTION('',(-0.,-0.,-1.));
#16059 = DIRECTION('',(-0.,-1.,0.));
#16060 = ADVANCED_FACE('',(#16061),#16072,.F.);
#16061 = FACE_BOUND('',#16062,.T.);
#16062 = EDGE_LOOP('',(#16063,#16064,#16070,#16071));
#16063 = ORIENTED_EDGE('',*,*,#10139,.T.);
#16064 = ORIENTED_EDGE('',*,*,#16065,.T.);
#16065 = EDGE_CURVE('',#10140,#12783,#16066,.T.);
#16066 = LINE('',#16067,#16068);
#16067 = CARTESIAN_POINT('',(211.999999,-193.314701,-4.5798E-02));
#16068 = VECTOR('',#16069,1.);
#16069 = DIRECTION('',(0.,0.,1.));
#16070 = ORIENTED_EDGE('',*,*,#12782,.F.);
#16071 = ORIENTED_EDGE('',*,*,#16065,.F.);
#16072 = CYLINDRICAL_SURFACE('',#16073,0.7747);
#16073 = AXIS2_PLACEMENT_3D('',#16074,#16075,#16076);
#16074 = CARTESIAN_POINT('',(211.999999,-192.540001,-4.5798E-02));
#16075 = DIRECTION('',(-0.,-0.,-1.));
#16076 = DIRECTION('',(-0.,-1.,0.));
#16077 = ADVANCED_FACE('',(#16078),#16089,.F.);
#16078 = FACE_BOUND('',#16079,.T.);
#16079 = EDGE_LOOP('',(#16080,#16081,#16087,#16088));
#16080 = ORIENTED_EDGE('',*,*,#10150,.T.);
#16081 = ORIENTED_EDGE('',*,*,#16082,.T.);
#16082 = EDGE_CURVE('',#10151,#12794,#16083,.T.);
#16083 = LINE('',#16084,#16085);
#16084 = CARTESIAN_POINT('',(208.499998,-189.814699,-4.5798E-02));
#16085 = VECTOR('',#16086,1.);
#16086 = DIRECTION('',(0.,0.,1.));
#16087 = ORIENTED_EDGE('',*,*,#12793,.F.);
#16088 = ORIENTED_EDGE('',*,*,#16082,.F.);
#16089 = CYLINDRICAL_SURFACE('',#16090,0.7747);
#16090 = AXIS2_PLACEMENT_3D('',#16091,#16092,#16093);
#16091 = CARTESIAN_POINT('',(208.499998,-189.039999,-4.5798E-02));
#16092 = DIRECTION('',(-0.,-0.,-1.));
#16093 = DIRECTION('',(-0.,-1.,0.));
#16094 = ADVANCED_FACE('',(#16095),#16106,.F.);
#16095 = FACE_BOUND('',#16096,.T.);
#16096 = EDGE_LOOP('',(#16097,#16098,#16104,#16105));
#16097 = ORIENTED_EDGE('',*,*,#10161,.T.);
#16098 = ORIENTED_EDGE('',*,*,#16099,.T.);
#16099 = EDGE_CURVE('',#10162,#12805,#16100,.T.);
#16100 = LINE('',#16101,#16102);
#16101 = CARTESIAN_POINT('',(211.999999,-189.814699,-4.5798E-02));
#16102 = VECTOR('',#16103,1.);
#16103 = DIRECTION('',(0.,0.,1.));
#16104 = ORIENTED_EDGE('',*,*,#12804,.F.);
#16105 = ORIENTED_EDGE('',*,*,#16099,.F.);
#16106 = CYLINDRICAL_SURFACE('',#16107,0.7747);
#16107 = AXIS2_PLACEMENT_3D('',#16108,#16109,#16110);
#16108 = CARTESIAN_POINT('',(211.999999,-189.039999,-4.5798E-02));
#16109 = DIRECTION('',(-0.,-0.,-1.));
#16110 = DIRECTION('',(-0.,-1.,0.));
#16111 = ADVANCED_FACE('',(#16112),#16123,.F.);
#16112 = FACE_BOUND('',#16113,.T.);
#16113 = EDGE_LOOP('',(#16114,#16115,#16121,#16122));
#16114 = ORIENTED_EDGE('',*,*,#10172,.T.);
#16115 = ORIENTED_EDGE('',*,*,#16116,.T.);
#16116 = EDGE_CURVE('',#10173,#12816,#16117,.T.);
#16117 = LINE('',#16118,#16119);
#16118 = CARTESIAN_POINT('',(219.,-193.5193,-4.5798E-02));
#16119 = VECTOR('',#16120,1.);
#16120 = DIRECTION('',(0.,0.,1.));
#16121 = ORIENTED_EDGE('',*,*,#12815,.F.);
#16122 = ORIENTED_EDGE('',*,*,#16116,.F.);
#16123 = CYLINDRICAL_SURFACE('',#16124,2.0193);
#16124 = AXIS2_PLACEMENT_3D('',#16125,#16126,#16127);
#16125 = CARTESIAN_POINT('',(219.,-191.5,-4.5798E-02));
#16126 = DIRECTION('',(-0.,-0.,-1.));
#16127 = DIRECTION('',(-0.,-1.,0.));
#16128 = ADVANCED_FACE('',(#16129),#16140,.F.);
#16129 = FACE_BOUND('',#16130,.T.);
#16130 = EDGE_LOOP('',(#16131,#16132,#16138,#16139));
#16131 = ORIENTED_EDGE('',*,*,#10183,.T.);
#16132 = ORIENTED_EDGE('',*,*,#16133,.T.);
#16133 = EDGE_CURVE('',#10184,#12827,#16134,.T.);
#16134 = LINE('',#16135,#16136);
#16135 = CARTESIAN_POINT('',(241.073952,-192.6985,-4.5798E-02));
#16136 = VECTOR('',#16137,1.);
#16137 = DIRECTION('',(0.,0.,1.));
#16138 = ORIENTED_EDGE('',*,*,#12826,.F.);
#16139 = ORIENTED_EDGE('',*,*,#16133,.F.);
#16140 = CYLINDRICAL_SURFACE('',#16141,0.6985);
#16141 = AXIS2_PLACEMENT_3D('',#16142,#16143,#16144);
#16142 = CARTESIAN_POINT('',(241.073952,-192.,-4.5798E-02));
#16143 = DIRECTION('',(-0.,-0.,-1.));
#16144 = DIRECTION('',(-0.,-1.,0.));
#16145 = ADVANCED_FACE('',(#16146),#16157,.F.);
#16146 = FACE_BOUND('',#16147,.T.);
#16147 = EDGE_LOOP('',(#16148,#16149,#16155,#16156));
#16148 = ORIENTED_EDGE('',*,*,#10194,.T.);
#16149 = ORIENTED_EDGE('',*,*,#16150,.T.);
#16150 = EDGE_CURVE('',#10195,#12838,#16151,.T.);
#16151 = LINE('',#16152,#16153);
#16152 = CARTESIAN_POINT('',(244.573953,-192.6985,-4.5798E-02));
#16153 = VECTOR('',#16154,1.);
#16154 = DIRECTION('',(0.,0.,1.));
#16155 = ORIENTED_EDGE('',*,*,#12837,.F.);
#16156 = ORIENTED_EDGE('',*,*,#16150,.F.);
#16157 = CYLINDRICAL_SURFACE('',#16158,0.6985);
#16158 = AXIS2_PLACEMENT_3D('',#16159,#16160,#16161);
#16159 = CARTESIAN_POINT('',(244.573953,-192.,-4.5798E-02));
#16160 = DIRECTION('',(-0.,-0.,-1.));
#16161 = DIRECTION('',(-4.068963411654E-14,-1.,0.));
#16162 = ADVANCED_FACE('',(#16163),#16174,.F.);
#16163 = FACE_BOUND('',#16164,.T.);
#16164 = EDGE_LOOP('',(#16165,#16166,#16172,#16173));
#16165 = ORIENTED_EDGE('',*,*,#10205,.T.);
#16166 = ORIENTED_EDGE('',*,*,#16167,.T.);
#16167 = EDGE_CURVE('',#10206,#12849,#16168,.T.);
#16168 = LINE('',#16169,#16170);
#16169 = CARTESIAN_POINT('',(248.073953,-192.6985,-4.5798E-02));
#16170 = VECTOR('',#16171,1.);
#16171 = DIRECTION('',(0.,0.,1.));
#16172 = ORIENTED_EDGE('',*,*,#12848,.F.);
#16173 = ORIENTED_EDGE('',*,*,#16167,.F.);
#16174 = CYLINDRICAL_SURFACE('',#16175,0.6985);
#16175 = AXIS2_PLACEMENT_3D('',#16176,#16177,#16178);
#16176 = CARTESIAN_POINT('',(248.073953,-192.,-4.5798E-02));
#16177 = DIRECTION('',(-0.,-0.,-1.));
#16178 = DIRECTION('',(-4.068963411654E-14,-1.,0.));
#16179 = ADVANCED_FACE('',(#16180),#16191,.F.);
#16180 = FACE_BOUND('',#16181,.T.);
#16181 = EDGE_LOOP('',(#16182,#16183,#16189,#16190));
#16182 = ORIENTED_EDGE('',*,*,#10216,.T.);
#16183 = ORIENTED_EDGE('',*,*,#16184,.T.);
#16184 = EDGE_CURVE('',#10217,#12860,#16185,.T.);
#16185 = LINE('',#16186,#16187);
#16186 = CARTESIAN_POINT('',(251.573954,-192.6985,-4.5798E-02));
#16187 = VECTOR('',#16188,1.);
#16188 = DIRECTION('',(0.,0.,1.));
#16189 = ORIENTED_EDGE('',*,*,#12859,.F.);
#16190 = ORIENTED_EDGE('',*,*,#16184,.F.);
#16191 = CYLINDRICAL_SURFACE('',#16192,0.6985);
#16192 = AXIS2_PLACEMENT_3D('',#16193,#16194,#16195);
#16193 = CARTESIAN_POINT('',(251.573954,-192.,-4.5798E-02));
#16194 = DIRECTION('',(-0.,-0.,-1.));
#16195 = DIRECTION('',(-4.068963411654E-14,-1.,0.));
#16196 = ADVANCED_FACE('',(#16197),#16208,.F.);
#16197 = FACE_BOUND('',#16198,.T.);
#16198 = EDGE_LOOP('',(#16199,#16200,#16206,#16207));
#16199 = ORIENTED_EDGE('',*,*,#10227,.T.);
#16200 = ORIENTED_EDGE('',*,*,#16201,.T.);
#16201 = EDGE_CURVE('',#10228,#12871,#16202,.T.);
#16202 = LINE('',#16203,#16204);
#16203 = CARTESIAN_POINT('',(264.,-195.25,-4.5798E-02));
#16204 = VECTOR('',#16205,1.);
#16205 = DIRECTION('',(0.,0.,1.));
#16206 = ORIENTED_EDGE('',*,*,#12870,.F.);
#16207 = ORIENTED_EDGE('',*,*,#16201,.F.);
#16208 = CYLINDRICAL_SURFACE('',#16209,2.25);
#16209 = AXIS2_PLACEMENT_3D('',#16210,#16211,#16212);
#16210 = CARTESIAN_POINT('',(264.,-193.,-4.5798E-02));
#16211 = DIRECTION('',(-0.,-0.,-1.));
#16212 = DIRECTION('',(-0.,-1.,0.));
#16213 = ADVANCED_FACE('',(#16214),#16225,.F.);
#16214 = FACE_BOUND('',#16215,.T.);
#16215 = EDGE_LOOP('',(#16216,#16217,#16223,#16224));
#16216 = ORIENTED_EDGE('',*,*,#10238,.T.);
#16217 = ORIENTED_EDGE('',*,*,#16218,.T.);
#16218 = EDGE_CURVE('',#10239,#12882,#16219,.T.);
#16219 = LINE('',#16220,#16221);
#16220 = CARTESIAN_POINT('',(247.96,-181.5334,-4.5798E-02));
#16221 = VECTOR('',#16222,1.);
#16222 = DIRECTION('',(0.,0.,1.));
#16223 = ORIENTED_EDGE('',*,*,#12881,.F.);
#16224 = ORIENTED_EDGE('',*,*,#16218,.F.);
#16225 = CYLINDRICAL_SURFACE('',#16226,0.5334);
#16226 = AXIS2_PLACEMENT_3D('',#16227,#16228,#16229);
#16227 = CARTESIAN_POINT('',(247.96,-181.,-4.5798E-02));
#16228 = DIRECTION('',(-0.,-0.,-1.));
#16229 = DIRECTION('',(-0.,-1.,0.));
#16230 = ADVANCED_FACE('',(#16231),#16242,.F.);
#16231 = FACE_BOUND('',#16232,.T.);
#16232 = EDGE_LOOP('',(#16233,#16234,#16240,#16241));
#16233 = ORIENTED_EDGE('',*,*,#10249,.T.);
#16234 = ORIENTED_EDGE('',*,*,#16235,.T.);
#16235 = EDGE_CURVE('',#10250,#12893,#16236,.T.);
#16236 = LINE('',#16237,#16238);
#16237 = CARTESIAN_POINT('',(250.5,-181.5334,-4.5798E-02));
#16238 = VECTOR('',#16239,1.);
#16239 = DIRECTION('',(0.,0.,1.));
#16240 = ORIENTED_EDGE('',*,*,#12892,.F.);
#16241 = ORIENTED_EDGE('',*,*,#16235,.F.);
#16242 = CYLINDRICAL_SURFACE('',#16243,0.5334);
#16243 = AXIS2_PLACEMENT_3D('',#16244,#16245,#16246);
#16244 = CARTESIAN_POINT('',(250.5,-181.,-4.5798E-02));
#16245 = DIRECTION('',(-0.,-0.,-1.));
#16246 = DIRECTION('',(-0.,-1.,0.));
#16247 = ADVANCED_FACE('',(#16248),#16259,.F.);
#16248 = FACE_BOUND('',#16249,.T.);
#16249 = EDGE_LOOP('',(#16250,#16251,#16257,#16258));
#16250 = ORIENTED_EDGE('',*,*,#10260,.T.);
#16251 = ORIENTED_EDGE('',*,*,#16252,.T.);
#16252 = EDGE_CURVE('',#10261,#12904,#16253,.T.);
#16253 = LINE('',#16254,#16255);
#16254 = CARTESIAN_POINT('',(242.19,-176.3053,-4.5798E-02));
#16255 = VECTOR('',#16256,1.);
#16256 = DIRECTION('',(0.,0.,1.));
#16257 = ORIENTED_EDGE('',*,*,#12903,.F.);
#16258 = ORIENTED_EDGE('',*,*,#16252,.F.);
#16259 = CYLINDRICAL_SURFACE('',#16260,0.4953);
#16260 = AXIS2_PLACEMENT_3D('',#16261,#16262,#16263);
#16261 = CARTESIAN_POINT('',(242.19,-175.81,-4.5798E-02));
#16262 = DIRECTION('',(-0.,-0.,-1.));
#16263 = DIRECTION('',(-0.,-1.,0.));
#16264 = ADVANCED_FACE('',(#16265),#16276,.F.);
#16265 = FACE_BOUND('',#16266,.T.);
#16266 = EDGE_LOOP('',(#16267,#16268,#16274,#16275));
#16267 = ORIENTED_EDGE('',*,*,#10271,.T.);
#16268 = ORIENTED_EDGE('',*,*,#16269,.T.);
#16269 = EDGE_CURVE('',#10272,#12915,#16270,.T.);
#16270 = LINE('',#16271,#16272);
#16271 = CARTESIAN_POINT('',(244.73,-176.3053,-4.5798E-02));
#16272 = VECTOR('',#16273,1.);
#16273 = DIRECTION('',(0.,0.,1.));
#16274 = ORIENTED_EDGE('',*,*,#12914,.F.);
#16275 = ORIENTED_EDGE('',*,*,#16269,.F.);
#16276 = CYLINDRICAL_SURFACE('',#16277,0.4953);
#16277 = AXIS2_PLACEMENT_3D('',#16278,#16279,#16280);
#16278 = CARTESIAN_POINT('',(244.73,-175.81,-4.5798E-02));
#16279 = DIRECTION('',(-0.,-0.,-1.));
#16280 = DIRECTION('',(-5.738281734385E-14,-1.,0.));
#16281 = ADVANCED_FACE('',(#16282),#16293,.F.);
#16282 = FACE_BOUND('',#16283,.T.);
#16283 = EDGE_LOOP('',(#16284,#16285,#16291,#16292));
#16284 = ORIENTED_EDGE('',*,*,#10282,.T.);
#16285 = ORIENTED_EDGE('',*,*,#16286,.T.);
#16286 = EDGE_CURVE('',#10283,#12926,#16287,.T.);
#16287 = LINE('',#16288,#16289);
#16288 = CARTESIAN_POINT('',(247.27,-176.3053,-4.5798E-02));
#16289 = VECTOR('',#16290,1.);
#16290 = DIRECTION('',(0.,0.,1.));
#16291 = ORIENTED_EDGE('',*,*,#12925,.F.);
#16292 = ORIENTED_EDGE('',*,*,#16286,.F.);
#16293 = CYLINDRICAL_SURFACE('',#16294,0.4953);
#16294 = AXIS2_PLACEMENT_3D('',#16295,#16296,#16297);
#16295 = CARTESIAN_POINT('',(247.27,-175.81,-4.5798E-02));
#16296 = DIRECTION('',(-0.,0.,-1.));
#16297 = DIRECTION('',(5.738281734384E-14,-1.,-0.));
#16298 = ADVANCED_FACE('',(#16299),#16310,.F.);
#16299 = FACE_BOUND('',#16300,.T.);
#16300 = EDGE_LOOP('',(#16301,#16302,#16308,#16309));
#16301 = ORIENTED_EDGE('',*,*,#10293,.T.);
#16302 = ORIENTED_EDGE('',*,*,#16303,.T.);
#16303 = EDGE_CURVE('',#10294,#12937,#16304,.T.);
#16304 = LINE('',#16305,#16306);
#16305 = CARTESIAN_POINT('',(249.81,-176.3053,-4.5798E-02));
#16306 = VECTOR('',#16307,1.);
#16307 = DIRECTION('',(0.,0.,1.));
#16308 = ORIENTED_EDGE('',*,*,#12936,.F.);
#16309 = ORIENTED_EDGE('',*,*,#16303,.F.);
#16310 = CYLINDRICAL_SURFACE('',#16311,0.4953);
#16311 = AXIS2_PLACEMENT_3D('',#16312,#16313,#16314);
#16312 = CARTESIAN_POINT('',(249.81,-175.81,-4.5798E-02));
#16313 = DIRECTION('',(-0.,-0.,-1.));
#16314 = DIRECTION('',(-0.,-1.,0.));
#16315 = ADVANCED_FACE('',(#16316),#16327,.F.);
#16316 = FACE_BOUND('',#16317,.T.);
#16317 = EDGE_LOOP('',(#16318,#16319,#16325,#16326));
#16318 = ORIENTED_EDGE('',*,*,#10304,.T.);
#16319 = ORIENTED_EDGE('',*,*,#16320,.T.);
#16320 = EDGE_CURVE('',#10305,#12948,#16321,.T.);
#16321 = LINE('',#16322,#16323);
#16322 = CARTESIAN_POINT('',(242.19,-168.6853,-4.5798E-02));
#16323 = VECTOR('',#16324,1.);
#16324 = DIRECTION('',(0.,0.,1.));
#16325 = ORIENTED_EDGE('',*,*,#12947,.F.);
#16326 = ORIENTED_EDGE('',*,*,#16320,.F.);
#16327 = CYLINDRICAL_SURFACE('',#16328,0.4953);
#16328 = AXIS2_PLACEMENT_3D('',#16329,#16330,#16331);
#16329 = CARTESIAN_POINT('',(242.19,-168.19,-4.5798E-02));
#16330 = DIRECTION('',(-0.,-0.,-1.));
#16331 = DIRECTION('',(-0.,-1.,0.));
#16332 = ADVANCED_FACE('',(#16333),#16344,.F.);
#16333 = FACE_BOUND('',#16334,.T.);
#16334 = EDGE_LOOP('',(#16335,#16336,#16342,#16343));
#16335 = ORIENTED_EDGE('',*,*,#10315,.T.);
#16336 = ORIENTED_EDGE('',*,*,#16337,.T.);
#16337 = EDGE_CURVE('',#10316,#12959,#16338,.T.);
#16338 = LINE('',#16339,#16340);
#16339 = CARTESIAN_POINT('',(244.73,-168.6853,-4.5798E-02));
#16340 = VECTOR('',#16341,1.);
#16341 = DIRECTION('',(0.,0.,1.));
#16342 = ORIENTED_EDGE('',*,*,#12958,.F.);
#16343 = ORIENTED_EDGE('',*,*,#16337,.F.);
#16344 = CYLINDRICAL_SURFACE('',#16345,0.4953);
#16345 = AXIS2_PLACEMENT_3D('',#16346,#16347,#16348);
#16346 = CARTESIAN_POINT('',(244.73,-168.19,-4.5798E-02));
#16347 = DIRECTION('',(-0.,-0.,-1.));
#16348 = DIRECTION('',(-5.738281734385E-14,-1.,0.));
#16349 = ADVANCED_FACE('',(#16350),#16361,.F.);
#16350 = FACE_BOUND('',#16351,.T.);
#16351 = EDGE_LOOP('',(#16352,#16353,#16359,#16360));
#16352 = ORIENTED_EDGE('',*,*,#10326,.T.);
#16353 = ORIENTED_EDGE('',*,*,#16354,.T.);
#16354 = EDGE_CURVE('',#10327,#12970,#16355,.T.);
#16355 = LINE('',#16356,#16357);
#16356 = CARTESIAN_POINT('',(247.27,-168.6853,-4.5798E-02));
#16357 = VECTOR('',#16358,1.);
#16358 = DIRECTION('',(0.,0.,1.));
#16359 = ORIENTED_EDGE('',*,*,#12969,.F.);
#16360 = ORIENTED_EDGE('',*,*,#16354,.F.);
#16361 = CYLINDRICAL_SURFACE('',#16362,0.4953);
#16362 = AXIS2_PLACEMENT_3D('',#16363,#16364,#16365);
#16363 = CARTESIAN_POINT('',(247.27,-168.19,-4.5798E-02));
#16364 = DIRECTION('',(-0.,0.,-1.));
#16365 = DIRECTION('',(5.738281734384E-14,-1.,-0.));
#16366 = ADVANCED_FACE('',(#16367),#16378,.F.);
#16367 = FACE_BOUND('',#16368,.T.);
#16368 = EDGE_LOOP('',(#16369,#16370,#16376,#16377));
#16369 = ORIENTED_EDGE('',*,*,#10337,.T.);
#16370 = ORIENTED_EDGE('',*,*,#16371,.T.);
#16371 = EDGE_CURVE('',#10338,#12981,#16372,.T.);
#16372 = LINE('',#16373,#16374);
#16373 = CARTESIAN_POINT('',(249.81,-168.6853,-4.5798E-02));
#16374 = VECTOR('',#16375,1.);
#16375 = DIRECTION('',(0.,0.,1.));
#16376 = ORIENTED_EDGE('',*,*,#12980,.F.);
#16377 = ORIENTED_EDGE('',*,*,#16371,.F.);
#16378 = CYLINDRICAL_SURFACE('',#16379,0.4953);
#16379 = AXIS2_PLACEMENT_3D('',#16380,#16381,#16382);
#16380 = CARTESIAN_POINT('',(249.81,-168.19,-4.5798E-02));
#16381 = DIRECTION('',(-0.,-0.,-1.));
#16382 = DIRECTION('',(-0.,-1.,0.));
#16383 = ADVANCED_FACE('',(#16384),#16395,.F.);
#16384 = FACE_BOUND('',#16385,.T.);
#16385 = EDGE_LOOP('',(#16386,#16387,#16393,#16394));
#16386 = ORIENTED_EDGE('',*,*,#10348,.T.);
#16387 = ORIENTED_EDGE('',*,*,#16388,.T.);
#16388 = EDGE_CURVE('',#10349,#12992,#16389,.T.);
#16389 = LINE('',#16390,#16391);
#16390 = CARTESIAN_POINT('',(181.47,-140.388,-4.5798E-02));
#16391 = VECTOR('',#16392,1.);
#16392 = DIRECTION('',(0.,0.,1.));
#16393 = ORIENTED_EDGE('',*,*,#12991,.F.);
#16394 = ORIENTED_EDGE('',*,*,#16388,.F.);
#16395 = CYLINDRICAL_SURFACE('',#16396,0.508);
#16396 = AXIS2_PLACEMENT_3D('',#16397,#16398,#16399);
#16397 = CARTESIAN_POINT('',(181.47,-139.88,-4.5798E-02));
#16398 = DIRECTION('',(-0.,-0.,-1.));
#16399 = DIRECTION('',(-0.,-1.,0.));
#16400 = ADVANCED_FACE('',(#16401),#16412,.F.);
#16401 = FACE_BOUND('',#16402,.T.);
#16402 = EDGE_LOOP('',(#16403,#16404,#16410,#16411));
#16403 = ORIENTED_EDGE('',*,*,#10359,.T.);
#16404 = ORIENTED_EDGE('',*,*,#16405,.T.);
#16405 = EDGE_CURVE('',#10360,#13003,#16406,.T.);
#16406 = LINE('',#16407,#16408);
#16407 = CARTESIAN_POINT('',(181.47,-137.848,-4.5798E-02));
#16408 = VECTOR('',#16409,1.);
#16409 = DIRECTION('',(0.,0.,1.));
#16410 = ORIENTED_EDGE('',*,*,#13002,.F.);
#16411 = ORIENTED_EDGE('',*,*,#16405,.F.);
#16412 = CYLINDRICAL_SURFACE('',#16413,0.508);
#16413 = AXIS2_PLACEMENT_3D('',#16414,#16415,#16416);
#16414 = CARTESIAN_POINT('',(181.47,-137.34,-4.5798E-02));
#16415 = DIRECTION('',(-0.,-0.,-1.));
#16416 = DIRECTION('',(-0.,-1.,0.));
#16417 = ADVANCED_FACE('',(#16418),#16429,.F.);
#16418 = FACE_BOUND('',#16419,.T.);
#16419 = EDGE_LOOP('',(#16420,#16421,#16427,#16428));
#16420 = ORIENTED_EDGE('',*,*,#10370,.T.);
#16421 = ORIENTED_EDGE('',*,*,#16422,.T.);
#16422 = EDGE_CURVE('',#10371,#13014,#16423,.T.);
#16423 = LINE('',#16424,#16425);
#16424 = CARTESIAN_POINT('',(184.01,-140.388,-4.5798E-02));
#16425 = VECTOR('',#16426,1.);
#16426 = DIRECTION('',(0.,0.,1.));
#16427 = ORIENTED_EDGE('',*,*,#13013,.F.);
#16428 = ORIENTED_EDGE('',*,*,#16422,.F.);
#16429 = CYLINDRICAL_SURFACE('',#16430,0.508);
#16430 = AXIS2_PLACEMENT_3D('',#16431,#16432,#16433);
#16431 = CARTESIAN_POINT('',(184.01,-139.88,-4.5798E-02));
#16432 = DIRECTION('',(-0.,-0.,-1.));
#16433 = DIRECTION('',(-0.,-1.,0.));
#16434 = ADVANCED_FACE('',(#16435),#16446,.F.);
#16435 = FACE_BOUND('',#16436,.T.);
#16436 = EDGE_LOOP('',(#16437,#16438,#16444,#16445));
#16437 = ORIENTED_EDGE('',*,*,#10381,.T.);
#16438 = ORIENTED_EDGE('',*,*,#16439,.T.);
#16439 = EDGE_CURVE('',#10382,#13025,#16440,.T.);
#16440 = LINE('',#16441,#16442);
#16441 = CARTESIAN_POINT('',(186.55,-140.388,-4.5798E-02));
#16442 = VECTOR('',#16443,1.);
#16443 = DIRECTION('',(0.,0.,1.));
#16444 = ORIENTED_EDGE('',*,*,#13024,.F.);
#16445 = ORIENTED_EDGE('',*,*,#16439,.F.);
#16446 = CYLINDRICAL_SURFACE('',#16447,0.508);
#16447 = AXIS2_PLACEMENT_3D('',#16448,#16449,#16450);
#16448 = CARTESIAN_POINT('',(186.55,-139.88,-4.5798E-02));
#16449 = DIRECTION('',(-0.,-0.,-1.));
#16450 = DIRECTION('',(-0.,-1.,0.));
#16451 = ADVANCED_FACE('',(#16452),#16463,.F.);
#16452 = FACE_BOUND('',#16453,.T.);
#16453 = EDGE_LOOP('',(#16454,#16455,#16461,#16462));
#16454 = ORIENTED_EDGE('',*,*,#10392,.T.);
#16455 = ORIENTED_EDGE('',*,*,#16456,.T.);
#16456 = EDGE_CURVE('',#10393,#13036,#16457,.T.);
#16457 = LINE('',#16458,#16459);
#16458 = CARTESIAN_POINT('',(184.01,-137.848,-4.5798E-02));
#16459 = VECTOR('',#16460,1.);
#16460 = DIRECTION('',(0.,0.,1.));
#16461 = ORIENTED_EDGE('',*,*,#13035,.F.);
#16462 = ORIENTED_EDGE('',*,*,#16456,.F.);
#16463 = CYLINDRICAL_SURFACE('',#16464,0.508);
#16464 = AXIS2_PLACEMENT_3D('',#16465,#16466,#16467);
#16465 = CARTESIAN_POINT('',(184.01,-137.34,-4.5798E-02));
#16466 = DIRECTION('',(-0.,-0.,-1.));
#16467 = DIRECTION('',(-0.,-1.,0.));
#16468 = ADVANCED_FACE('',(#16469),#16480,.F.);
#16469 = FACE_BOUND('',#16470,.T.);
#16470 = EDGE_LOOP('',(#16471,#16472,#16478,#16479));
#16471 = ORIENTED_EDGE('',*,*,#10403,.T.);
#16472 = ORIENTED_EDGE('',*,*,#16473,.T.);
#16473 = EDGE_CURVE('',#10404,#13047,#16474,.T.);
#16474 = LINE('',#16475,#16476);
#16475 = CARTESIAN_POINT('',(186.55,-137.848,-4.5798E-02));
#16476 = VECTOR('',#16477,1.);
#16477 = DIRECTION('',(0.,0.,1.));
#16478 = ORIENTED_EDGE('',*,*,#13046,.F.);
#16479 = ORIENTED_EDGE('',*,*,#16473,.F.);
#16480 = CYLINDRICAL_SURFACE('',#16481,0.508);
#16481 = AXIS2_PLACEMENT_3D('',#16482,#16483,#16484);
#16482 = CARTESIAN_POINT('',(186.55,-137.34,-4.5798E-02));
#16483 = DIRECTION('',(-0.,-0.,-1.));
#16484 = DIRECTION('',(-0.,-1.,0.));
#16485 = ADVANCED_FACE('',(#16486),#16497,.F.);
#16486 = FACE_BOUND('',#16487,.T.);
#16487 = EDGE_LOOP('',(#16488,#16489,#16495,#16496));
#16488 = ORIENTED_EDGE('',*,*,#10414,.T.);
#16489 = ORIENTED_EDGE('',*,*,#16490,.T.);
#16490 = EDGE_CURVE('',#10415,#13058,#16491,.T.);
#16491 = LINE('',#16492,#16493);
#16492 = CARTESIAN_POINT('',(189.09,-140.388,-4.5798E-02));
#16493 = VECTOR('',#16494,1.);
#16494 = DIRECTION('',(0.,0.,1.));
#16495 = ORIENTED_EDGE('',*,*,#13057,.F.);
#16496 = ORIENTED_EDGE('',*,*,#16490,.F.);
#16497 = CYLINDRICAL_SURFACE('',#16498,0.508);
#16498 = AXIS2_PLACEMENT_3D('',#16499,#16500,#16501);
#16499 = CARTESIAN_POINT('',(189.09,-139.88,-4.5798E-02));
#16500 = DIRECTION('',(-0.,-0.,-1.));
#16501 = DIRECTION('',(-0.,-1.,0.));
#16502 = ADVANCED_FACE('',(#16503),#16514,.F.);
#16503 = FACE_BOUND('',#16504,.T.);
#16504 = EDGE_LOOP('',(#16505,#16506,#16512,#16513));
#16505 = ORIENTED_EDGE('',*,*,#10425,.T.);
#16506 = ORIENTED_EDGE('',*,*,#16507,.T.);
#16507 = EDGE_CURVE('',#10426,#13069,#16508,.T.);
#16508 = LINE('',#16509,#16510);
#16509 = CARTESIAN_POINT('',(191.63,-140.388,-4.5798E-02));
#16510 = VECTOR('',#16511,1.);
#16511 = DIRECTION('',(0.,0.,1.));
#16512 = ORIENTED_EDGE('',*,*,#13068,.F.);
#16513 = ORIENTED_EDGE('',*,*,#16507,.F.);
#16514 = CYLINDRICAL_SURFACE('',#16515,0.508);
#16515 = AXIS2_PLACEMENT_3D('',#16516,#16517,#16518);
#16516 = CARTESIAN_POINT('',(191.63,-139.88,-4.5798E-02));
#16517 = DIRECTION('',(-0.,-0.,-1.));
#16518 = DIRECTION('',(-0.,-1.,0.));
#16519 = ADVANCED_FACE('',(#16520),#16531,.F.);
#16520 = FACE_BOUND('',#16521,.T.);
#16521 = EDGE_LOOP('',(#16522,#16523,#16529,#16530));
#16522 = ORIENTED_EDGE('',*,*,#10436,.T.);
#16523 = ORIENTED_EDGE('',*,*,#16524,.T.);
#16524 = EDGE_CURVE('',#10437,#13080,#16525,.T.);
#16525 = LINE('',#16526,#16527);
#16526 = CARTESIAN_POINT('',(189.09,-137.848,-4.5798E-02));
#16527 = VECTOR('',#16528,1.);
#16528 = DIRECTION('',(0.,0.,1.));
#16529 = ORIENTED_EDGE('',*,*,#13079,.F.);
#16530 = ORIENTED_EDGE('',*,*,#16524,.F.);
#16531 = CYLINDRICAL_SURFACE('',#16532,0.508);
#16532 = AXIS2_PLACEMENT_3D('',#16533,#16534,#16535);
#16533 = CARTESIAN_POINT('',(189.09,-137.34,-4.5798E-02));
#16534 = DIRECTION('',(-0.,-0.,-1.));
#16535 = DIRECTION('',(-0.,-1.,0.));
#16536 = ADVANCED_FACE('',(#16537),#16548,.F.);
#16537 = FACE_BOUND('',#16538,.T.);
#16538 = EDGE_LOOP('',(#16539,#16540,#16546,#16547));
#16539 = ORIENTED_EDGE('',*,*,#10447,.T.);
#16540 = ORIENTED_EDGE('',*,*,#16541,.T.);
#16541 = EDGE_CURVE('',#10448,#13091,#16542,.T.);
#16542 = LINE('',#16543,#16544);
#16543 = CARTESIAN_POINT('',(191.63,-137.848,-4.5798E-02));
#16544 = VECTOR('',#16545,1.);
#16545 = DIRECTION('',(0.,0.,1.));
#16546 = ORIENTED_EDGE('',*,*,#13090,.F.);
#16547 = ORIENTED_EDGE('',*,*,#16541,.F.);
#16548 = CYLINDRICAL_SURFACE('',#16549,0.508);
#16549 = AXIS2_PLACEMENT_3D('',#16550,#16551,#16552);
#16550 = CARTESIAN_POINT('',(191.63,-137.34,-4.5798E-02));
#16551 = DIRECTION('',(-0.,-0.,-1.));
#16552 = DIRECTION('',(-0.,-1.,0.));
#16553 = ADVANCED_FACE('',(#16554),#16565,.F.);
#16554 = FACE_BOUND('',#16555,.T.);
#16555 = EDGE_LOOP('',(#16556,#16557,#16563,#16564));
#16556 = ORIENTED_EDGE('',*,*,#10458,.T.);
#16557 = ORIENTED_EDGE('',*,*,#16558,.T.);
#16558 = EDGE_CURVE('',#10459,#13102,#16559,.T.);
#16559 = LINE('',#16560,#16561);
#16560 = CARTESIAN_POINT('',(194.17,-140.388,-4.5798E-02));
#16561 = VECTOR('',#16562,1.);
#16562 = DIRECTION('',(0.,0.,1.));
#16563 = ORIENTED_EDGE('',*,*,#13101,.F.);
#16564 = ORIENTED_EDGE('',*,*,#16558,.F.);
#16565 = CYLINDRICAL_SURFACE('',#16566,0.508);
#16566 = AXIS2_PLACEMENT_3D('',#16567,#16568,#16569);
#16567 = CARTESIAN_POINT('',(194.17,-139.88,-4.5798E-02));
#16568 = DIRECTION('',(-0.,-0.,-1.));
#16569 = DIRECTION('',(-5.594824691025E-14,-1.,0.));
#16570 = ADVANCED_FACE('',(#16571),#16582,.F.);
#16571 = FACE_BOUND('',#16572,.T.);
#16572 = EDGE_LOOP('',(#16573,#16574,#16580,#16581));
#16573 = ORIENTED_EDGE('',*,*,#10469,.T.);
#16574 = ORIENTED_EDGE('',*,*,#16575,.T.);
#16575 = EDGE_CURVE('',#10470,#13113,#16576,.T.);
#16576 = LINE('',#16577,#16578);
#16577 = CARTESIAN_POINT('',(196.71,-140.388,-4.5798E-02));
#16578 = VECTOR('',#16579,1.);
#16579 = DIRECTION('',(0.,0.,1.));
#16580 = ORIENTED_EDGE('',*,*,#13112,.F.);
#16581 = ORIENTED_EDGE('',*,*,#16575,.F.);
#16582 = CYLINDRICAL_SURFACE('',#16583,0.508);
#16583 = AXIS2_PLACEMENT_3D('',#16584,#16585,#16586);
#16584 = CARTESIAN_POINT('',(196.71,-139.88,-4.5798E-02));
#16585 = DIRECTION('',(-0.,0.,-1.));
#16586 = DIRECTION('',(5.594824691024E-14,-1.,-0.));
#16587 = ADVANCED_FACE('',(#16588),#16599,.F.);
#16588 = FACE_BOUND('',#16589,.T.);
#16589 = EDGE_LOOP('',(#16590,#16591,#16597,#16598));
#16590 = ORIENTED_EDGE('',*,*,#10480,.T.);
#16591 = ORIENTED_EDGE('',*,*,#16592,.T.);
#16592 = EDGE_CURVE('',#10481,#13124,#16593,.T.);
#16593 = LINE('',#16594,#16595);
#16594 = CARTESIAN_POINT('',(199.25,-140.388,-4.5798E-02));
#16595 = VECTOR('',#16596,1.);
#16596 = DIRECTION('',(0.,0.,1.));
#16597 = ORIENTED_EDGE('',*,*,#13123,.F.);
#16598 = ORIENTED_EDGE('',*,*,#16592,.F.);
#16599 = CYLINDRICAL_SURFACE('',#16600,0.508);
#16600 = AXIS2_PLACEMENT_3D('',#16601,#16602,#16603);
#16601 = CARTESIAN_POINT('',(199.25,-139.88,-4.5798E-02));
#16602 = DIRECTION('',(-0.,-0.,-1.));
#16603 = DIRECTION('',(-0.,-1.,0.));
#16604 = ADVANCED_FACE('',(#16605),#16616,.F.);
#16605 = FACE_BOUND('',#16606,.T.);
#16606 = EDGE_LOOP('',(#16607,#16608,#16614,#16615));
#16607 = ORIENTED_EDGE('',*,*,#10491,.T.);
#16608 = ORIENTED_EDGE('',*,*,#16609,.T.);
#16609 = EDGE_CURVE('',#10492,#13135,#16610,.T.);
#16610 = LINE('',#16611,#16612);
#16611 = CARTESIAN_POINT('',(194.17,-137.848,-4.5798E-02));
#16612 = VECTOR('',#16613,1.);
#16613 = DIRECTION('',(0.,0.,1.));
#16614 = ORIENTED_EDGE('',*,*,#13134,.F.);
#16615 = ORIENTED_EDGE('',*,*,#16609,.F.);
#16616 = CYLINDRICAL_SURFACE('',#16617,0.508);
#16617 = AXIS2_PLACEMENT_3D('',#16618,#16619,#16620);
#16618 = CARTESIAN_POINT('',(194.17,-137.34,-4.5798E-02));
#16619 = DIRECTION('',(-0.,-0.,-1.));
#16620 = DIRECTION('',(-5.594824691025E-14,-1.,0.));
#16621 = ADVANCED_FACE('',(#16622),#16633,.F.);
#16622 = FACE_BOUND('',#16623,.T.);
#16623 = EDGE_LOOP('',(#16624,#16625,#16631,#16632));
#16624 = ORIENTED_EDGE('',*,*,#10502,.T.);
#16625 = ORIENTED_EDGE('',*,*,#16626,.T.);
#16626 = EDGE_CURVE('',#10503,#13146,#16627,.T.);
#16627 = LINE('',#16628,#16629);
#16628 = CARTESIAN_POINT('',(196.71,-137.848,-4.5798E-02));
#16629 = VECTOR('',#16630,1.);
#16630 = DIRECTION('',(0.,0.,1.));
#16631 = ORIENTED_EDGE('',*,*,#13145,.F.);
#16632 = ORIENTED_EDGE('',*,*,#16626,.F.);
#16633 = CYLINDRICAL_SURFACE('',#16634,0.508);
#16634 = AXIS2_PLACEMENT_3D('',#16635,#16636,#16637);
#16635 = CARTESIAN_POINT('',(196.71,-137.34,-4.5798E-02));
#16636 = DIRECTION('',(-0.,0.,-1.));
#16637 = DIRECTION('',(5.594824691024E-14,-1.,-0.));
#16638 = ADVANCED_FACE('',(#16639),#16650,.F.);
#16639 = FACE_BOUND('',#16640,.T.);
#16640 = EDGE_LOOP('',(#16641,#16642,#16648,#16649));
#16641 = ORIENTED_EDGE('',*,*,#10513,.T.);
#16642 = ORIENTED_EDGE('',*,*,#16643,.T.);
#16643 = EDGE_CURVE('',#10514,#13157,#16644,.T.);
#16644 = LINE('',#16645,#16646);
#16645 = CARTESIAN_POINT('',(199.25,-137.848,-4.5798E-02));
#16646 = VECTOR('',#16647,1.);
#16647 = DIRECTION('',(0.,0.,1.));
#16648 = ORIENTED_EDGE('',*,*,#13156,.F.);
#16649 = ORIENTED_EDGE('',*,*,#16643,.F.);
#16650 = CYLINDRICAL_SURFACE('',#16651,0.508);
#16651 = AXIS2_PLACEMENT_3D('',#16652,#16653,#16654);
#16652 = CARTESIAN_POINT('',(199.25,-137.34,-4.5798E-02));
#16653 = DIRECTION('',(-0.,-0.,-1.));
#16654 = DIRECTION('',(-0.,-1.,0.));
#16655 = ADVANCED_FACE('',(#16656),#16667,.F.);
#16656 = FACE_BOUND('',#16657,.T.);
#16657 = EDGE_LOOP('',(#16658,#16659,#16665,#16666));
#16658 = ORIENTED_EDGE('',*,*,#10524,.T.);
#16659 = ORIENTED_EDGE('',*,*,#16660,.T.);
#16660 = EDGE_CURVE('',#10525,#13168,#16661,.T.);
#16661 = LINE('',#16662,#16663);
#16662 = CARTESIAN_POINT('',(201.79,-140.388,-4.5798E-02));
#16663 = VECTOR('',#16664,1.);
#16664 = DIRECTION('',(0.,0.,1.));
#16665 = ORIENTED_EDGE('',*,*,#13167,.F.);
#16666 = ORIENTED_EDGE('',*,*,#16660,.F.);
#16667 = CYLINDRICAL_SURFACE('',#16668,0.508);
#16668 = AXIS2_PLACEMENT_3D('',#16669,#16670,#16671);
#16669 = CARTESIAN_POINT('',(201.79,-139.88,-4.5798E-02));
#16670 = DIRECTION('',(-0.,-0.,-1.));
#16671 = DIRECTION('',(-5.594824691025E-14,-1.,0.));
#16672 = ADVANCED_FACE('',(#16673),#16684,.F.);
#16673 = FACE_BOUND('',#16674,.T.);
#16674 = EDGE_LOOP('',(#16675,#16676,#16682,#16683));
#16675 = ORIENTED_EDGE('',*,*,#10535,.T.);
#16676 = ORIENTED_EDGE('',*,*,#16677,.T.);
#16677 = EDGE_CURVE('',#10536,#13179,#16678,.T.);
#16678 = LINE('',#16679,#16680);
#16679 = CARTESIAN_POINT('',(204.33,-140.388,-4.5798E-02));
#16680 = VECTOR('',#16681,1.);
#16681 = DIRECTION('',(0.,0.,1.));
#16682 = ORIENTED_EDGE('',*,*,#13178,.F.);
#16683 = ORIENTED_EDGE('',*,*,#16677,.F.);
#16684 = CYLINDRICAL_SURFACE('',#16685,0.508);
#16685 = AXIS2_PLACEMENT_3D('',#16686,#16687,#16688);
#16686 = CARTESIAN_POINT('',(204.33,-139.88,-4.5798E-02));
#16687 = DIRECTION('',(-0.,0.,-1.));
#16688 = DIRECTION('',(5.594824691024E-14,-1.,-0.));
#16689 = ADVANCED_FACE('',(#16690),#16701,.F.);
#16690 = FACE_BOUND('',#16691,.T.);
#16691 = EDGE_LOOP('',(#16692,#16693,#16699,#16700));
#16692 = ORIENTED_EDGE('',*,*,#10546,.T.);
#16693 = ORIENTED_EDGE('',*,*,#16694,.T.);
#16694 = EDGE_CURVE('',#10547,#13190,#16695,.T.);
#16695 = LINE('',#16696,#16697);
#16696 = CARTESIAN_POINT('',(201.79,-137.848,-4.5798E-02));
#16697 = VECTOR('',#16698,1.);
#16698 = DIRECTION('',(0.,0.,1.));
#16699 = ORIENTED_EDGE('',*,*,#13189,.F.);
#16700 = ORIENTED_EDGE('',*,*,#16694,.F.);
#16701 = CYLINDRICAL_SURFACE('',#16702,0.508);
#16702 = AXIS2_PLACEMENT_3D('',#16703,#16704,#16705);
#16703 = CARTESIAN_POINT('',(201.79,-137.34,-4.5798E-02));
#16704 = DIRECTION('',(-0.,-0.,-1.));
#16705 = DIRECTION('',(-5.594824691025E-14,-1.,0.));
#16706 = ADVANCED_FACE('',(#16707),#16718,.F.);
#16707 = FACE_BOUND('',#16708,.T.);
#16708 = EDGE_LOOP('',(#16709,#16710,#16716,#16717));
#16709 = ORIENTED_EDGE('',*,*,#10557,.T.);
#16710 = ORIENTED_EDGE('',*,*,#16711,.T.);
#16711 = EDGE_CURVE('',#10558,#13201,#16712,.T.);
#16712 = LINE('',#16713,#16714);
#16713 = CARTESIAN_POINT('',(204.33,-137.848,-4.5798E-02));
#16714 = VECTOR('',#16715,1.);
#16715 = DIRECTION('',(0.,0.,1.));
#16716 = ORIENTED_EDGE('',*,*,#13200,.F.);
#16717 = ORIENTED_EDGE('',*,*,#16711,.F.);
#16718 = CYLINDRICAL_SURFACE('',#16719,0.508);
#16719 = AXIS2_PLACEMENT_3D('',#16720,#16721,#16722);
#16720 = CARTESIAN_POINT('',(204.33,-137.34,-4.5798E-02));
#16721 = DIRECTION('',(-0.,0.,-1.));
#16722 = DIRECTION('',(5.594824691024E-14,-1.,-0.));
#16723 = ADVANCED_FACE('',(#16724),#16735,.F.);
#16724 = FACE_BOUND('',#16725,.T.);
#16725 = EDGE_LOOP('',(#16726,#16727,#16733,#16734));
#16726 = ORIENTED_EDGE('',*,*,#10568,.T.);
#16727 = ORIENTED_EDGE('',*,*,#16728,.T.);
#16728 = EDGE_CURVE('',#10569,#13212,#16729,.T.);
#16729 = LINE('',#16730,#16731);
#16730 = CARTESIAN_POINT('',(206.87,-140.388,-4.5798E-02));
#16731 = VECTOR('',#16732,1.);
#16732 = DIRECTION('',(0.,0.,1.));
#16733 = ORIENTED_EDGE('',*,*,#13211,.F.);
#16734 = ORIENTED_EDGE('',*,*,#16728,.F.);
#16735 = CYLINDRICAL_SURFACE('',#16736,0.508);
#16736 = AXIS2_PLACEMENT_3D('',#16737,#16738,#16739);
#16737 = CARTESIAN_POINT('',(206.87,-139.88,-4.5798E-02));
#16738 = DIRECTION('',(-0.,-0.,-1.));
#16739 = DIRECTION('',(-0.,-1.,0.));
#16740 = ADVANCED_FACE('',(#16741),#16752,.F.);
#16741 = FACE_BOUND('',#16742,.T.);
#16742 = EDGE_LOOP('',(#16743,#16744,#16750,#16751));
#16743 = ORIENTED_EDGE('',*,*,#10579,.T.);
#16744 = ORIENTED_EDGE('',*,*,#16745,.T.);
#16745 = EDGE_CURVE('',#10580,#13223,#16746,.T.);
#16746 = LINE('',#16747,#16748);
#16747 = CARTESIAN_POINT('',(209.41,-140.388,-4.5798E-02));
#16748 = VECTOR('',#16749,1.);
#16749 = DIRECTION('',(0.,0.,1.));
#16750 = ORIENTED_EDGE('',*,*,#13222,.F.);
#16751 = ORIENTED_EDGE('',*,*,#16745,.F.);
#16752 = CYLINDRICAL_SURFACE('',#16753,0.508);
#16753 = AXIS2_PLACEMENT_3D('',#16754,#16755,#16756);
#16754 = CARTESIAN_POINT('',(209.41,-139.88,-4.5798E-02));
#16755 = DIRECTION('',(-0.,-0.,-1.));
#16756 = DIRECTION('',(-0.,-1.,0.));
#16757 = ADVANCED_FACE('',(#16758),#16769,.F.);
#16758 = FACE_BOUND('',#16759,.T.);
#16759 = EDGE_LOOP('',(#16760,#16761,#16767,#16768));
#16760 = ORIENTED_EDGE('',*,*,#10590,.T.);
#16761 = ORIENTED_EDGE('',*,*,#16762,.T.);
#16762 = EDGE_CURVE('',#10591,#13234,#16763,.T.);
#16763 = LINE('',#16764,#16765);
#16764 = CARTESIAN_POINT('',(211.95,-140.388,-4.5798E-02));
#16765 = VECTOR('',#16766,1.);
#16766 = DIRECTION('',(0.,0.,1.));
#16767 = ORIENTED_EDGE('',*,*,#13233,.F.);
#16768 = ORIENTED_EDGE('',*,*,#16762,.F.);
#16769 = CYLINDRICAL_SURFACE('',#16770,0.508);
#16770 = AXIS2_PLACEMENT_3D('',#16771,#16772,#16773);
#16771 = CARTESIAN_POINT('',(211.95,-139.88,-4.5798E-02));
#16772 = DIRECTION('',(-0.,-0.,-1.));
#16773 = DIRECTION('',(-0.,-1.,0.));
#16774 = ADVANCED_FACE('',(#16775),#16786,.F.);
#16775 = FACE_BOUND('',#16776,.T.);
#16776 = EDGE_LOOP('',(#16777,#16778,#16784,#16785));
#16777 = ORIENTED_EDGE('',*,*,#10601,.T.);
#16778 = ORIENTED_EDGE('',*,*,#16779,.T.);
#16779 = EDGE_CURVE('',#10602,#13245,#16780,.T.);
#16780 = LINE('',#16781,#16782);
#16781 = CARTESIAN_POINT('',(206.87,-137.848,-4.5798E-02));
#16782 = VECTOR('',#16783,1.);
#16783 = DIRECTION('',(0.,0.,1.));
#16784 = ORIENTED_EDGE('',*,*,#13244,.F.);
#16785 = ORIENTED_EDGE('',*,*,#16779,.F.);
#16786 = CYLINDRICAL_SURFACE('',#16787,0.508);
#16787 = AXIS2_PLACEMENT_3D('',#16788,#16789,#16790);
#16788 = CARTESIAN_POINT('',(206.87,-137.34,-4.5798E-02));
#16789 = DIRECTION('',(-0.,-0.,-1.));
#16790 = DIRECTION('',(-0.,-1.,0.));
#16791 = ADVANCED_FACE('',(#16792),#16803,.F.);
#16792 = FACE_BOUND('',#16793,.T.);
#16793 = EDGE_LOOP('',(#16794,#16795,#16801,#16802));
#16794 = ORIENTED_EDGE('',*,*,#10612,.T.);
#16795 = ORIENTED_EDGE('',*,*,#16796,.T.);
#16796 = EDGE_CURVE('',#10613,#13256,#16797,.T.);
#16797 = LINE('',#16798,#16799);
#16798 = CARTESIAN_POINT('',(209.41,-137.848,-4.5798E-02));
#16799 = VECTOR('',#16800,1.);
#16800 = DIRECTION('',(0.,0.,1.));
#16801 = ORIENTED_EDGE('',*,*,#13255,.F.);
#16802 = ORIENTED_EDGE('',*,*,#16796,.F.);
#16803 = CYLINDRICAL_SURFACE('',#16804,0.508);
#16804 = AXIS2_PLACEMENT_3D('',#16805,#16806,#16807);
#16805 = CARTESIAN_POINT('',(209.41,-137.34,-4.5798E-02));
#16806 = DIRECTION('',(-0.,-0.,-1.));
#16807 = DIRECTION('',(-0.,-1.,0.));
#16808 = ADVANCED_FACE('',(#16809),#16820,.F.);
#16809 = FACE_BOUND('',#16810,.T.);
#16810 = EDGE_LOOP('',(#16811,#16812,#16818,#16819));
#16811 = ORIENTED_EDGE('',*,*,#10623,.T.);
#16812 = ORIENTED_EDGE('',*,*,#16813,.T.);
#16813 = EDGE_CURVE('',#10624,#13267,#16814,.T.);
#16814 = LINE('',#16815,#16816);
#16815 = CARTESIAN_POINT('',(211.95,-137.848,-4.5798E-02));
#16816 = VECTOR('',#16817,1.);
#16817 = DIRECTION('',(0.,0.,1.));
#16818 = ORIENTED_EDGE('',*,*,#13266,.F.);
#16819 = ORIENTED_EDGE('',*,*,#16813,.F.);
#16820 = CYLINDRICAL_SURFACE('',#16821,0.508);
#16821 = AXIS2_PLACEMENT_3D('',#16822,#16823,#16824);
#16822 = CARTESIAN_POINT('',(211.95,-137.34,-4.5798E-02));
#16823 = DIRECTION('',(-0.,-0.,-1.));
#16824 = DIRECTION('',(-0.,-1.,0.));
#16825 = ADVANCED_FACE('',(#16826),#16837,.F.);
#16826 = FACE_BOUND('',#16827,.T.);
#16827 = EDGE_LOOP('',(#16828,#16829,#16835,#16836));
#16828 = ORIENTED_EDGE('',*,*,#10634,.T.);
#16829 = ORIENTED_EDGE('',*,*,#16830,.T.);
#16830 = EDGE_CURVE('',#10635,#13278,#16831,.T.);
#16831 = LINE('',#16832,#16833);
#16832 = CARTESIAN_POINT('',(214.49,-140.388,-4.5798E-02));
#16833 = VECTOR('',#16834,1.);
#16834 = DIRECTION('',(0.,0.,1.));
#16835 = ORIENTED_EDGE('',*,*,#13277,.F.);
#16836 = ORIENTED_EDGE('',*,*,#16830,.F.);
#16837 = CYLINDRICAL_SURFACE('',#16838,0.508);
#16838 = AXIS2_PLACEMENT_3D('',#16839,#16840,#16841);
#16839 = CARTESIAN_POINT('',(214.49,-139.88,-4.5798E-02));
#16840 = DIRECTION('',(-0.,-0.,-1.));
#16841 = DIRECTION('',(-0.,-1.,0.));
#16842 = ADVANCED_FACE('',(#16843),#16854,.F.);
#16843 = FACE_BOUND('',#16844,.T.);
#16844 = EDGE_LOOP('',(#16845,#16846,#16852,#16853));
#16845 = ORIENTED_EDGE('',*,*,#10645,.T.);
#16846 = ORIENTED_EDGE('',*,*,#16847,.T.);
#16847 = EDGE_CURVE('',#10646,#13289,#16848,.T.);
#16848 = LINE('',#16849,#16850);
#16849 = CARTESIAN_POINT('',(217.03,-140.388,-4.5798E-02));
#16850 = VECTOR('',#16851,1.);
#16851 = DIRECTION('',(0.,0.,1.));
#16852 = ORIENTED_EDGE('',*,*,#13288,.F.);
#16853 = ORIENTED_EDGE('',*,*,#16847,.F.);
#16854 = CYLINDRICAL_SURFACE('',#16855,0.508);
#16855 = AXIS2_PLACEMENT_3D('',#16856,#16857,#16858);
#16856 = CARTESIAN_POINT('',(217.03,-139.88,-4.5798E-02));
#16857 = DIRECTION('',(-0.,-0.,-1.));
#16858 = DIRECTION('',(-0.,-1.,0.));
#16859 = ADVANCED_FACE('',(#16860),#16871,.F.);
#16860 = FACE_BOUND('',#16861,.T.);
#16861 = EDGE_LOOP('',(#16862,#16863,#16869,#16870));
#16862 = ORIENTED_EDGE('',*,*,#10656,.T.);
#16863 = ORIENTED_EDGE('',*,*,#16864,.T.);
#16864 = EDGE_CURVE('',#10657,#13300,#16865,.T.);
#16865 = LINE('',#16866,#16867);
#16866 = CARTESIAN_POINT('',(214.49,-137.848,-4.5798E-02));
#16867 = VECTOR('',#16868,1.);
#16868 = DIRECTION('',(0.,0.,1.));
#16869 = ORIENTED_EDGE('',*,*,#13299,.F.);
#16870 = ORIENTED_EDGE('',*,*,#16864,.F.);
#16871 = CYLINDRICAL_SURFACE('',#16872,0.508);
#16872 = AXIS2_PLACEMENT_3D('',#16873,#16874,#16875);
#16873 = CARTESIAN_POINT('',(214.49,-137.34,-4.5798E-02));
#16874 = DIRECTION('',(-0.,-0.,-1.));
#16875 = DIRECTION('',(-0.,-1.,0.));
#16876 = ADVANCED_FACE('',(#16877),#16888,.F.);
#16877 = FACE_BOUND('',#16878,.T.);
#16878 = EDGE_LOOP('',(#16879,#16880,#16886,#16887));
#16879 = ORIENTED_EDGE('',*,*,#10667,.T.);
#16880 = ORIENTED_EDGE('',*,*,#16881,.T.);
#16881 = EDGE_CURVE('',#10668,#13311,#16882,.T.);
#16882 = LINE('',#16883,#16884);
#16883 = CARTESIAN_POINT('',(217.03,-137.848,-4.5798E-02));
#16884 = VECTOR('',#16885,1.);
#16885 = DIRECTION('',(0.,0.,1.));
#16886 = ORIENTED_EDGE('',*,*,#13310,.F.);
#16887 = ORIENTED_EDGE('',*,*,#16881,.F.);
#16888 = CYLINDRICAL_SURFACE('',#16889,0.508);
#16889 = AXIS2_PLACEMENT_3D('',#16890,#16891,#16892);
#16890 = CARTESIAN_POINT('',(217.03,-137.34,-4.5798E-02));
#16891 = DIRECTION('',(-0.,-0.,-1.));
#16892 = DIRECTION('',(-0.,-1.,0.));
#16893 = ADVANCED_FACE('',(#16894),#16905,.F.);
#16894 = FACE_BOUND('',#16895,.T.);
#16895 = EDGE_LOOP('',(#16896,#16897,#16903,#16904));
#16896 = ORIENTED_EDGE('',*,*,#10678,.T.);
#16897 = ORIENTED_EDGE('',*,*,#16898,.T.);
#16898 = EDGE_CURVE('',#10679,#13322,#16899,.T.);
#16899 = LINE('',#16900,#16901);
#16900 = CARTESIAN_POINT('',(219.57,-140.388,-4.5798E-02));
#16901 = VECTOR('',#16902,1.);
#16902 = DIRECTION('',(0.,0.,1.));
#16903 = ORIENTED_EDGE('',*,*,#13321,.F.);
#16904 = ORIENTED_EDGE('',*,*,#16898,.F.);
#16905 = CYLINDRICAL_SURFACE('',#16906,0.508);
#16906 = AXIS2_PLACEMENT_3D('',#16907,#16908,#16909);
#16907 = CARTESIAN_POINT('',(219.57,-139.88,-4.5798E-02));
#16908 = DIRECTION('',(-0.,-0.,-1.));
#16909 = DIRECTION('',(-0.,-1.,0.));
#16910 = ADVANCED_FACE('',(#16911),#16922,.F.);
#16911 = FACE_BOUND('',#16912,.T.);
#16912 = EDGE_LOOP('',(#16913,#16914,#16920,#16921));
#16913 = ORIENTED_EDGE('',*,*,#10689,.T.);
#16914 = ORIENTED_EDGE('',*,*,#16915,.T.);
#16915 = EDGE_CURVE('',#10690,#13333,#16916,.T.);
#16916 = LINE('',#16917,#16918);
#16917 = CARTESIAN_POINT('',(222.11,-140.388,-4.5798E-02));
#16918 = VECTOR('',#16919,1.);
#16919 = DIRECTION('',(0.,0.,1.));
#16920 = ORIENTED_EDGE('',*,*,#13332,.F.);
#16921 = ORIENTED_EDGE('',*,*,#16915,.F.);
#16922 = CYLINDRICAL_SURFACE('',#16923,0.508);
#16923 = AXIS2_PLACEMENT_3D('',#16924,#16925,#16926);
#16924 = CARTESIAN_POINT('',(222.11,-139.88,-4.5798E-02));
#16925 = DIRECTION('',(-0.,-0.,-1.));
#16926 = DIRECTION('',(-0.,-1.,0.));
#16927 = ADVANCED_FACE('',(#16928),#16939,.F.);
#16928 = FACE_BOUND('',#16929,.T.);
#16929 = EDGE_LOOP('',(#16930,#16931,#16937,#16938));
#16930 = ORIENTED_EDGE('',*,*,#10700,.T.);
#16931 = ORIENTED_EDGE('',*,*,#16932,.T.);
#16932 = EDGE_CURVE('',#10701,#13344,#16933,.T.);
#16933 = LINE('',#16934,#16935);
#16934 = CARTESIAN_POINT('',(219.57,-137.848,-4.5798E-02));
#16935 = VECTOR('',#16936,1.);
#16936 = DIRECTION('',(0.,0.,1.));
#16937 = ORIENTED_EDGE('',*,*,#13343,.F.);
#16938 = ORIENTED_EDGE('',*,*,#16932,.F.);
#16939 = CYLINDRICAL_SURFACE('',#16940,0.508);
#16940 = AXIS2_PLACEMENT_3D('',#16941,#16942,#16943);
#16941 = CARTESIAN_POINT('',(219.57,-137.34,-4.5798E-02));
#16942 = DIRECTION('',(-0.,-0.,-1.));
#16943 = DIRECTION('',(-0.,-1.,0.));
#16944 = ADVANCED_FACE('',(#16945),#16956,.F.);
#16945 = FACE_BOUND('',#16946,.T.);
#16946 = EDGE_LOOP('',(#16947,#16948,#16954,#16955));
#16947 = ORIENTED_EDGE('',*,*,#10711,.T.);
#16948 = ORIENTED_EDGE('',*,*,#16949,.T.);
#16949 = EDGE_CURVE('',#10712,#13355,#16950,.T.);
#16950 = LINE('',#16951,#16952);
#16951 = CARTESIAN_POINT('',(222.11,-137.848,-4.5798E-02));
#16952 = VECTOR('',#16953,1.);
#16953 = DIRECTION('',(0.,0.,1.));
#16954 = ORIENTED_EDGE('',*,*,#13354,.F.);
#16955 = ORIENTED_EDGE('',*,*,#16949,.F.);
#16956 = CYLINDRICAL_SURFACE('',#16957,0.508);
#16957 = AXIS2_PLACEMENT_3D('',#16958,#16959,#16960);
#16958 = CARTESIAN_POINT('',(222.11,-137.34,-4.5798E-02));
#16959 = DIRECTION('',(-0.,-0.,-1.));
#16960 = DIRECTION('',(-0.,-1.,0.));
#16961 = ADVANCED_FACE('',(#16962),#16973,.F.);
#16962 = FACE_BOUND('',#16963,.T.);
#16963 = EDGE_LOOP('',(#16964,#16965,#16971,#16972));
#16964 = ORIENTED_EDGE('',*,*,#10722,.T.);
#16965 = ORIENTED_EDGE('',*,*,#16966,.T.);
#16966 = EDGE_CURVE('',#10723,#13366,#16967,.T.);
#16967 = LINE('',#16968,#16969);
#16968 = CARTESIAN_POINT('',(224.65,-140.388,-4.5798E-02));
#16969 = VECTOR('',#16970,1.);
#16970 = DIRECTION('',(0.,0.,1.));
#16971 = ORIENTED_EDGE('',*,*,#13365,.F.);
#16972 = ORIENTED_EDGE('',*,*,#16966,.F.);
#16973 = CYLINDRICAL_SURFACE('',#16974,0.508);
#16974 = AXIS2_PLACEMENT_3D('',#16975,#16976,#16977);
#16975 = CARTESIAN_POINT('',(224.65,-139.88,-4.5798E-02));
#16976 = DIRECTION('',(-0.,0.,-1.));
#16977 = DIRECTION('',(5.594824691024E-14,-1.,-0.));
#16978 = ADVANCED_FACE('',(#16979),#16990,.F.);
#16979 = FACE_BOUND('',#16980,.T.);
#16980 = EDGE_LOOP('',(#16981,#16982,#16988,#16989));
#16981 = ORIENTED_EDGE('',*,*,#10733,.T.);
#16982 = ORIENTED_EDGE('',*,*,#16983,.T.);
#16983 = EDGE_CURVE('',#10734,#13377,#16984,.T.);
#16984 = LINE('',#16985,#16986);
#16985 = CARTESIAN_POINT('',(227.19,-140.388,-4.5798E-02));
#16986 = VECTOR('',#16987,1.);
#16987 = DIRECTION('',(0.,0.,1.));
#16988 = ORIENTED_EDGE('',*,*,#13376,.F.);
#16989 = ORIENTED_EDGE('',*,*,#16983,.F.);
#16990 = CYLINDRICAL_SURFACE('',#16991,0.508);
#16991 = AXIS2_PLACEMENT_3D('',#16992,#16993,#16994);
#16992 = CARTESIAN_POINT('',(227.19,-139.88,-4.5798E-02));
#16993 = DIRECTION('',(-0.,-0.,-1.));
#16994 = DIRECTION('',(-0.,-1.,0.));
#16995 = ADVANCED_FACE('',(#16996),#17007,.F.);
#16996 = FACE_BOUND('',#16997,.T.);
#16997 = EDGE_LOOP('',(#16998,#16999,#17005,#17006));
#16998 = ORIENTED_EDGE('',*,*,#10744,.T.);
#16999 = ORIENTED_EDGE('',*,*,#17000,.T.);
#17000 = EDGE_CURVE('',#10745,#13388,#17001,.T.);
#17001 = LINE('',#17002,#17003);
#17002 = CARTESIAN_POINT('',(224.65,-137.848,-4.5798E-02));
#17003 = VECTOR('',#17004,1.);
#17004 = DIRECTION('',(0.,0.,1.));
#17005 = ORIENTED_EDGE('',*,*,#13387,.F.);
#17006 = ORIENTED_EDGE('',*,*,#17000,.F.);
#17007 = CYLINDRICAL_SURFACE('',#17008,0.508);
#17008 = AXIS2_PLACEMENT_3D('',#17009,#17010,#17011);
#17009 = CARTESIAN_POINT('',(224.65,-137.34,-4.5798E-02));
#17010 = DIRECTION('',(-0.,0.,-1.));
#17011 = DIRECTION('',(5.594824691024E-14,-1.,-0.));
#17012 = ADVANCED_FACE('',(#17013),#17024,.F.);
#17013 = FACE_BOUND('',#17014,.T.);
#17014 = EDGE_LOOP('',(#17015,#17016,#17022,#17023));
#17015 = ORIENTED_EDGE('',*,*,#10755,.T.);
#17016 = ORIENTED_EDGE('',*,*,#17017,.T.);
#17017 = EDGE_CURVE('',#10756,#13399,#17018,.T.);
#17018 = LINE('',#17019,#17020);
#17019 = CARTESIAN_POINT('',(227.19,-137.848,-4.5798E-02));
#17020 = VECTOR('',#17021,1.);
#17021 = DIRECTION('',(0.,0.,1.));
#17022 = ORIENTED_EDGE('',*,*,#13398,.F.);
#17023 = ORIENTED_EDGE('',*,*,#17017,.F.);
#17024 = CYLINDRICAL_SURFACE('',#17025,0.508);
#17025 = AXIS2_PLACEMENT_3D('',#17026,#17027,#17028);
#17026 = CARTESIAN_POINT('',(227.19,-137.34,-4.5798E-02));
#17027 = DIRECTION('',(-0.,-0.,-1.));
#17028 = DIRECTION('',(-0.,-1.,0.));
#17029 = ADVANCED_FACE('',(#17030),#17041,.F.);
#17030 = FACE_BOUND('',#17031,.T.);
#17031 = EDGE_LOOP('',(#17032,#17033,#17039,#17040));
#17032 = ORIENTED_EDGE('',*,*,#10766,.T.);
#17033 = ORIENTED_EDGE('',*,*,#17034,.T.);
#17034 = EDGE_CURVE('',#10767,#13410,#17035,.T.);
#17035 = LINE('',#17036,#17037);
#17036 = CARTESIAN_POINT('',(229.73,-133.86,-4.5798E-02));
#17037 = VECTOR('',#17038,1.);
#17038 = DIRECTION('',(0.,0.,1.));
#17039 = ORIENTED_EDGE('',*,*,#13409,.F.);
#17040 = ORIENTED_EDGE('',*,*,#17034,.F.);
#17041 = CYLINDRICAL_SURFACE('',#17042,1.6);
#17042 = AXIS2_PLACEMENT_3D('',#17043,#17044,#17045);
#17043 = CARTESIAN_POINT('',(229.73,-132.26,-4.5798E-02));
#17044 = DIRECTION('',(-0.,-0.,-1.));
#17045 = DIRECTION('',(-1.7763568394E-14,-1.,0.));
#17046 = ADVANCED_FACE('',(#17047),#17063,.F.);
#17047 = FACE_BOUND('',#17048,.T.);
#17048 = EDGE_LOOP('',(#17049,#17050,#17056,#17057));
#17049 = ORIENTED_EDGE('',*,*,#10777,.T.);
#17050 = ORIENTED_EDGE('',*,*,#17051,.T.);
#17051 = EDGE_CURVE('',#10780,#13423,#17052,.T.);
#17052 = LINE('',#17053,#17054);
#17053 = CARTESIAN_POINT('',(112.635,-117.581,-4.5798E-02));
#17054 = VECTOR('',#17055,1.);
#17055 = DIRECTION('',(0.,0.,1.));
#17056 = ORIENTED_EDGE('',*,*,#13420,.F.);
#17057 = ORIENTED_EDGE('',*,*,#17058,.F.);
#17058 = EDGE_CURVE('',#10778,#13421,#17059,.T.);
#17059 = LINE('',#17060,#17061);
#17060 = CARTESIAN_POINT('',(112.635,-116.819,-4.5798E-02));
#17061 = VECTOR('',#17062,1.);
#17062 = DIRECTION('',(0.,0.,1.));
#17063 = CYLINDRICAL_SURFACE('',#17064,0.381);
#17064 = AXIS2_PLACEMENT_3D('',#17065,#17066,#17067);
#17065 = CARTESIAN_POINT('',(112.635,-117.2,-4.5798E-02));
#17066 = DIRECTION('',(-0.,-0.,-1.));
#17067 = DIRECTION('',(-0.,-1.,0.));
#17068 = ADVANCED_FACE('',(#17069),#17080,.T.);
#17069 = FACE_BOUND('',#17070,.T.);
#17070 = EDGE_LOOP('',(#17071,#17072,#17073,#17074));
#17071 = ORIENTED_EDGE('',*,*,#10805,.T.);
#17072 = ORIENTED_EDGE('',*,*,#17058,.T.);
#17073 = ORIENTED_EDGE('',*,*,#13448,.F.);
#17074 = ORIENTED_EDGE('',*,*,#17075,.F.);
#17075 = EDGE_CURVE('',#10797,#13440,#17076,.T.);
#17076 = LINE('',#17077,#17078);
#17077 = CARTESIAN_POINT('',(111.365,-116.819,-4.5798E-02));
#17078 = VECTOR('',#17079,1.);
#17079 = DIRECTION('',(0.,0.,1.));
#17080 = PLANE('',#17081);
#17081 = AXIS2_PLACEMENT_3D('',#17082,#17083,#17084);
#17082 = CARTESIAN_POINT('',(112.635,-116.819,-4.5798E-02));
#17083 = DIRECTION('',(0.,-1.,0.));
#17084 = DIRECTION('',(-1.,0.,0.));
#17085 = ADVANCED_FACE('',(#17086),#17097,.F.);
#17086 = FACE_BOUND('',#17087,.T.);
#17087 = EDGE_LOOP('',(#17088,#17089,#17090,#17091));
#17088 = ORIENTED_EDGE('',*,*,#10796,.T.);
#17089 = ORIENTED_EDGE('',*,*,#17075,.T.);
#17090 = ORIENTED_EDGE('',*,*,#13439,.F.);
#17091 = ORIENTED_EDGE('',*,*,#17092,.F.);
#17092 = EDGE_CURVE('',#10789,#13432,#17093,.T.);
#17093 = LINE('',#17094,#17095);
#17094 = CARTESIAN_POINT('',(111.365,-117.581,-4.5798E-02));
#17095 = VECTOR('',#17096,1.);
#17096 = DIRECTION('',(0.,0.,1.));
#17097 = CYLINDRICAL_SURFACE('',#17098,0.381);
#17098 = AXIS2_PLACEMENT_3D('',#17099,#17100,#17101);
#17099 = CARTESIAN_POINT('',(111.365,-117.2,-4.5798E-02));
#17100 = DIRECTION('',(-0.,0.,-1.));
#17101 = DIRECTION('',(0.,1.,0.));
#17102 = ADVANCED_FACE('',(#17103),#17109,.T.);
#17103 = FACE_BOUND('',#17104,.T.);
#17104 = EDGE_LOOP('',(#17105,#17106,#17107,#17108));
#17105 = ORIENTED_EDGE('',*,*,#10788,.T.);
#17106 = ORIENTED_EDGE('',*,*,#17092,.T.);
#17107 = ORIENTED_EDGE('',*,*,#13431,.F.);
#17108 = ORIENTED_EDGE('',*,*,#17051,.F.);
#17109 = PLANE('',#17110);
#17110 = AXIS2_PLACEMENT_3D('',#17111,#17112,#17113);
#17111 = CARTESIAN_POINT('',(111.365,-117.581,-4.5798E-02));
#17112 = DIRECTION('',(0.,1.,0.));
#17113 = DIRECTION('',(1.,0.,0.));
#17114 = ADVANCED_FACE('',(#17115),#17131,.F.);
#17115 = FACE_BOUND('',#17116,.T.);
#17116 = EDGE_LOOP('',(#17117,#17118,#17124,#17125));
#17117 = ORIENTED_EDGE('',*,*,#10813,.T.);
#17118 = ORIENTED_EDGE('',*,*,#17119,.T.);
#17119 = EDGE_CURVE('',#10816,#13459,#17120,.T.);
#17120 = LINE('',#17121,#17122);
#17121 = CARTESIAN_POINT('',(117.465002,-117.581,-4.5798E-02));
#17122 = VECTOR('',#17123,1.);
#17123 = DIRECTION('',(0.,0.,1.));
#17124 = ORIENTED_EDGE('',*,*,#13456,.F.);
#17125 = ORIENTED_EDGE('',*,*,#17126,.F.);
#17126 = EDGE_CURVE('',#10814,#13457,#17127,.T.);
#17127 = LINE('',#17128,#17129);
#17128 = CARTESIAN_POINT('',(117.465002,-116.819,-4.5798E-02));
#17129 = VECTOR('',#17130,1.);
#17130 = DIRECTION('',(0.,0.,1.));
#17131 = CYLINDRICAL_SURFACE('',#17132,0.381);
#17132 = AXIS2_PLACEMENT_3D('',#17133,#17134,#17135);
#17133 = CARTESIAN_POINT('',(117.465002,-117.2,-4.5798E-02));
#17134 = DIRECTION('',(-0.,-0.,-1.));
#17135 = DIRECTION('',(-0.,-1.,0.));
#17136 = ADVANCED_FACE('',(#17137),#17148,.T.);
#17137 = FACE_BOUND('',#17138,.T.);
#17138 = EDGE_LOOP('',(#17139,#17140,#17141,#17142));
#17139 = ORIENTED_EDGE('',*,*,#10841,.T.);
#17140 = ORIENTED_EDGE('',*,*,#17126,.T.);
#17141 = ORIENTED_EDGE('',*,*,#13484,.F.);
#17142 = ORIENTED_EDGE('',*,*,#17143,.F.);
#17143 = EDGE_CURVE('',#10833,#13476,#17144,.T.);
#17144 = LINE('',#17145,#17146);
#17145 = CARTESIAN_POINT('',(116.195002,-116.819,-4.5798E-02));
#17146 = VECTOR('',#17147,1.);
#17147 = DIRECTION('',(0.,0.,1.));
#17148 = PLANE('',#17149);
#17149 = AXIS2_PLACEMENT_3D('',#17150,#17151,#17152);
#17150 = CARTESIAN_POINT('',(117.465002,-116.819,-4.5798E-02));
#17151 = DIRECTION('',(0.,-1.,0.));
#17152 = DIRECTION('',(-1.,0.,0.));
#17153 = ADVANCED_FACE('',(#17154),#17165,.F.);
#17154 = FACE_BOUND('',#17155,.T.);
#17155 = EDGE_LOOP('',(#17156,#17157,#17158,#17159));
#17156 = ORIENTED_EDGE('',*,*,#10832,.T.);
#17157 = ORIENTED_EDGE('',*,*,#17143,.T.);
#17158 = ORIENTED_EDGE('',*,*,#13475,.F.);
#17159 = ORIENTED_EDGE('',*,*,#17160,.F.);
#17160 = EDGE_CURVE('',#10825,#13468,#17161,.T.);
#17161 = LINE('',#17162,#17163);
#17162 = CARTESIAN_POINT('',(116.195002,-117.581,-4.5798E-02));
#17163 = VECTOR('',#17164,1.);
#17164 = DIRECTION('',(0.,0.,1.));
#17165 = CYLINDRICAL_SURFACE('',#17166,0.381);
#17166 = AXIS2_PLACEMENT_3D('',#17167,#17168,#17169);
#17167 = CARTESIAN_POINT('',(116.195002,-117.2,-4.5798E-02));
#17168 = DIRECTION('',(-0.,0.,-1.));
#17169 = DIRECTION('',(0.,1.,0.));
#17170 = ADVANCED_FACE('',(#17171),#17177,.T.);
#17171 = FACE_BOUND('',#17172,.T.);
#17172 = EDGE_LOOP('',(#17173,#17174,#17175,#17176));
#17173 = ORIENTED_EDGE('',*,*,#10824,.T.);
#17174 = ORIENTED_EDGE('',*,*,#17160,.T.);
#17175 = ORIENTED_EDGE('',*,*,#13467,.F.);
#17176 = ORIENTED_EDGE('',*,*,#17119,.F.);
#17177 = PLANE('',#17178);
#17178 = AXIS2_PLACEMENT_3D('',#17179,#17180,#17181);
#17179 = CARTESIAN_POINT('',(116.195002,-117.581,-4.5798E-02));
#17180 = DIRECTION('',(0.,1.,0.));
#17181 = DIRECTION('',(1.,0.,0.));
#17182 = ADVANCED_FACE('',(#17183),#17199,.F.);
#17183 = FACE_BOUND('',#17184,.T.);
#17184 = EDGE_LOOP('',(#17185,#17186,#17192,#17193));
#17185 = ORIENTED_EDGE('',*,*,#10849,.T.);
#17186 = ORIENTED_EDGE('',*,*,#17187,.T.);
#17187 = EDGE_CURVE('',#10852,#13495,#17188,.T.);
#17188 = LINE('',#17189,#17190);
#17189 = CARTESIAN_POINT('',(112.635,-112.881,-4.5798E-02));
#17190 = VECTOR('',#17191,1.);
#17191 = DIRECTION('',(0.,0.,1.));
#17192 = ORIENTED_EDGE('',*,*,#13492,.F.);
#17193 = ORIENTED_EDGE('',*,*,#17194,.F.);
#17194 = EDGE_CURVE('',#10850,#13493,#17195,.T.);
#17195 = LINE('',#17196,#17197);
#17196 = CARTESIAN_POINT('',(112.635,-112.119,-4.5798E-02));
#17197 = VECTOR('',#17198,1.);
#17198 = DIRECTION('',(0.,0.,1.));
#17199 = CYLINDRICAL_SURFACE('',#17200,0.381);
#17200 = AXIS2_PLACEMENT_3D('',#17201,#17202,#17203);
#17201 = CARTESIAN_POINT('',(112.635,-112.5,-4.5798E-02));
#17202 = DIRECTION('',(-0.,-0.,-1.));
#17203 = DIRECTION('',(-0.,-1.,0.));
#17204 = ADVANCED_FACE('',(#17205),#17216,.T.);
#17205 = FACE_BOUND('',#17206,.T.);
#17206 = EDGE_LOOP('',(#17207,#17208,#17209,#17210));
#17207 = ORIENTED_EDGE('',*,*,#10877,.T.);
#17208 = ORIENTED_EDGE('',*,*,#17194,.T.);
#17209 = ORIENTED_EDGE('',*,*,#13520,.F.);
#17210 = ORIENTED_EDGE('',*,*,#17211,.F.);
#17211 = EDGE_CURVE('',#10869,#13512,#17212,.T.);
#17212 = LINE('',#17213,#17214);
#17213 = CARTESIAN_POINT('',(111.365,-112.119,-4.5798E-02));
#17214 = VECTOR('',#17215,1.);
#17215 = DIRECTION('',(0.,0.,1.));
#17216 = PLANE('',#17217);
#17217 = AXIS2_PLACEMENT_3D('',#17218,#17219,#17220);
#17218 = CARTESIAN_POINT('',(112.635,-112.119,-4.5798E-02));
#17219 = DIRECTION('',(0.,-1.,0.));
#17220 = DIRECTION('',(-1.,0.,0.));
#17221 = ADVANCED_FACE('',(#17222),#17233,.F.);
#17222 = FACE_BOUND('',#17223,.T.);
#17223 = EDGE_LOOP('',(#17224,#17225,#17226,#17227));
#17224 = ORIENTED_EDGE('',*,*,#10868,.T.);
#17225 = ORIENTED_EDGE('',*,*,#17211,.T.);
#17226 = ORIENTED_EDGE('',*,*,#13511,.F.);
#17227 = ORIENTED_EDGE('',*,*,#17228,.F.);
#17228 = EDGE_CURVE('',#10861,#13504,#17229,.T.);
#17229 = LINE('',#17230,#17231);
#17230 = CARTESIAN_POINT('',(111.365,-112.881,-4.5798E-02));
#17231 = VECTOR('',#17232,1.);
#17232 = DIRECTION('',(0.,0.,1.));
#17233 = CYLINDRICAL_SURFACE('',#17234,0.381);
#17234 = AXIS2_PLACEMENT_3D('',#17235,#17236,#17237);
#17235 = CARTESIAN_POINT('',(111.365,-112.5,-4.5798E-02));
#17236 = DIRECTION('',(-0.,0.,-1.));
#17237 = DIRECTION('',(0.,1.,0.));
#17238 = ADVANCED_FACE('',(#17239),#17245,.T.);
#17239 = FACE_BOUND('',#17240,.T.);
#17240 = EDGE_LOOP('',(#17241,#17242,#17243,#17244));
#17241 = ORIENTED_EDGE('',*,*,#10860,.T.);
#17242 = ORIENTED_EDGE('',*,*,#17228,.T.);
#17243 = ORIENTED_EDGE('',*,*,#13503,.F.);
#17244 = ORIENTED_EDGE('',*,*,#17187,.F.);
#17245 = PLANE('',#17246);
#17246 = AXIS2_PLACEMENT_3D('',#17247,#17248,#17249);
#17247 = CARTESIAN_POINT('',(111.365,-112.881,-4.5798E-02));
#17248 = DIRECTION('',(0.,1.,0.));
#17249 = DIRECTION('',(1.,0.,0.));
#17250 = ADVANCED_FACE('',(#17251),#17267,.F.);
#17251 = FACE_BOUND('',#17252,.T.);
#17252 = EDGE_LOOP('',(#17253,#17254,#17260,#17261));
#17253 = ORIENTED_EDGE('',*,*,#10885,.T.);
#17254 = ORIENTED_EDGE('',*,*,#17255,.T.);
#17255 = EDGE_CURVE('',#10888,#13531,#17256,.T.);
#17256 = LINE('',#17257,#17258);
#17257 = CARTESIAN_POINT('',(117.465002,-112.881,-4.5798E-02));
#17258 = VECTOR('',#17259,1.);
#17259 = DIRECTION('',(0.,0.,1.));
#17260 = ORIENTED_EDGE('',*,*,#13528,.F.);
#17261 = ORIENTED_EDGE('',*,*,#17262,.F.);
#17262 = EDGE_CURVE('',#10886,#13529,#17263,.T.);
#17263 = LINE('',#17264,#17265);
#17264 = CARTESIAN_POINT('',(117.465002,-112.119,-4.5798E-02));
#17265 = VECTOR('',#17266,1.);
#17266 = DIRECTION('',(0.,0.,1.));
#17267 = CYLINDRICAL_SURFACE('',#17268,0.381);
#17268 = AXIS2_PLACEMENT_3D('',#17269,#17270,#17271);
#17269 = CARTESIAN_POINT('',(117.465002,-112.5,-4.5798E-02));
#17270 = DIRECTION('',(-0.,-0.,-1.));
#17271 = DIRECTION('',(-0.,-1.,0.));
#17272 = ADVANCED_FACE('',(#17273),#17284,.T.);
#17273 = FACE_BOUND('',#17274,.T.);
#17274 = EDGE_LOOP('',(#17275,#17276,#17277,#17278));
#17275 = ORIENTED_EDGE('',*,*,#10913,.T.);
#17276 = ORIENTED_EDGE('',*,*,#17262,.T.);
#17277 = ORIENTED_EDGE('',*,*,#13556,.F.);
#17278 = ORIENTED_EDGE('',*,*,#17279,.F.);
#17279 = EDGE_CURVE('',#10905,#13548,#17280,.T.);
#17280 = LINE('',#17281,#17282);
#17281 = CARTESIAN_POINT('',(116.195002,-112.119,-4.5798E-02));
#17282 = VECTOR('',#17283,1.);
#17283 = DIRECTION('',(0.,0.,1.));
#17284 = PLANE('',#17285);
#17285 = AXIS2_PLACEMENT_3D('',#17286,#17287,#17288);
#17286 = CARTESIAN_POINT('',(117.465002,-112.119,-4.5798E-02));
#17287 = DIRECTION('',(0.,-1.,0.));
#17288 = DIRECTION('',(-1.,0.,0.));
#17289 = ADVANCED_FACE('',(#17290),#17301,.F.);
#17290 = FACE_BOUND('',#17291,.T.);
#17291 = EDGE_LOOP('',(#17292,#17293,#17294,#17295));
#17292 = ORIENTED_EDGE('',*,*,#10904,.T.);
#17293 = ORIENTED_EDGE('',*,*,#17279,.T.);
#17294 = ORIENTED_EDGE('',*,*,#13547,.F.);
#17295 = ORIENTED_EDGE('',*,*,#17296,.F.);
#17296 = EDGE_CURVE('',#10897,#13540,#17297,.T.);
#17297 = LINE('',#17298,#17299);
#17298 = CARTESIAN_POINT('',(116.195002,-112.881,-4.5798E-02));
#17299 = VECTOR('',#17300,1.);
#17300 = DIRECTION('',(0.,0.,1.));
#17301 = CYLINDRICAL_SURFACE('',#17302,0.381);
#17302 = AXIS2_PLACEMENT_3D('',#17303,#17304,#17305);
#17303 = CARTESIAN_POINT('',(116.195002,-112.5,-4.5798E-02));
#17304 = DIRECTION('',(-0.,0.,-1.));
#17305 = DIRECTION('',(0.,1.,0.));
#17306 = ADVANCED_FACE('',(#17307),#17313,.T.);
#17307 = FACE_BOUND('',#17308,.T.);
#17308 = EDGE_LOOP('',(#17309,#17310,#17311,#17312));
#17309 = ORIENTED_EDGE('',*,*,#10896,.T.);
#17310 = ORIENTED_EDGE('',*,*,#17296,.T.);
#17311 = ORIENTED_EDGE('',*,*,#13539,.F.);
#17312 = ORIENTED_EDGE('',*,*,#17255,.F.);
#17313 = PLANE('',#17314);
#17314 = AXIS2_PLACEMENT_3D('',#17315,#17316,#17317);
#17315 = CARTESIAN_POINT('',(116.195002,-112.881,-4.5798E-02));
#17316 = DIRECTION('',(0.,1.,0.));
#17317 = DIRECTION('',(1.,0.,0.));
#17318 = ADVANCED_FACE('',(#17319),#17330,.F.);
#17319 = FACE_BOUND('',#17320,.T.);
#17320 = EDGE_LOOP('',(#17321,#17322,#17328,#17329));
#17321 = ORIENTED_EDGE('',*,*,#10921,.T.);
#17322 = ORIENTED_EDGE('',*,*,#17323,.T.);
#17323 = EDGE_CURVE('',#10922,#13565,#17324,.T.);
#17324 = LINE('',#17325,#17326);
#17325 = CARTESIAN_POINT('',(82.832706,-100.421596,-4.5798E-02));
#17326 = VECTOR('',#17327,1.);
#17327 = DIRECTION('',(0.,0.,1.));
#17328 = ORIENTED_EDGE('',*,*,#13564,.F.);
#17329 = ORIENTED_EDGE('',*,*,#17323,.F.);
#17330 = CYLINDRICAL_SURFACE('',#17331,1.3716);
#17331 = AXIS2_PLACEMENT_3D('',#17332,#17333,#17334);
#17332 = CARTESIAN_POINT('',(82.832706,-99.049996,-4.5798E-02));
#17333 = DIRECTION('',(-0.,-0.,-1.));
#17334 = DIRECTION('',(-0.,-1.,0.));
#17335 = ADVANCED_FACE('',(#17336),#17352,.F.);
#17336 = FACE_BOUND('',#17337,.T.);
#17337 = EDGE_LOOP('',(#17338,#17339,#17345,#17346));
#17338 = ORIENTED_EDGE('',*,*,#10932,.T.);
#17339 = ORIENTED_EDGE('',*,*,#17340,.T.);
#17340 = EDGE_CURVE('',#10935,#13578,#17341,.T.);
#17341 = LINE('',#17342,#17343);
#17342 = CARTESIAN_POINT('',(112.635,-108.180999,-4.5798E-02));
#17343 = VECTOR('',#17344,1.);
#17344 = DIRECTION('',(0.,0.,1.));
#17345 = ORIENTED_EDGE('',*,*,#13575,.F.);
#17346 = ORIENTED_EDGE('',*,*,#17347,.F.);
#17347 = EDGE_CURVE('',#10933,#13576,#17348,.T.);
#17348 = LINE('',#17349,#17350);
#17349 = CARTESIAN_POINT('',(112.635,-107.418999,-4.5798E-02));
#17350 = VECTOR('',#17351,1.);
#17351 = DIRECTION('',(0.,0.,1.));
#17352 = CYLINDRICAL_SURFACE('',#17353,0.381);
#17353 = AXIS2_PLACEMENT_3D('',#17354,#17355,#17356);
#17354 = CARTESIAN_POINT('',(112.635,-107.799999,-4.5798E-02));
#17355 = DIRECTION('',(-0.,-0.,-1.));
#17356 = DIRECTION('',(-0.,-1.,0.));
#17357 = ADVANCED_FACE('',(#17358),#17369,.T.);
#17358 = FACE_BOUND('',#17359,.T.);
#17359 = EDGE_LOOP('',(#17360,#17361,#17362,#17363));
#17360 = ORIENTED_EDGE('',*,*,#10960,.T.);
#17361 = ORIENTED_EDGE('',*,*,#17347,.T.);
#17362 = ORIENTED_EDGE('',*,*,#13603,.F.);
#17363 = ORIENTED_EDGE('',*,*,#17364,.F.);
#17364 = EDGE_CURVE('',#10952,#13595,#17365,.T.);
#17365 = LINE('',#17366,#17367);
#17366 = CARTESIAN_POINT('',(111.365,-107.418999,-4.5798E-02));
#17367 = VECTOR('',#17368,1.);
#17368 = DIRECTION('',(0.,0.,1.));
#17369 = PLANE('',#17370);
#17370 = AXIS2_PLACEMENT_3D('',#17371,#17372,#17373);
#17371 = CARTESIAN_POINT('',(112.635,-107.418999,-4.5798E-02));
#17372 = DIRECTION('',(0.,-1.,0.));
#17373 = DIRECTION('',(-1.,0.,0.));
#17374 = ADVANCED_FACE('',(#17375),#17386,.F.);
#17375 = FACE_BOUND('',#17376,.T.);
#17376 = EDGE_LOOP('',(#17377,#17378,#17379,#17380));
#17377 = ORIENTED_EDGE('',*,*,#10951,.T.);
#17378 = ORIENTED_EDGE('',*,*,#17364,.T.);
#17379 = ORIENTED_EDGE('',*,*,#13594,.F.);
#17380 = ORIENTED_EDGE('',*,*,#17381,.F.);
#17381 = EDGE_CURVE('',#10944,#13587,#17382,.T.);
#17382 = LINE('',#17383,#17384);
#17383 = CARTESIAN_POINT('',(111.365,-108.180999,-4.5798E-02));
#17384 = VECTOR('',#17385,1.);
#17385 = DIRECTION('',(0.,0.,1.));
#17386 = CYLINDRICAL_SURFACE('',#17387,0.381);
#17387 = AXIS2_PLACEMENT_3D('',#17388,#17389,#17390);
#17388 = CARTESIAN_POINT('',(111.365,-107.799999,-4.5798E-02));
#17389 = DIRECTION('',(-0.,0.,-1.));
#17390 = DIRECTION('',(0.,1.,0.));
#17391 = ADVANCED_FACE('',(#17392),#17398,.T.);
#17392 = FACE_BOUND('',#17393,.T.);
#17393 = EDGE_LOOP('',(#17394,#17395,#17396,#17397));
#17394 = ORIENTED_EDGE('',*,*,#10943,.T.);
#17395 = ORIENTED_EDGE('',*,*,#17381,.T.);
#17396 = ORIENTED_EDGE('',*,*,#13586,.F.);
#17397 = ORIENTED_EDGE('',*,*,#17340,.F.);
#17398 = PLANE('',#17399);
#17399 = AXIS2_PLACEMENT_3D('',#17400,#17401,#17402);
#17400 = CARTESIAN_POINT('',(111.365,-108.180999,-4.5798E-02));
#17401 = DIRECTION('',(0.,1.,0.));
#17402 = DIRECTION('',(1.,0.,0.));
#17403 = ADVANCED_FACE('',(#17404),#17420,.F.);
#17404 = FACE_BOUND('',#17405,.T.);
#17405 = EDGE_LOOP('',(#17406,#17407,#17413,#17414));
#17406 = ORIENTED_EDGE('',*,*,#10968,.T.);
#17407 = ORIENTED_EDGE('',*,*,#17408,.T.);
#17408 = EDGE_CURVE('',#10971,#13614,#17409,.T.);
#17409 = LINE('',#17410,#17411);
#17410 = CARTESIAN_POINT('',(117.465001,-108.180999,-4.5798E-02));
#17411 = VECTOR('',#17412,1.);
#17412 = DIRECTION('',(0.,0.,1.));
#17413 = ORIENTED_EDGE('',*,*,#13611,.F.);
#17414 = ORIENTED_EDGE('',*,*,#17415,.F.);
#17415 = EDGE_CURVE('',#10969,#13612,#17416,.T.);
#17416 = LINE('',#17417,#17418);
#17417 = CARTESIAN_POINT('',(117.465001,-107.418999,-4.5798E-02));
#17418 = VECTOR('',#17419,1.);
#17419 = DIRECTION('',(0.,0.,1.));
#17420 = CYLINDRICAL_SURFACE('',#17421,0.381);
#17421 = AXIS2_PLACEMENT_3D('',#17422,#17423,#17424);
#17422 = CARTESIAN_POINT('',(117.465001,-107.799999,-4.5798E-02));
#17423 = DIRECTION('',(-0.,-0.,-1.));
#17424 = DIRECTION('',(-0.,-1.,0.));
#17425 = ADVANCED_FACE('',(#17426),#17437,.T.);
#17426 = FACE_BOUND('',#17427,.T.);
#17427 = EDGE_LOOP('',(#17428,#17429,#17430,#17431));
#17428 = ORIENTED_EDGE('',*,*,#10996,.T.);
#17429 = ORIENTED_EDGE('',*,*,#17415,.T.);
#17430 = ORIENTED_EDGE('',*,*,#13639,.F.);
#17431 = ORIENTED_EDGE('',*,*,#17432,.F.);
#17432 = EDGE_CURVE('',#10988,#13631,#17433,.T.);
#17433 = LINE('',#17434,#17435);
#17434 = CARTESIAN_POINT('',(116.195001,-107.418999,-4.5798E-02));
#17435 = VECTOR('',#17436,1.);
#17436 = DIRECTION('',(0.,0.,1.));
#17437 = PLANE('',#17438);
#17438 = AXIS2_PLACEMENT_3D('',#17439,#17440,#17441);
#17439 = CARTESIAN_POINT('',(117.465001,-107.418999,-4.5798E-02));
#17440 = DIRECTION('',(0.,-1.,0.));
#17441 = DIRECTION('',(-1.,0.,0.));
#17442 = ADVANCED_FACE('',(#17443),#17454,.F.);
#17443 = FACE_BOUND('',#17444,.T.);
#17444 = EDGE_LOOP('',(#17445,#17446,#17447,#17448));
#17445 = ORIENTED_EDGE('',*,*,#10987,.T.);
#17446 = ORIENTED_EDGE('',*,*,#17432,.T.);
#17447 = ORIENTED_EDGE('',*,*,#13630,.F.);
#17448 = ORIENTED_EDGE('',*,*,#17449,.F.);
#17449 = EDGE_CURVE('',#10980,#13623,#17450,.T.);
#17450 = LINE('',#17451,#17452);
#17451 = CARTESIAN_POINT('',(116.195001,-108.180999,-4.5798E-02));
#17452 = VECTOR('',#17453,1.);
#17453 = DIRECTION('',(0.,0.,1.));
#17454 = CYLINDRICAL_SURFACE('',#17455,0.381);
#17455 = AXIS2_PLACEMENT_3D('',#17456,#17457,#17458);
#17456 = CARTESIAN_POINT('',(116.195001,-107.799999,-4.5798E-02));
#17457 = DIRECTION('',(-0.,0.,-1.));
#17458 = DIRECTION('',(0.,1.,0.));
#17459 = ADVANCED_FACE('',(#17460),#17466,.T.);
#17460 = FACE_BOUND('',#17461,.T.);
#17461 = EDGE_LOOP('',(#17462,#17463,#17464,#17465));
#17462 = ORIENTED_EDGE('',*,*,#10979,.T.);
#17463 = ORIENTED_EDGE('',*,*,#17449,.T.);
#17464 = ORIENTED_EDGE('',*,*,#13622,.F.);
#17465 = ORIENTED_EDGE('',*,*,#17408,.F.);
#17466 = PLANE('',#17467);
#17467 = AXIS2_PLACEMENT_3D('',#17468,#17469,#17470);
#17468 = CARTESIAN_POINT('',(116.195001,-108.180999,-4.5798E-02));
#17469 = DIRECTION('',(0.,1.,0.));
#17470 = DIRECTION('',(1.,0.,0.));
#17471 = ADVANCED_FACE('',(#17472),#17483,.F.);
#17472 = FACE_BOUND('',#17473,.T.);
#17473 = EDGE_LOOP('',(#17474,#17475,#17481,#17482));
#17474 = ORIENTED_EDGE('',*,*,#11004,.T.);
#17475 = ORIENTED_EDGE('',*,*,#17476,.T.);
#17476 = EDGE_CURVE('',#11005,#13648,#17477,.T.);
#17477 = LINE('',#17478,#17479);
#17478 = CARTESIAN_POINT('',(108.332704,-95.530996,-4.5798E-02));
#17479 = VECTOR('',#17480,1.);
#17480 = DIRECTION('',(0.,0.,1.));
#17481 = ORIENTED_EDGE('',*,*,#13647,.F.);
#17482 = ORIENTED_EDGE('',*,*,#17476,.F.);
#17483 = CYLINDRICAL_SURFACE('',#17484,0.381);
#17484 = AXIS2_PLACEMENT_3D('',#17485,#17486,#17487);
#17485 = CARTESIAN_POINT('',(108.332704,-95.149996,-4.5798E-02));
#17486 = DIRECTION('',(-0.,-0.,-1.));
#17487 = DIRECTION('',(-0.,-1.,0.));
#17488 = ADVANCED_FACE('',(#17489),#17500,.F.);
#17489 = FACE_BOUND('',#17490,.T.);
#17490 = EDGE_LOOP('',(#17491,#17492,#17498,#17499));
#17491 = ORIENTED_EDGE('',*,*,#11015,.T.);
#17492 = ORIENTED_EDGE('',*,*,#17493,.T.);
#17493 = EDGE_CURVE('',#11016,#13659,#17494,.T.);
#17494 = LINE('',#17495,#17496);
#17495 = CARTESIAN_POINT('',(110.332705,-95.530996,-4.5798E-02));
#17496 = VECTOR('',#17497,1.);
#17497 = DIRECTION('',(0.,0.,1.));
#17498 = ORIENTED_EDGE('',*,*,#13658,.F.);
#17499 = ORIENTED_EDGE('',*,*,#17493,.F.);
#17500 = CYLINDRICAL_SURFACE('',#17501,0.381);
#17501 = AXIS2_PLACEMENT_3D('',#17502,#17503,#17504);
#17502 = CARTESIAN_POINT('',(110.332705,-95.149996,-4.5798E-02));
#17503 = DIRECTION('',(-0.,-0.,-1.));
#17504 = DIRECTION('',(-0.,-1.,0.));
#17505 = ADVANCED_FACE('',(#17506),#17517,.F.);
#17506 = FACE_BOUND('',#17507,.T.);
#17507 = EDGE_LOOP('',(#17508,#17509,#17515,#17516));
#17508 = ORIENTED_EDGE('',*,*,#11026,.T.);
#17509 = ORIENTED_EDGE('',*,*,#17510,.T.);
#17510 = EDGE_CURVE('',#11027,#13670,#17511,.T.);
#17511 = LINE('',#17512,#17513);
#17512 = CARTESIAN_POINT('',(112.332706,-95.530996,-4.5798E-02));
#17513 = VECTOR('',#17514,1.);
#17514 = DIRECTION('',(0.,0.,1.));
#17515 = ORIENTED_EDGE('',*,*,#13669,.F.);
#17516 = ORIENTED_EDGE('',*,*,#17510,.F.);
#17517 = CYLINDRICAL_SURFACE('',#17518,0.381);
#17518 = AXIS2_PLACEMENT_3D('',#17519,#17520,#17521);
#17519 = CARTESIAN_POINT('',(112.332706,-95.149996,-4.5798E-02));
#17520 = DIRECTION('',(-0.,-0.,-1.));
#17521 = DIRECTION('',(-0.,-1.,0.));
#17522 = ADVANCED_FACE('',(#17523),#17534,.F.);
#17523 = FACE_BOUND('',#17524,.T.);
#17524 = EDGE_LOOP('',(#17525,#17526,#17532,#17533));
#17525 = ORIENTED_EDGE('',*,*,#11037,.T.);
#17526 = ORIENTED_EDGE('',*,*,#17527,.T.);
#17527 = EDGE_CURVE('',#11038,#13681,#17528,.T.);
#17528 = LINE('',#17529,#17530);
#17529 = CARTESIAN_POINT('',(114.332704,-95.530996,-4.5798E-02));
#17530 = VECTOR('',#17531,1.);
#17531 = DIRECTION('',(0.,0.,1.));
#17532 = ORIENTED_EDGE('',*,*,#13680,.F.);
#17533 = ORIENTED_EDGE('',*,*,#17527,.F.);
#17534 = CYLINDRICAL_SURFACE('',#17535,0.381);
#17535 = AXIS2_PLACEMENT_3D('',#17536,#17537,#17538);
#17536 = CARTESIAN_POINT('',(114.332704,-95.149996,-4.5798E-02));
#17537 = DIRECTION('',(-0.,-0.,-1.));
#17538 = DIRECTION('',(-0.,-1.,0.));
#17539 = ADVANCED_FACE('',(#17540),#17551,.F.);
#17540 = FACE_BOUND('',#17541,.T.);
#17541 = EDGE_LOOP('',(#17542,#17543,#17549,#17550));
#17542 = ORIENTED_EDGE('',*,*,#11048,.T.);
#17543 = ORIENTED_EDGE('',*,*,#17544,.T.);
#17544 = EDGE_CURVE('',#11049,#13692,#17545,.T.);
#17545 = LINE('',#17546,#17547);
#17546 = CARTESIAN_POINT('',(116.332705,-95.530996,-4.5798E-02));
#17547 = VECTOR('',#17548,1.);
#17548 = DIRECTION('',(0.,0.,1.));
#17549 = ORIENTED_EDGE('',*,*,#13691,.F.);
#17550 = ORIENTED_EDGE('',*,*,#17544,.F.);
#17551 = CYLINDRICAL_SURFACE('',#17552,0.381);
#17552 = AXIS2_PLACEMENT_3D('',#17553,#17554,#17555);
#17553 = CARTESIAN_POINT('',(116.332705,-95.149996,-4.5798E-02));
#17554 = DIRECTION('',(-0.,-0.,-1.));
#17555 = DIRECTION('',(-0.,-1.,0.));
#17556 = ADVANCED_FACE('',(#17557),#17568,.F.);
#17557 = FACE_BOUND('',#17558,.T.);
#17558 = EDGE_LOOP('',(#17559,#17560,#17566,#17567));
#17559 = ORIENTED_EDGE('',*,*,#11059,.T.);
#17560 = ORIENTED_EDGE('',*,*,#17561,.T.);
#17561 = EDGE_CURVE('',#11060,#13703,#17562,.T.);
#17562 = LINE('',#17563,#17564);
#17563 = CARTESIAN_POINT('',(118.332704,-95.530996,-4.5798E-02));
#17564 = VECTOR('',#17565,1.);
#17565 = DIRECTION('',(0.,0.,1.));
#17566 = ORIENTED_EDGE('',*,*,#13702,.F.);
#17567 = ORIENTED_EDGE('',*,*,#17561,.F.);
#17568 = CYLINDRICAL_SURFACE('',#17569,0.381);
#17569 = AXIS2_PLACEMENT_3D('',#17570,#17571,#17572);
#17570 = CARTESIAN_POINT('',(118.332704,-95.149996,-4.5798E-02));
#17571 = DIRECTION('',(-0.,-0.,-1.));
#17572 = DIRECTION('',(-0.,-1.,0.));
#17573 = ADVANCED_FACE('',(#17574),#17585,.F.);
#17574 = FACE_BOUND('',#17575,.T.);
#17575 = EDGE_LOOP('',(#17576,#17577,#17583,#17584));
#17576 = ORIENTED_EDGE('',*,*,#11070,.T.);
#17577 = ORIENTED_EDGE('',*,*,#17578,.T.);
#17578 = EDGE_CURVE('',#11071,#13714,#17579,.T.);
#17579 = LINE('',#17580,#17581);
#17580 = CARTESIAN_POINT('',(120.332705,-95.530996,-4.5798E-02));
#17581 = VECTOR('',#17582,1.);
#17582 = DIRECTION('',(0.,0.,1.));
#17583 = ORIENTED_EDGE('',*,*,#13713,.F.);
#17584 = ORIENTED_EDGE('',*,*,#17578,.F.);
#17585 = CYLINDRICAL_SURFACE('',#17586,0.381);
#17586 = AXIS2_PLACEMENT_3D('',#17587,#17588,#17589);
#17587 = CARTESIAN_POINT('',(120.332705,-95.149996,-4.5798E-02));
#17588 = DIRECTION('',(-0.,-0.,-1.));
#17589 = DIRECTION('',(-0.,-1.,0.));
#17590 = ADVANCED_FACE('',(#17591),#17602,.F.);
#17591 = FACE_BOUND('',#17592,.T.);
#17592 = EDGE_LOOP('',(#17593,#17594,#17600,#17601));
#17593 = ORIENTED_EDGE('',*,*,#11081,.T.);
#17594 = ORIENTED_EDGE('',*,*,#17595,.T.);
#17595 = EDGE_CURVE('',#11082,#13725,#17596,.T.);
#17596 = LINE('',#17597,#17598);
#17597 = CARTESIAN_POINT('',(139.41,-121.3,-4.5798E-02));
#17598 = VECTOR('',#17599,1.);
#17599 = DIRECTION('',(0.,0.,1.));
#17600 = ORIENTED_EDGE('',*,*,#13724,.F.);
#17601 = ORIENTED_EDGE('',*,*,#17595,.F.);
#17602 = CYLINDRICAL_SURFACE('',#17603,0.925);
#17603 = AXIS2_PLACEMENT_3D('',#17604,#17605,#17606);
#17604 = CARTESIAN_POINT('',(139.41,-120.375,-4.5798E-02));
#17605 = DIRECTION('',(-0.,-0.,-1.));
#17606 = DIRECTION('',(-3.072617235719E-14,-1.,0.));
#17607 = ADVANCED_FACE('',(#17608),#17619,.F.);
#17608 = FACE_BOUND('',#17609,.T.);
#17609 = EDGE_LOOP('',(#17610,#17611,#17617,#17618));
#17610 = ORIENTED_EDGE('',*,*,#11092,.T.);
#17611 = ORIENTED_EDGE('',*,*,#17612,.T.);
#17612 = EDGE_CURVE('',#11093,#13736,#17613,.T.);
#17613 = LINE('',#17614,#17615);
#17614 = CARTESIAN_POINT('',(142.59,-121.3,-4.5798E-02));
#17615 = VECTOR('',#17616,1.);
#17616 = DIRECTION('',(0.,0.,1.));
#17617 = ORIENTED_EDGE('',*,*,#13735,.F.);
#17618 = ORIENTED_EDGE('',*,*,#17612,.F.);
#17619 = CYLINDRICAL_SURFACE('',#17620,0.925);
#17620 = AXIS2_PLACEMENT_3D('',#17621,#17622,#17623);
#17621 = CARTESIAN_POINT('',(142.59,-120.375,-4.5798E-02));
#17622 = DIRECTION('',(-0.,0.,-1.));
#17623 = DIRECTION('',(3.072617235719E-14,-1.,-0.));
#17624 = ADVANCED_FACE('',(#17625),#17636,.F.);
#17625 = FACE_BOUND('',#17626,.T.);
#17626 = EDGE_LOOP('',(#17627,#17628,#17634,#17635));
#17627 = ORIENTED_EDGE('',*,*,#11103,.T.);
#17628 = ORIENTED_EDGE('',*,*,#17629,.T.);
#17629 = EDGE_CURVE('',#11104,#13747,#17630,.T.);
#17630 = LINE('',#17631,#17632);
#17631 = CARTESIAN_POINT('',(141.,-118.125,-4.5798E-02));
#17632 = VECTOR('',#17633,1.);
#17633 = DIRECTION('',(0.,0.,1.));
#17634 = ORIENTED_EDGE('',*,*,#13746,.F.);
#17635 = ORIENTED_EDGE('',*,*,#17629,.F.);
#17636 = CYLINDRICAL_SURFACE('',#17637,0.925);
#17637 = AXIS2_PLACEMENT_3D('',#17638,#17639,#17640);
#17638 = CARTESIAN_POINT('',(141.,-117.2,-4.5798E-02));
#17639 = DIRECTION('',(-0.,-0.,-1.));
#17640 = DIRECTION('',(-0.,-1.,0.));
#17641 = ADVANCED_FACE('',(#17642),#17653,.F.);
#17642 = FACE_BOUND('',#17643,.T.);
#17643 = EDGE_LOOP('',(#17644,#17645,#17651,#17652));
#17644 = ORIENTED_EDGE('',*,*,#11114,.T.);
#17645 = ORIENTED_EDGE('',*,*,#17646,.T.);
#17646 = EDGE_CURVE('',#11115,#13758,#17647,.T.);
#17647 = LINE('',#17648,#17649);
#17648 = CARTESIAN_POINT('',(141.,-113.425,-4.5798E-02));
#17649 = VECTOR('',#17650,1.);
#17650 = DIRECTION('',(0.,0.,1.));
#17651 = ORIENTED_EDGE('',*,*,#13757,.F.);
#17652 = ORIENTED_EDGE('',*,*,#17646,.F.);
#17653 = CYLINDRICAL_SURFACE('',#17654,0.925);
#17654 = AXIS2_PLACEMENT_3D('',#17655,#17656,#17657);
#17655 = CARTESIAN_POINT('',(141.,-112.5,-4.5798E-02));
#17656 = DIRECTION('',(-0.,-0.,-1.));
#17657 = DIRECTION('',(-0.,-1.,0.));
#17658 = ADVANCED_FACE('',(#17659),#17670,.F.);
#17659 = FACE_BOUND('',#17660,.T.);
#17660 = EDGE_LOOP('',(#17661,#17662,#17668,#17669));
#17661 = ORIENTED_EDGE('',*,*,#11125,.T.);
#17662 = ORIENTED_EDGE('',*,*,#17663,.T.);
#17663 = EDGE_CURVE('',#11126,#13769,#17664,.T.);
#17664 = LINE('',#17665,#17666);
#17665 = CARTESIAN_POINT('',(141.,-108.725,-4.5798E-02));
#17666 = VECTOR('',#17667,1.);
#17667 = DIRECTION('',(0.,0.,1.));
#17668 = ORIENTED_EDGE('',*,*,#13768,.F.);
#17669 = ORIENTED_EDGE('',*,*,#17663,.F.);
#17670 = CYLINDRICAL_SURFACE('',#17671,0.925);
#17671 = AXIS2_PLACEMENT_3D('',#17672,#17673,#17674);
#17672 = CARTESIAN_POINT('',(141.,-107.8,-4.5798E-02));
#17673 = DIRECTION('',(-0.,-0.,-1.));
#17674 = DIRECTION('',(-0.,-1.,0.));
#17675 = ADVANCED_FACE('',(#17676),#17687,.F.);
#17676 = FACE_BOUND('',#17677,.T.);
#17677 = EDGE_LOOP('',(#17678,#17679,#17685,#17686));
#17678 = ORIENTED_EDGE('',*,*,#11136,.T.);
#17679 = ORIENTED_EDGE('',*,*,#17680,.T.);
#17680 = EDGE_CURVE('',#11137,#13780,#17681,.T.);
#17681 = LINE('',#17682,#17683);
#17682 = CARTESIAN_POINT('',(139.41,-105.55,-4.5798E-02));
#17683 = VECTOR('',#17684,1.);
#17684 = DIRECTION('',(0.,0.,1.));
#17685 = ORIENTED_EDGE('',*,*,#13779,.F.);
#17686 = ORIENTED_EDGE('',*,*,#17680,.F.);
#17687 = CYLINDRICAL_SURFACE('',#17688,0.925);
#17688 = AXIS2_PLACEMENT_3D('',#17689,#17690,#17691);
#17689 = CARTESIAN_POINT('',(139.41,-104.625,-4.5798E-02));
#17690 = DIRECTION('',(-0.,-0.,-1.));
#17691 = DIRECTION('',(-3.072617235719E-14,-1.,0.));
#17692 = ADVANCED_FACE('',(#17693),#17704,.F.);
#17693 = FACE_BOUND('',#17694,.T.);
#17694 = EDGE_LOOP('',(#17695,#17696,#17702,#17703));
#17695 = ORIENTED_EDGE('',*,*,#11147,.T.);
#17696 = ORIENTED_EDGE('',*,*,#17697,.T.);
#17697 = EDGE_CURVE('',#11148,#13791,#17698,.T.);
#17698 = LINE('',#17699,#17700);
#17699 = CARTESIAN_POINT('',(142.59,-105.55,-4.5798E-02));
#17700 = VECTOR('',#17701,1.);
#17701 = DIRECTION('',(0.,0.,1.));
#17702 = ORIENTED_EDGE('',*,*,#13790,.F.);
#17703 = ORIENTED_EDGE('',*,*,#17697,.F.);
#17704 = CYLINDRICAL_SURFACE('',#17705,0.925);
#17705 = AXIS2_PLACEMENT_3D('',#17706,#17707,#17708);
#17706 = CARTESIAN_POINT('',(142.59,-104.625,-4.5798E-02));
#17707 = DIRECTION('',(-0.,0.,-1.));
#17708 = DIRECTION('',(3.072617235719E-14,-1.,-0.));
#17709 = ADVANCED_FACE('',(#17710),#17721,.F.);
#17710 = FACE_BOUND('',#17711,.T.);
#17711 = EDGE_LOOP('',(#17712,#17713,#17719,#17720));
#17712 = ORIENTED_EDGE('',*,*,#11158,.T.);
#17713 = ORIENTED_EDGE('',*,*,#17714,.T.);
#17714 = EDGE_CURVE('',#11159,#13802,#17715,.T.);
#17715 = LINE('',#17716,#17717);
#17716 = CARTESIAN_POINT('',(122.332704,-95.530996,-4.5798E-02));
#17717 = VECTOR('',#17718,1.);
#17718 = DIRECTION('',(0.,0.,1.));
#17719 = ORIENTED_EDGE('',*,*,#13801,.F.);
#17720 = ORIENTED_EDGE('',*,*,#17714,.F.);
#17721 = CYLINDRICAL_SURFACE('',#17722,0.381);
#17722 = AXIS2_PLACEMENT_3D('',#17723,#17724,#17725);
#17723 = CARTESIAN_POINT('',(122.332704,-95.149996,-4.5798E-02));
#17724 = DIRECTION('',(-0.,-0.,-1.));
#17725 = DIRECTION('',(-0.,-1.,0.));
#17726 = ADVANCED_FACE('',(#17727),#17738,.F.);
#17727 = FACE_BOUND('',#17728,.T.);
#17728 = EDGE_LOOP('',(#17729,#17730,#17736,#17737));
#17729 = ORIENTED_EDGE('',*,*,#11169,.T.);
#17730 = ORIENTED_EDGE('',*,*,#17731,.T.);
#17731 = EDGE_CURVE('',#11170,#13813,#17732,.T.);
#17732 = LINE('',#17733,#17734);
#17733 = CARTESIAN_POINT('',(147.832703,-100.421596,-4.5798E-02));
#17734 = VECTOR('',#17735,1.);
#17735 = DIRECTION('',(0.,0.,1.));
#17736 = ORIENTED_EDGE('',*,*,#13812,.F.);
#17737 = ORIENTED_EDGE('',*,*,#17731,.F.);
#17738 = CYLINDRICAL_SURFACE('',#17739,1.3716);
#17739 = AXIS2_PLACEMENT_3D('',#17740,#17741,#17742);
#17740 = CARTESIAN_POINT('',(147.832703,-99.049996,-4.5798E-02));
#17741 = DIRECTION('',(-0.,-0.,-1.));
#17742 = DIRECTION('',(-0.,-1.,0.));
#17743 = ADVANCED_FACE('',(#17744),#17755,.F.);
#17744 = FACE_BOUND('',#17745,.T.);
#17745 = EDGE_LOOP('',(#17746,#17747,#17753,#17754));
#17746 = ORIENTED_EDGE('',*,*,#11180,.T.);
#17747 = ORIENTED_EDGE('',*,*,#17748,.T.);
#17748 = EDGE_CURVE('',#11181,#13824,#17749,.T.);
#17749 = LINE('',#17750,#17751);
#17750 = CARTESIAN_POINT('',(76.832705,-84.376296,-4.5798E-02));
#17751 = VECTOR('',#17752,1.);
#17752 = DIRECTION('',(0.,0.,1.));
#17753 = ORIENTED_EDGE('',*,*,#13823,.F.);
#17754 = ORIENTED_EDGE('',*,*,#17748,.F.);
#17755 = CYLINDRICAL_SURFACE('',#17756,0.8763);
#17756 = AXIS2_PLACEMENT_3D('',#17757,#17758,#17759);
#17757 = CARTESIAN_POINT('',(76.832705,-83.499996,-4.5798E-02));
#17758 = DIRECTION('',(-0.,-0.,-1.));
#17759 = DIRECTION('',(-0.,-1.,0.));
#17760 = ADVANCED_FACE('',(#17761),#17772,.F.);
#17761 = FACE_BOUND('',#17762,.T.);
#17762 = EDGE_LOOP('',(#17763,#17764,#17770,#17771));
#17763 = ORIENTED_EDGE('',*,*,#11191,.T.);
#17764 = ORIENTED_EDGE('',*,*,#17765,.T.);
#17765 = EDGE_CURVE('',#11192,#13835,#17766,.T.);
#17766 = LINE('',#17767,#17768);
#17767 = CARTESIAN_POINT('',(76.782692,-75.876295,-4.5798E-02));
#17768 = VECTOR('',#17769,1.);
#17769 = DIRECTION('',(0.,0.,1.));
#17770 = ORIENTED_EDGE('',*,*,#13834,.F.);
#17771 = ORIENTED_EDGE('',*,*,#17765,.F.);
#17772 = CYLINDRICAL_SURFACE('',#17773,0.8763);
#17773 = AXIS2_PLACEMENT_3D('',#17774,#17775,#17776);
#17774 = CARTESIAN_POINT('',(76.782692,-74.999995,-4.5798E-02));
#17775 = DIRECTION('',(-0.,-0.,-1.));
#17776 = DIRECTION('',(-0.,-1.,0.));
#17777 = ADVANCED_FACE('',(#17778),#17789,.F.);
#17778 = FACE_BOUND('',#17779,.T.);
#17779 = EDGE_LOOP('',(#17780,#17781,#17787,#17788));
#17780 = ORIENTED_EDGE('',*,*,#11202,.T.);
#17781 = ORIENTED_EDGE('',*,*,#17782,.T.);
#17782 = EDGE_CURVE('',#11203,#13846,#17783,.T.);
#17783 = LINE('',#17784,#17785);
#17784 = CARTESIAN_POINT('',(82.832706,-67.321604,-4.5798E-02));
#17785 = VECTOR('',#17786,1.);
#17786 = DIRECTION('',(0.,0.,1.));
#17787 = ORIENTED_EDGE('',*,*,#13845,.F.);
#17788 = ORIENTED_EDGE('',*,*,#17782,.F.);
#17789 = CYLINDRICAL_SURFACE('',#17790,1.3716);
#17790 = AXIS2_PLACEMENT_3D('',#17791,#17792,#17793);
#17791 = CARTESIAN_POINT('',(82.832706,-65.950004,-4.5798E-02));
#17792 = DIRECTION('',(-0.,-0.,-1.));
#17793 = DIRECTION('',(-0.,-1.,0.));
#17794 = ADVANCED_FACE('',(#17795),#17806,.F.);
#17795 = FACE_BOUND('',#17796,.T.);
#17796 = EDGE_LOOP('',(#17797,#17798,#17804,#17805));
#17797 = ORIENTED_EDGE('',*,*,#11213,.T.);
#17798 = ORIENTED_EDGE('',*,*,#17799,.T.);
#17799 = EDGE_CURVE('',#11214,#13857,#17800,.T.);
#17800 = LINE('',#17801,#17802);
#17801 = CARTESIAN_POINT('',(75.5,-66.25,-4.5798E-02));
#17802 = VECTOR('',#17803,1.);
#17803 = DIRECTION('',(0.,0.,1.));
#17804 = ORIENTED_EDGE('',*,*,#13856,.F.);
#17805 = ORIENTED_EDGE('',*,*,#17799,.F.);
#17806 = CYLINDRICAL_SURFACE('',#17807,2.25);
#17807 = AXIS2_PLACEMENT_3D('',#17808,#17809,#17810);
#17808 = CARTESIAN_POINT('',(75.5,-64.,-4.5798E-02));
#17809 = DIRECTION('',(-0.,-0.,-1.));
#17810 = DIRECTION('',(-0.,-1.,0.));
#17811 = ADVANCED_FACE('',(#17812),#17823,.F.);
#17812 = FACE_BOUND('',#17813,.T.);
#17813 = EDGE_LOOP('',(#17814,#17815,#17821,#17822));
#17814 = ORIENTED_EDGE('',*,*,#11224,.T.);
#17815 = ORIENTED_EDGE('',*,*,#17816,.T.);
#17816 = EDGE_CURVE('',#11225,#13868,#17817,.T.);
#17817 = LINE('',#17818,#17819);
#17818 = CARTESIAN_POINT('',(147.832703,-67.321604,-4.5798E-02));
#17819 = VECTOR('',#17820,1.);
#17820 = DIRECTION('',(0.,0.,1.));
#17821 = ORIENTED_EDGE('',*,*,#13867,.F.);
#17822 = ORIENTED_EDGE('',*,*,#17816,.F.);
#17823 = CYLINDRICAL_SURFACE('',#17824,1.3716);
#17824 = AXIS2_PLACEMENT_3D('',#17825,#17826,#17827);
#17825 = CARTESIAN_POINT('',(147.832703,-65.950004,-4.5798E-02));
#17826 = DIRECTION('',(-0.,-0.,-1.));
#17827 = DIRECTION('',(-0.,-1.,0.));
#17828 = ADVANCED_FACE('',(#17829),#17840,.F.);
#17829 = FACE_BOUND('',#17830,.T.);
#17830 = EDGE_LOOP('',(#17831,#17832,#17838,#17839));
#17831 = ORIENTED_EDGE('',*,*,#11235,.T.);
#17832 = ORIENTED_EDGE('',*,*,#17833,.T.);
#17833 = EDGE_CURVE('',#11236,#13879,#17834,.T.);
#17834 = LINE('',#17835,#17836);
#17835 = CARTESIAN_POINT('',(178.93,-118.62,-4.5798E-02));
#17836 = VECTOR('',#17837,1.);
#17837 = DIRECTION('',(0.,0.,1.));
#17838 = ORIENTED_EDGE('',*,*,#13878,.F.);
#17839 = ORIENTED_EDGE('',*,*,#17833,.F.);
#17840 = CYLINDRICAL_SURFACE('',#17841,1.6);
#17841 = AXIS2_PLACEMENT_3D('',#17842,#17843,#17844);
#17842 = CARTESIAN_POINT('',(178.93,-117.02,-4.5798E-02));
#17843 = DIRECTION('',(-0.,-0.,-1.));
#17844 = DIRECTION('',(-0.,-1.,0.));
#17845 = ADVANCED_FACE('',(#17846),#17857,.F.);
#17846 = FACE_BOUND('',#17847,.T.);
#17847 = EDGE_LOOP('',(#17848,#17849,#17855,#17856));
#17848 = ORIENTED_EDGE('',*,*,#11246,.T.);
#17849 = ORIENTED_EDGE('',*,*,#17850,.T.);
#17850 = EDGE_CURVE('',#11247,#13890,#17851,.T.);
#17851 = LINE('',#17852,#17853);
#17852 = CARTESIAN_POINT('',(181.47,-79.428,-4.5798E-02));
#17853 = VECTOR('',#17854,1.);
#17854 = DIRECTION('',(0.,0.,1.));
#17855 = ORIENTED_EDGE('',*,*,#13889,.F.);
#17856 = ORIENTED_EDGE('',*,*,#17850,.F.);
#17857 = CYLINDRICAL_SURFACE('',#17858,0.508);
#17858 = AXIS2_PLACEMENT_3D('',#17859,#17860,#17861);
#17859 = CARTESIAN_POINT('',(181.47,-78.92,-4.5798E-02));
#17860 = DIRECTION('',(-0.,-0.,-1.));
#17861 = DIRECTION('',(-0.,-1.,0.));
#17862 = ADVANCED_FACE('',(#17863),#17874,.F.);
#17863 = FACE_BOUND('',#17864,.T.);
#17864 = EDGE_LOOP('',(#17865,#17866,#17872,#17873));
#17865 = ORIENTED_EDGE('',*,*,#11257,.T.);
#17866 = ORIENTED_EDGE('',*,*,#17867,.T.);
#17867 = EDGE_CURVE('',#11258,#13901,#17868,.T.);
#17868 = LINE('',#17869,#17870);
#17869 = CARTESIAN_POINT('',(184.01,-79.428,-4.5798E-02));
#17870 = VECTOR('',#17871,1.);
#17871 = DIRECTION('',(0.,0.,1.));
#17872 = ORIENTED_EDGE('',*,*,#13900,.F.);
#17873 = ORIENTED_EDGE('',*,*,#17867,.F.);
#17874 = CYLINDRICAL_SURFACE('',#17875,0.508);
#17875 = AXIS2_PLACEMENT_3D('',#17876,#17877,#17878);
#17876 = CARTESIAN_POINT('',(184.01,-78.92,-4.5798E-02));
#17877 = DIRECTION('',(-0.,-0.,-1.));
#17878 = DIRECTION('',(-0.,-1.,0.));
#17879 = ADVANCED_FACE('',(#17880),#17891,.F.);
#17880 = FACE_BOUND('',#17881,.T.);
#17881 = EDGE_LOOP('',(#17882,#17883,#17889,#17890));
#17882 = ORIENTED_EDGE('',*,*,#11268,.T.);
#17883 = ORIENTED_EDGE('',*,*,#17884,.T.);
#17884 = EDGE_CURVE('',#11269,#13912,#17885,.T.);
#17885 = LINE('',#17886,#17887);
#17886 = CARTESIAN_POINT('',(186.55,-79.428,-4.5798E-02));
#17887 = VECTOR('',#17888,1.);
#17888 = DIRECTION('',(0.,0.,1.));
#17889 = ORIENTED_EDGE('',*,*,#13911,.F.);
#17890 = ORIENTED_EDGE('',*,*,#17884,.F.);
#17891 = CYLINDRICAL_SURFACE('',#17892,0.508);
#17892 = AXIS2_PLACEMENT_3D('',#17893,#17894,#17895);
#17893 = CARTESIAN_POINT('',(186.55,-78.92,-4.5798E-02));
#17894 = DIRECTION('',(-0.,-0.,-1.));
#17895 = DIRECTION('',(-0.,-1.,0.));
#17896 = ADVANCED_FACE('',(#17897),#17908,.F.);
#17897 = FACE_BOUND('',#17898,.T.);
#17898 = EDGE_LOOP('',(#17899,#17900,#17906,#17907));
#17899 = ORIENTED_EDGE('',*,*,#11279,.T.);
#17900 = ORIENTED_EDGE('',*,*,#17901,.T.);
#17901 = EDGE_CURVE('',#11280,#13923,#17902,.T.);
#17902 = LINE('',#17903,#17904);
#17903 = CARTESIAN_POINT('',(189.09,-79.428,-4.5798E-02));
#17904 = VECTOR('',#17905,1.);
#17905 = DIRECTION('',(0.,0.,1.));
#17906 = ORIENTED_EDGE('',*,*,#13922,.F.);
#17907 = ORIENTED_EDGE('',*,*,#17901,.F.);
#17908 = CYLINDRICAL_SURFACE('',#17909,0.508);
#17909 = AXIS2_PLACEMENT_3D('',#17910,#17911,#17912);
#17910 = CARTESIAN_POINT('',(189.09,-78.92,-4.5798E-02));
#17911 = DIRECTION('',(-0.,-0.,-1.));
#17912 = DIRECTION('',(-0.,-1.,0.));
#17913 = ADVANCED_FACE('',(#17914),#17925,.F.);
#17914 = FACE_BOUND('',#17915,.T.);
#17915 = EDGE_LOOP('',(#17916,#17917,#17923,#17924));
#17916 = ORIENTED_EDGE('',*,*,#11290,.T.);
#17917 = ORIENTED_EDGE('',*,*,#17918,.T.);
#17918 = EDGE_CURVE('',#11291,#13934,#17919,.T.);
#17919 = LINE('',#17920,#17921);
#17920 = CARTESIAN_POINT('',(191.63,-79.428,-4.5798E-02));
#17921 = VECTOR('',#17922,1.);
#17922 = DIRECTION('',(0.,0.,1.));
#17923 = ORIENTED_EDGE('',*,*,#13933,.F.);
#17924 = ORIENTED_EDGE('',*,*,#17918,.F.);
#17925 = CYLINDRICAL_SURFACE('',#17926,0.508);
#17926 = AXIS2_PLACEMENT_3D('',#17927,#17928,#17929);
#17927 = CARTESIAN_POINT('',(191.63,-78.92,-4.5798E-02));
#17928 = DIRECTION('',(-0.,-0.,-1.));
#17929 = DIRECTION('',(-0.,-1.,0.));
#17930 = ADVANCED_FACE('',(#17931),#17942,.F.);
#17931 = FACE_BOUND('',#17932,.T.);
#17932 = EDGE_LOOP('',(#17933,#17934,#17940,#17941));
#17933 = ORIENTED_EDGE('',*,*,#11301,.T.);
#17934 = ORIENTED_EDGE('',*,*,#17935,.T.);
#17935 = EDGE_CURVE('',#11302,#13945,#17936,.T.);
#17936 = LINE('',#17937,#17938);
#17937 = CARTESIAN_POINT('',(194.17,-79.428,-4.5798E-02));
#17938 = VECTOR('',#17939,1.);
#17939 = DIRECTION('',(0.,0.,1.));
#17940 = ORIENTED_EDGE('',*,*,#13944,.F.);
#17941 = ORIENTED_EDGE('',*,*,#17935,.F.);
#17942 = CYLINDRICAL_SURFACE('',#17943,0.508);
#17943 = AXIS2_PLACEMENT_3D('',#17944,#17945,#17946);
#17944 = CARTESIAN_POINT('',(194.17,-78.92,-4.5798E-02));
#17945 = DIRECTION('',(-0.,-0.,-1.));
#17946 = DIRECTION('',(-5.594824691025E-14,-1.,0.));
#17947 = ADVANCED_FACE('',(#17948),#17959,.F.);
#17948 = FACE_BOUND('',#17949,.T.);
#17949 = EDGE_LOOP('',(#17950,#17951,#17957,#17958));
#17950 = ORIENTED_EDGE('',*,*,#11312,.T.);
#17951 = ORIENTED_EDGE('',*,*,#17952,.T.);
#17952 = EDGE_CURVE('',#11313,#13956,#17953,.T.);
#17953 = LINE('',#17954,#17955);
#17954 = CARTESIAN_POINT('',(196.71,-79.428,-4.5798E-02));
#17955 = VECTOR('',#17956,1.);
#17956 = DIRECTION('',(0.,0.,1.));
#17957 = ORIENTED_EDGE('',*,*,#13955,.F.);
#17958 = ORIENTED_EDGE('',*,*,#17952,.F.);
#17959 = CYLINDRICAL_SURFACE('',#17960,0.508);
#17960 = AXIS2_PLACEMENT_3D('',#17961,#17962,#17963);
#17961 = CARTESIAN_POINT('',(196.71,-78.92,-4.5798E-02));
#17962 = DIRECTION('',(-0.,0.,-1.));
#17963 = DIRECTION('',(5.594824691024E-14,-1.,-0.));
#17964 = ADVANCED_FACE('',(#17965),#17976,.F.);
#17965 = FACE_BOUND('',#17966,.T.);
#17966 = EDGE_LOOP('',(#17967,#17968,#17974,#17975));
#17967 = ORIENTED_EDGE('',*,*,#11323,.T.);
#17968 = ORIENTED_EDGE('',*,*,#17969,.T.);
#17969 = EDGE_CURVE('',#11324,#13967,#17970,.T.);
#17970 = LINE('',#17971,#17972);
#17971 = CARTESIAN_POINT('',(199.25,-79.428,-4.5798E-02));
#17972 = VECTOR('',#17973,1.);
#17973 = DIRECTION('',(0.,0.,1.));
#17974 = ORIENTED_EDGE('',*,*,#13966,.F.);
#17975 = ORIENTED_EDGE('',*,*,#17969,.F.);
#17976 = CYLINDRICAL_SURFACE('',#17977,0.508);
#17977 = AXIS2_PLACEMENT_3D('',#17978,#17979,#17980);
#17978 = CARTESIAN_POINT('',(199.25,-78.92,-4.5798E-02));
#17979 = DIRECTION('',(-0.,-0.,-1.));
#17980 = DIRECTION('',(-0.,-1.,0.));
#17981 = ADVANCED_FACE('',(#17982),#17993,.F.);
#17982 = FACE_BOUND('',#17983,.T.);
#17983 = EDGE_LOOP('',(#17984,#17985,#17991,#17992));
#17984 = ORIENTED_EDGE('',*,*,#11334,.T.);
#17985 = ORIENTED_EDGE('',*,*,#17986,.T.);
#17986 = EDGE_CURVE('',#11335,#13978,#17987,.T.);
#17987 = LINE('',#17988,#17989);
#17988 = CARTESIAN_POINT('',(201.79,-79.428,-4.5798E-02));
#17989 = VECTOR('',#17990,1.);
#17990 = DIRECTION('',(0.,0.,1.));
#17991 = ORIENTED_EDGE('',*,*,#13977,.F.);
#17992 = ORIENTED_EDGE('',*,*,#17986,.F.);
#17993 = CYLINDRICAL_SURFACE('',#17994,0.508);
#17994 = AXIS2_PLACEMENT_3D('',#17995,#17996,#17997);
#17995 = CARTESIAN_POINT('',(201.79,-78.92,-4.5798E-02));
#17996 = DIRECTION('',(-0.,-0.,-1.));
#17997 = DIRECTION('',(-5.594824691025E-14,-1.,0.));
#17998 = ADVANCED_FACE('',(#17999),#18010,.F.);
#17999 = FACE_BOUND('',#18000,.T.);
#18000 = EDGE_LOOP('',(#18001,#18002,#18008,#18009));
#18001 = ORIENTED_EDGE('',*,*,#11345,.T.);
#18002 = ORIENTED_EDGE('',*,*,#18003,.T.);
#18003 = EDGE_CURVE('',#11346,#13989,#18004,.T.);
#18004 = LINE('',#18005,#18006);
#18005 = CARTESIAN_POINT('',(204.33,-79.428,-4.5798E-02));
#18006 = VECTOR('',#18007,1.);
#18007 = DIRECTION('',(0.,0.,1.));
#18008 = ORIENTED_EDGE('',*,*,#13988,.F.);
#18009 = ORIENTED_EDGE('',*,*,#18003,.F.);
#18010 = CYLINDRICAL_SURFACE('',#18011,0.508);
#18011 = AXIS2_PLACEMENT_3D('',#18012,#18013,#18014);
#18012 = CARTESIAN_POINT('',(204.33,-78.92,-4.5798E-02));
#18013 = DIRECTION('',(-0.,0.,-1.));
#18014 = DIRECTION('',(5.594824691024E-14,-1.,-0.));
#18015 = ADVANCED_FACE('',(#18016),#18027,.F.);
#18016 = FACE_BOUND('',#18017,.T.);
#18017 = EDGE_LOOP('',(#18018,#18019,#18025,#18026));
#18018 = ORIENTED_EDGE('',*,*,#11356,.T.);
#18019 = ORIENTED_EDGE('',*,*,#18020,.T.);
#18020 = EDGE_CURVE('',#11357,#14000,#18021,.T.);
#18021 = LINE('',#18022,#18023);
#18022 = CARTESIAN_POINT('',(206.87,-79.428,-4.5798E-02));
#18023 = VECTOR('',#18024,1.);
#18024 = DIRECTION('',(0.,0.,1.));
#18025 = ORIENTED_EDGE('',*,*,#13999,.F.);
#18026 = ORIENTED_EDGE('',*,*,#18020,.F.);
#18027 = CYLINDRICAL_SURFACE('',#18028,0.508);
#18028 = AXIS2_PLACEMENT_3D('',#18029,#18030,#18031);
#18029 = CARTESIAN_POINT('',(206.87,-78.92,-4.5798E-02));
#18030 = DIRECTION('',(-0.,-0.,-1.));
#18031 = DIRECTION('',(-0.,-1.,0.));
#18032 = ADVANCED_FACE('',(#18033),#18044,.F.);
#18033 = FACE_BOUND('',#18034,.T.);
#18034 = EDGE_LOOP('',(#18035,#18036,#18042,#18043));
#18035 = ORIENTED_EDGE('',*,*,#11367,.T.);
#18036 = ORIENTED_EDGE('',*,*,#18037,.T.);
#18037 = EDGE_CURVE('',#11368,#14011,#18038,.T.);
#18038 = LINE('',#18039,#18040);
#18039 = CARTESIAN_POINT('',(209.41,-79.428,-4.5798E-02));
#18040 = VECTOR('',#18041,1.);
#18041 = DIRECTION('',(0.,0.,1.));
#18042 = ORIENTED_EDGE('',*,*,#14010,.F.);
#18043 = ORIENTED_EDGE('',*,*,#18037,.F.);
#18044 = CYLINDRICAL_SURFACE('',#18045,0.508);
#18045 = AXIS2_PLACEMENT_3D('',#18046,#18047,#18048);
#18046 = CARTESIAN_POINT('',(209.41,-78.92,-4.5798E-02));
#18047 = DIRECTION('',(-0.,-0.,-1.));
#18048 = DIRECTION('',(-0.,-1.,0.));
#18049 = ADVANCED_FACE('',(#18050),#18061,.F.);
#18050 = FACE_BOUND('',#18051,.T.);
#18051 = EDGE_LOOP('',(#18052,#18053,#18059,#18060));
#18052 = ORIENTED_EDGE('',*,*,#11378,.T.);
#18053 = ORIENTED_EDGE('',*,*,#18054,.T.);
#18054 = EDGE_CURVE('',#11379,#14022,#18055,.T.);
#18055 = LINE('',#18056,#18057);
#18056 = CARTESIAN_POINT('',(211.95,-79.428,-4.5798E-02));
#18057 = VECTOR('',#18058,1.);
#18058 = DIRECTION('',(0.,0.,1.));
#18059 = ORIENTED_EDGE('',*,*,#14021,.F.);
#18060 = ORIENTED_EDGE('',*,*,#18054,.F.);
#18061 = CYLINDRICAL_SURFACE('',#18062,0.508);
#18062 = AXIS2_PLACEMENT_3D('',#18063,#18064,#18065);
#18063 = CARTESIAN_POINT('',(211.95,-78.92,-4.5798E-02));
#18064 = DIRECTION('',(-0.,-0.,-1.));
#18065 = DIRECTION('',(-0.,-1.,0.));
#18066 = ADVANCED_FACE('',(#18067),#18078,.F.);
#18067 = FACE_BOUND('',#18068,.T.);
#18068 = EDGE_LOOP('',(#18069,#18070,#18076,#18077));
#18069 = ORIENTED_EDGE('',*,*,#11389,.T.);
#18070 = ORIENTED_EDGE('',*,*,#18071,.T.);
#18071 = EDGE_CURVE('',#11390,#14033,#18072,.T.);
#18072 = LINE('',#18073,#18074);
#18073 = CARTESIAN_POINT('',(214.49,-79.428,-4.5798E-02));
#18074 = VECTOR('',#18075,1.);
#18075 = DIRECTION('',(0.,0.,1.));
#18076 = ORIENTED_EDGE('',*,*,#14032,.F.);
#18077 = ORIENTED_EDGE('',*,*,#18071,.F.);
#18078 = CYLINDRICAL_SURFACE('',#18079,0.508);
#18079 = AXIS2_PLACEMENT_3D('',#18080,#18081,#18082);
#18080 = CARTESIAN_POINT('',(214.49,-78.92,-4.5798E-02));
#18081 = DIRECTION('',(-0.,-0.,-1.));
#18082 = DIRECTION('',(-0.,-1.,0.));
#18083 = ADVANCED_FACE('',(#18084),#18095,.F.);
#18084 = FACE_BOUND('',#18085,.T.);
#18085 = EDGE_LOOP('',(#18086,#18087,#18093,#18094));
#18086 = ORIENTED_EDGE('',*,*,#11400,.T.);
#18087 = ORIENTED_EDGE('',*,*,#18088,.T.);
#18088 = EDGE_CURVE('',#11401,#14044,#18089,.T.);
#18089 = LINE('',#18090,#18091);
#18090 = CARTESIAN_POINT('',(217.03,-79.428,-4.5798E-02));
#18091 = VECTOR('',#18092,1.);
#18092 = DIRECTION('',(0.,0.,1.));
#18093 = ORIENTED_EDGE('',*,*,#14043,.F.);
#18094 = ORIENTED_EDGE('',*,*,#18088,.F.);
#18095 = CYLINDRICAL_SURFACE('',#18096,0.508);
#18096 = AXIS2_PLACEMENT_3D('',#18097,#18098,#18099);
#18097 = CARTESIAN_POINT('',(217.03,-78.92,-4.5798E-02));
#18098 = DIRECTION('',(-0.,-0.,-1.));
#18099 = DIRECTION('',(-0.,-1.,0.));
#18100 = ADVANCED_FACE('',(#18101),#18112,.F.);
#18101 = FACE_BOUND('',#18102,.T.);
#18102 = EDGE_LOOP('',(#18103,#18104,#18110,#18111));
#18103 = ORIENTED_EDGE('',*,*,#11411,.T.);
#18104 = ORIENTED_EDGE('',*,*,#18105,.T.);
#18105 = EDGE_CURVE('',#11412,#14055,#18106,.T.);
#18106 = LINE('',#18107,#18108);
#18107 = CARTESIAN_POINT('',(181.47,-76.888,-4.5798E-02));
#18108 = VECTOR('',#18109,1.);
#18109 = DIRECTION('',(0.,0.,1.));
#18110 = ORIENTED_EDGE('',*,*,#14054,.F.);
#18111 = ORIENTED_EDGE('',*,*,#18105,.F.);
#18112 = CYLINDRICAL_SURFACE('',#18113,0.508);
#18113 = AXIS2_PLACEMENT_3D('',#18114,#18115,#18116);
#18114 = CARTESIAN_POINT('',(181.47,-76.38,-4.5798E-02));
#18115 = DIRECTION('',(-0.,-0.,-1.));
#18116 = DIRECTION('',(-0.,-1.,0.));
#18117 = ADVANCED_FACE('',(#18118),#18129,.F.);
#18118 = FACE_BOUND('',#18119,.T.);
#18119 = EDGE_LOOP('',(#18120,#18121,#18127,#18128));
#18120 = ORIENTED_EDGE('',*,*,#11422,.T.);
#18121 = ORIENTED_EDGE('',*,*,#18122,.T.);
#18122 = EDGE_CURVE('',#11423,#14066,#18123,.T.);
#18123 = LINE('',#18124,#18125);
#18124 = CARTESIAN_POINT('',(184.01,-76.888,-4.5798E-02));
#18125 = VECTOR('',#18126,1.);
#18126 = DIRECTION('',(0.,0.,1.));
#18127 = ORIENTED_EDGE('',*,*,#14065,.F.);
#18128 = ORIENTED_EDGE('',*,*,#18122,.F.);
#18129 = CYLINDRICAL_SURFACE('',#18130,0.508);
#18130 = AXIS2_PLACEMENT_3D('',#18131,#18132,#18133);
#18131 = CARTESIAN_POINT('',(184.01,-76.38,-4.5798E-02));
#18132 = DIRECTION('',(-0.,-0.,-1.));
#18133 = DIRECTION('',(-0.,-1.,0.));
#18134 = ADVANCED_FACE('',(#18135),#18146,.F.);
#18135 = FACE_BOUND('',#18136,.T.);
#18136 = EDGE_LOOP('',(#18137,#18138,#18144,#18145));
#18137 = ORIENTED_EDGE('',*,*,#11433,.T.);
#18138 = ORIENTED_EDGE('',*,*,#18139,.T.);
#18139 = EDGE_CURVE('',#11434,#14077,#18140,.T.);
#18140 = LINE('',#18141,#18142);
#18141 = CARTESIAN_POINT('',(186.55,-76.888,-4.5798E-02));
#18142 = VECTOR('',#18143,1.);
#18143 = DIRECTION('',(0.,0.,1.));
#18144 = ORIENTED_EDGE('',*,*,#14076,.F.);
#18145 = ORIENTED_EDGE('',*,*,#18139,.F.);
#18146 = CYLINDRICAL_SURFACE('',#18147,0.508);
#18147 = AXIS2_PLACEMENT_3D('',#18148,#18149,#18150);
#18148 = CARTESIAN_POINT('',(186.55,-76.38,-4.5798E-02));
#18149 = DIRECTION('',(-0.,-0.,-1.));
#18150 = DIRECTION('',(-0.,-1.,0.));
#18151 = ADVANCED_FACE('',(#18152),#18163,.F.);
#18152 = FACE_BOUND('',#18153,.T.);
#18153 = EDGE_LOOP('',(#18154,#18155,#18161,#18162));
#18154 = ORIENTED_EDGE('',*,*,#11444,.T.);
#18155 = ORIENTED_EDGE('',*,*,#18156,.T.);
#18156 = EDGE_CURVE('',#11445,#14088,#18157,.T.);
#18157 = LINE('',#18158,#18159);
#18158 = CARTESIAN_POINT('',(189.09,-76.888,-4.5798E-02));
#18159 = VECTOR('',#18160,1.);
#18160 = DIRECTION('',(0.,0.,1.));
#18161 = ORIENTED_EDGE('',*,*,#14087,.F.);
#18162 = ORIENTED_EDGE('',*,*,#18156,.F.);
#18163 = CYLINDRICAL_SURFACE('',#18164,0.508);
#18164 = AXIS2_PLACEMENT_3D('',#18165,#18166,#18167);
#18165 = CARTESIAN_POINT('',(189.09,-76.38,-4.5798E-02));
#18166 = DIRECTION('',(-0.,-0.,-1.));
#18167 = DIRECTION('',(-0.,-1.,0.));
#18168 = ADVANCED_FACE('',(#18169),#18180,.F.);
#18169 = FACE_BOUND('',#18170,.T.);
#18170 = EDGE_LOOP('',(#18171,#18172,#18178,#18179));
#18171 = ORIENTED_EDGE('',*,*,#11455,.T.);
#18172 = ORIENTED_EDGE('',*,*,#18173,.T.);
#18173 = EDGE_CURVE('',#11456,#14099,#18174,.T.);
#18174 = LINE('',#18175,#18176);
#18175 = CARTESIAN_POINT('',(191.63,-76.888,-4.5798E-02));
#18176 = VECTOR('',#18177,1.);
#18177 = DIRECTION('',(0.,0.,1.));
#18178 = ORIENTED_EDGE('',*,*,#14098,.F.);
#18179 = ORIENTED_EDGE('',*,*,#18173,.F.);
#18180 = CYLINDRICAL_SURFACE('',#18181,0.508);
#18181 = AXIS2_PLACEMENT_3D('',#18182,#18183,#18184);
#18182 = CARTESIAN_POINT('',(191.63,-76.38,-4.5798E-02));
#18183 = DIRECTION('',(-0.,-0.,-1.));
#18184 = DIRECTION('',(-0.,-1.,0.));
#18185 = ADVANCED_FACE('',(#18186),#18197,.F.);
#18186 = FACE_BOUND('',#18187,.T.);
#18187 = EDGE_LOOP('',(#18188,#18189,#18195,#18196));
#18188 = ORIENTED_EDGE('',*,*,#11466,.T.);
#18189 = ORIENTED_EDGE('',*,*,#18190,.T.);
#18190 = EDGE_CURVE('',#11467,#14110,#18191,.T.);
#18191 = LINE('',#18192,#18193);
#18192 = CARTESIAN_POINT('',(194.17,-76.888,-4.5798E-02));
#18193 = VECTOR('',#18194,1.);
#18194 = DIRECTION('',(0.,0.,1.));
#18195 = ORIENTED_EDGE('',*,*,#14109,.F.);
#18196 = ORIENTED_EDGE('',*,*,#18190,.F.);
#18197 = CYLINDRICAL_SURFACE('',#18198,0.508);
#18198 = AXIS2_PLACEMENT_3D('',#18199,#18200,#18201);
#18199 = CARTESIAN_POINT('',(194.17,-76.38,-4.5798E-02));
#18200 = DIRECTION('',(-0.,-0.,-1.));
#18201 = DIRECTION('',(-5.594824691025E-14,-1.,0.));
#18202 = ADVANCED_FACE('',(#18203),#18214,.F.);
#18203 = FACE_BOUND('',#18204,.T.);
#18204 = EDGE_LOOP('',(#18205,#18206,#18212,#18213));
#18205 = ORIENTED_EDGE('',*,*,#11477,.T.);
#18206 = ORIENTED_EDGE('',*,*,#18207,.T.);
#18207 = EDGE_CURVE('',#11478,#14121,#18208,.T.);
#18208 = LINE('',#18209,#18210);
#18209 = CARTESIAN_POINT('',(196.71,-76.888,-4.5798E-02));
#18210 = VECTOR('',#18211,1.);
#18211 = DIRECTION('',(0.,0.,1.));
#18212 = ORIENTED_EDGE('',*,*,#14120,.F.);
#18213 = ORIENTED_EDGE('',*,*,#18207,.F.);
#18214 = CYLINDRICAL_SURFACE('',#18215,0.508);
#18215 = AXIS2_PLACEMENT_3D('',#18216,#18217,#18218);
#18216 = CARTESIAN_POINT('',(196.71,-76.38,-4.5798E-02));
#18217 = DIRECTION('',(-0.,0.,-1.));
#18218 = DIRECTION('',(5.594824691024E-14,-1.,-0.));
#18219 = ADVANCED_FACE('',(#18220),#18231,.F.);
#18220 = FACE_BOUND('',#18221,.T.);
#18221 = EDGE_LOOP('',(#18222,#18223,#18229,#18230));
#18222 = ORIENTED_EDGE('',*,*,#11488,.T.);
#18223 = ORIENTED_EDGE('',*,*,#18224,.T.);
#18224 = EDGE_CURVE('',#11489,#14132,#18225,.T.);
#18225 = LINE('',#18226,#18227);
#18226 = CARTESIAN_POINT('',(199.25,-76.888,-4.5798E-02));
#18227 = VECTOR('',#18228,1.);
#18228 = DIRECTION('',(0.,0.,1.));
#18229 = ORIENTED_EDGE('',*,*,#14131,.F.);
#18230 = ORIENTED_EDGE('',*,*,#18224,.F.);
#18231 = CYLINDRICAL_SURFACE('',#18232,0.508);
#18232 = AXIS2_PLACEMENT_3D('',#18233,#18234,#18235);
#18233 = CARTESIAN_POINT('',(199.25,-76.38,-4.5798E-02));
#18234 = DIRECTION('',(-0.,-0.,-1.));
#18235 = DIRECTION('',(-0.,-1.,0.));
#18236 = ADVANCED_FACE('',(#18237),#18248,.F.);
#18237 = FACE_BOUND('',#18238,.T.);
#18238 = EDGE_LOOP('',(#18239,#18240,#18246,#18247));
#18239 = ORIENTED_EDGE('',*,*,#11499,.T.);
#18240 = ORIENTED_EDGE('',*,*,#18241,.T.);
#18241 = EDGE_CURVE('',#11500,#14143,#18242,.T.);
#18242 = LINE('',#18243,#18244);
#18243 = CARTESIAN_POINT('',(201.79,-76.888,-4.5798E-02));
#18244 = VECTOR('',#18245,1.);
#18245 = DIRECTION('',(0.,0.,1.));
#18246 = ORIENTED_EDGE('',*,*,#14142,.F.);
#18247 = ORIENTED_EDGE('',*,*,#18241,.F.);
#18248 = CYLINDRICAL_SURFACE('',#18249,0.508);
#18249 = AXIS2_PLACEMENT_3D('',#18250,#18251,#18252);
#18250 = CARTESIAN_POINT('',(201.79,-76.38,-4.5798E-02));
#18251 = DIRECTION('',(-0.,-0.,-1.));
#18252 = DIRECTION('',(-5.594824691025E-14,-1.,0.));
#18253 = ADVANCED_FACE('',(#18254),#18265,.F.);
#18254 = FACE_BOUND('',#18255,.T.);
#18255 = EDGE_LOOP('',(#18256,#18257,#18263,#18264));
#18256 = ORIENTED_EDGE('',*,*,#11510,.T.);
#18257 = ORIENTED_EDGE('',*,*,#18258,.T.);
#18258 = EDGE_CURVE('',#11511,#14154,#18259,.T.);
#18259 = LINE('',#18260,#18261);
#18260 = CARTESIAN_POINT('',(204.33,-76.888,-4.5798E-02));
#18261 = VECTOR('',#18262,1.);
#18262 = DIRECTION('',(0.,0.,1.));
#18263 = ORIENTED_EDGE('',*,*,#14153,.F.);
#18264 = ORIENTED_EDGE('',*,*,#18258,.F.);
#18265 = CYLINDRICAL_SURFACE('',#18266,0.508);
#18266 = AXIS2_PLACEMENT_3D('',#18267,#18268,#18269);
#18267 = CARTESIAN_POINT('',(204.33,-76.38,-4.5798E-02));
#18268 = DIRECTION('',(-0.,0.,-1.));
#18269 = DIRECTION('',(5.594824691024E-14,-1.,-0.));
#18270 = ADVANCED_FACE('',(#18271),#18282,.F.);
#18271 = FACE_BOUND('',#18272,.T.);
#18272 = EDGE_LOOP('',(#18273,#18274,#18280,#18281));
#18273 = ORIENTED_EDGE('',*,*,#11521,.T.);
#18274 = ORIENTED_EDGE('',*,*,#18275,.T.);
#18275 = EDGE_CURVE('',#11522,#14165,#18276,.T.);
#18276 = LINE('',#18277,#18278);
#18277 = CARTESIAN_POINT('',(206.87,-76.888,-4.5798E-02));
#18278 = VECTOR('',#18279,1.);
#18279 = DIRECTION('',(0.,0.,1.));
#18280 = ORIENTED_EDGE('',*,*,#14164,.F.);
#18281 = ORIENTED_EDGE('',*,*,#18275,.F.);
#18282 = CYLINDRICAL_SURFACE('',#18283,0.508);
#18283 = AXIS2_PLACEMENT_3D('',#18284,#18285,#18286);
#18284 = CARTESIAN_POINT('',(206.87,-76.38,-4.5798E-02));
#18285 = DIRECTION('',(-0.,-0.,-1.));
#18286 = DIRECTION('',(-0.,-1.,0.));
#18287 = ADVANCED_FACE('',(#18288),#18299,.F.);
#18288 = FACE_BOUND('',#18289,.T.);
#18289 = EDGE_LOOP('',(#18290,#18291,#18297,#18298));
#18290 = ORIENTED_EDGE('',*,*,#11532,.T.);
#18291 = ORIENTED_EDGE('',*,*,#18292,.T.);
#18292 = EDGE_CURVE('',#11533,#14176,#18293,.T.);
#18293 = LINE('',#18294,#18295);
#18294 = CARTESIAN_POINT('',(209.41,-76.888,-4.5798E-02));
#18295 = VECTOR('',#18296,1.);
#18296 = DIRECTION('',(0.,0.,1.));
#18297 = ORIENTED_EDGE('',*,*,#14175,.F.);
#18298 = ORIENTED_EDGE('',*,*,#18292,.F.);
#18299 = CYLINDRICAL_SURFACE('',#18300,0.508);
#18300 = AXIS2_PLACEMENT_3D('',#18301,#18302,#18303);
#18301 = CARTESIAN_POINT('',(209.41,-76.38,-4.5798E-02));
#18302 = DIRECTION('',(-0.,-0.,-1.));
#18303 = DIRECTION('',(-0.,-1.,0.));
#18304 = ADVANCED_FACE('',(#18305),#18316,.F.);
#18305 = FACE_BOUND('',#18306,.T.);
#18306 = EDGE_LOOP('',(#18307,#18308,#18314,#18315));
#18307 = ORIENTED_EDGE('',*,*,#11543,.T.);
#18308 = ORIENTED_EDGE('',*,*,#18309,.T.);
#18309 = EDGE_CURVE('',#11544,#14187,#18310,.T.);
#18310 = LINE('',#18311,#18312);
#18311 = CARTESIAN_POINT('',(211.95,-76.888,-4.5798E-02));
#18312 = VECTOR('',#18313,1.);
#18313 = DIRECTION('',(0.,0.,1.));
#18314 = ORIENTED_EDGE('',*,*,#14186,.F.);
#18315 = ORIENTED_EDGE('',*,*,#18309,.F.);
#18316 = CYLINDRICAL_SURFACE('',#18317,0.508);
#18317 = AXIS2_PLACEMENT_3D('',#18318,#18319,#18320);
#18318 = CARTESIAN_POINT('',(211.95,-76.38,-4.5798E-02));
#18319 = DIRECTION('',(-0.,-0.,-1.));
#18320 = DIRECTION('',(-0.,-1.,0.));
#18321 = ADVANCED_FACE('',(#18322),#18333,.F.);
#18322 = FACE_BOUND('',#18323,.T.);
#18323 = EDGE_LOOP('',(#18324,#18325,#18331,#18332));
#18324 = ORIENTED_EDGE('',*,*,#11554,.T.);
#18325 = ORIENTED_EDGE('',*,*,#18326,.T.);
#18326 = EDGE_CURVE('',#11555,#14198,#18327,.T.);
#18327 = LINE('',#18328,#18329);
#18328 = CARTESIAN_POINT('',(214.49,-76.888,-4.5798E-02));
#18329 = VECTOR('',#18330,1.);
#18330 = DIRECTION('',(0.,0.,1.));
#18331 = ORIENTED_EDGE('',*,*,#14197,.F.);
#18332 = ORIENTED_EDGE('',*,*,#18326,.F.);
#18333 = CYLINDRICAL_SURFACE('',#18334,0.508);
#18334 = AXIS2_PLACEMENT_3D('',#18335,#18336,#18337);
#18335 = CARTESIAN_POINT('',(214.49,-76.38,-4.5798E-02));
#18336 = DIRECTION('',(-0.,-0.,-1.));
#18337 = DIRECTION('',(-0.,-1.,0.));
#18338 = ADVANCED_FACE('',(#18339),#18350,.F.);
#18339 = FACE_BOUND('',#18340,.T.);
#18340 = EDGE_LOOP('',(#18341,#18342,#18348,#18349));
#18341 = ORIENTED_EDGE('',*,*,#11565,.T.);
#18342 = ORIENTED_EDGE('',*,*,#18343,.T.);
#18343 = EDGE_CURVE('',#11566,#14209,#18344,.T.);
#18344 = LINE('',#18345,#18346);
#18345 = CARTESIAN_POINT('',(217.03,-76.888,-4.5798E-02));
#18346 = VECTOR('',#18347,1.);
#18347 = DIRECTION('',(0.,0.,1.));
#18348 = ORIENTED_EDGE('',*,*,#14208,.F.);
#18349 = ORIENTED_EDGE('',*,*,#18343,.F.);
#18350 = CYLINDRICAL_SURFACE('',#18351,0.508);
#18351 = AXIS2_PLACEMENT_3D('',#18352,#18353,#18354);
#18352 = CARTESIAN_POINT('',(217.03,-76.38,-4.5798E-02));
#18353 = DIRECTION('',(-0.,-0.,-1.));
#18354 = DIRECTION('',(-0.,-1.,0.));
#18355 = ADVANCED_FACE('',(#18356),#18367,.F.);
#18356 = FACE_BOUND('',#18357,.T.);
#18357 = EDGE_LOOP('',(#18358,#18359,#18365,#18366));
#18358 = ORIENTED_EDGE('',*,*,#11576,.T.);
#18359 = ORIENTED_EDGE('',*,*,#18360,.T.);
#18360 = EDGE_CURVE('',#11577,#14220,#18361,.T.);
#18361 = LINE('',#18362,#18363);
#18362 = CARTESIAN_POINT('',(219.57,-79.428,-4.5798E-02));
#18363 = VECTOR('',#18364,1.);
#18364 = DIRECTION('',(0.,0.,1.));
#18365 = ORIENTED_EDGE('',*,*,#14219,.F.);
#18366 = ORIENTED_EDGE('',*,*,#18360,.F.);
#18367 = CYLINDRICAL_SURFACE('',#18368,0.508);
#18368 = AXIS2_PLACEMENT_3D('',#18369,#18370,#18371);
#18369 = CARTESIAN_POINT('',(219.57,-78.92,-4.5798E-02));
#18370 = DIRECTION('',(-0.,-0.,-1.));
#18371 = DIRECTION('',(-0.,-1.,0.));
#18372 = ADVANCED_FACE('',(#18373),#18384,.F.);
#18373 = FACE_BOUND('',#18374,.T.);
#18374 = EDGE_LOOP('',(#18375,#18376,#18382,#18383));
#18375 = ORIENTED_EDGE('',*,*,#11587,.T.);
#18376 = ORIENTED_EDGE('',*,*,#18377,.T.);
#18377 = EDGE_CURVE('',#11588,#14231,#18378,.T.);
#18378 = LINE('',#18379,#18380);
#18379 = CARTESIAN_POINT('',(222.11,-79.428,-4.5798E-02));
#18380 = VECTOR('',#18381,1.);
#18381 = DIRECTION('',(0.,0.,1.));
#18382 = ORIENTED_EDGE('',*,*,#14230,.F.);
#18383 = ORIENTED_EDGE('',*,*,#18377,.F.);
#18384 = CYLINDRICAL_SURFACE('',#18385,0.508);
#18385 = AXIS2_PLACEMENT_3D('',#18386,#18387,#18388);
#18386 = CARTESIAN_POINT('',(222.11,-78.92,-4.5798E-02));
#18387 = DIRECTION('',(-0.,-0.,-1.));
#18388 = DIRECTION('',(-0.,-1.,0.));
#18389 = ADVANCED_FACE('',(#18390),#18401,.F.);
#18390 = FACE_BOUND('',#18391,.T.);
#18391 = EDGE_LOOP('',(#18392,#18393,#18399,#18400));
#18392 = ORIENTED_EDGE('',*,*,#11598,.T.);
#18393 = ORIENTED_EDGE('',*,*,#18394,.T.);
#18394 = EDGE_CURVE('',#11599,#14242,#18395,.T.);
#18395 = LINE('',#18396,#18397);
#18396 = CARTESIAN_POINT('',(224.65,-79.428,-4.5798E-02));
#18397 = VECTOR('',#18398,1.);
#18398 = DIRECTION('',(0.,0.,1.));
#18399 = ORIENTED_EDGE('',*,*,#14241,.F.);
#18400 = ORIENTED_EDGE('',*,*,#18394,.F.);
#18401 = CYLINDRICAL_SURFACE('',#18402,0.508);
#18402 = AXIS2_PLACEMENT_3D('',#18403,#18404,#18405);
#18403 = CARTESIAN_POINT('',(224.65,-78.92,-4.5798E-02));
#18404 = DIRECTION('',(-0.,0.,-1.));
#18405 = DIRECTION('',(5.594824691024E-14,-1.,-0.));
#18406 = ADVANCED_FACE('',(#18407),#18418,.F.);
#18407 = FACE_BOUND('',#18408,.T.);
#18408 = EDGE_LOOP('',(#18409,#18410,#18416,#18417));
#18409 = ORIENTED_EDGE('',*,*,#11609,.T.);
#18410 = ORIENTED_EDGE('',*,*,#18411,.T.);
#18411 = EDGE_CURVE('',#11610,#14253,#18412,.T.);
#18412 = LINE('',#18413,#18414);
#18413 = CARTESIAN_POINT('',(227.19,-79.428,-4.5798E-02));
#18414 = VECTOR('',#18415,1.);
#18415 = DIRECTION('',(0.,0.,1.));
#18416 = ORIENTED_EDGE('',*,*,#14252,.F.);
#18417 = ORIENTED_EDGE('',*,*,#18411,.F.);
#18418 = CYLINDRICAL_SURFACE('',#18419,0.508);
#18419 = AXIS2_PLACEMENT_3D('',#18420,#18421,#18422);
#18420 = CARTESIAN_POINT('',(227.19,-78.92,-4.5798E-02));
#18421 = DIRECTION('',(-0.,-0.,-1.));
#18422 = DIRECTION('',(-0.,-1.,0.));
#18423 = ADVANCED_FACE('',(#18424),#18435,.F.);
#18424 = FACE_BOUND('',#18425,.T.);
#18425 = EDGE_LOOP('',(#18426,#18427,#18433,#18434));
#18426 = ORIENTED_EDGE('',*,*,#11620,.T.);
#18427 = ORIENTED_EDGE('',*,*,#18428,.T.);
#18428 = EDGE_CURVE('',#11621,#14264,#18429,.T.);
#18429 = LINE('',#18430,#18431);
#18430 = CARTESIAN_POINT('',(231.,-85.6,-4.5798E-02));
#18431 = VECTOR('',#18432,1.);
#18432 = DIRECTION('',(0.,0.,1.));
#18433 = ORIENTED_EDGE('',*,*,#14263,.F.);
#18434 = ORIENTED_EDGE('',*,*,#18428,.F.);
#18435 = CYLINDRICAL_SURFACE('',#18436,1.6);
#18436 = AXIS2_PLACEMENT_3D('',#18437,#18438,#18439);
#18437 = CARTESIAN_POINT('',(231.,-84.,-4.5798E-02));
#18438 = DIRECTION('',(-0.,-0.,-1.));
#18439 = DIRECTION('',(-0.,-1.,0.));
#18440 = ADVANCED_FACE('',(#18441),#18452,.F.);
#18441 = FACE_BOUND('',#18442,.T.);
#18442 = EDGE_LOOP('',(#18443,#18444,#18450,#18451));
#18443 = ORIENTED_EDGE('',*,*,#11631,.T.);
#18444 = ORIENTED_EDGE('',*,*,#18445,.T.);
#18445 = EDGE_CURVE('',#11632,#14275,#18446,.T.);
#18446 = LINE('',#18447,#18448);
#18447 = CARTESIAN_POINT('',(219.57,-76.888,-4.5798E-02));
#18448 = VECTOR('',#18449,1.);
#18449 = DIRECTION('',(0.,0.,1.));
#18450 = ORIENTED_EDGE('',*,*,#14274,.F.);
#18451 = ORIENTED_EDGE('',*,*,#18445,.F.);
#18452 = CYLINDRICAL_SURFACE('',#18453,0.508);
#18453 = AXIS2_PLACEMENT_3D('',#18454,#18455,#18456);
#18454 = CARTESIAN_POINT('',(219.57,-76.38,-4.5798E-02));
#18455 = DIRECTION('',(-0.,-0.,-1.));
#18456 = DIRECTION('',(-0.,-1.,0.));
#18457 = ADVANCED_FACE('',(#18458),#18469,.F.);
#18458 = FACE_BOUND('',#18459,.T.);
#18459 = EDGE_LOOP('',(#18460,#18461,#18467,#18468));
#18460 = ORIENTED_EDGE('',*,*,#11642,.T.);
#18461 = ORIENTED_EDGE('',*,*,#18462,.T.);
#18462 = EDGE_CURVE('',#11643,#14286,#18463,.T.);
#18463 = LINE('',#18464,#18465);
#18464 = CARTESIAN_POINT('',(222.11,-76.888,-4.5798E-02));
#18465 = VECTOR('',#18466,1.);
#18466 = DIRECTION('',(0.,0.,1.));
#18467 = ORIENTED_EDGE('',*,*,#14285,.F.);
#18468 = ORIENTED_EDGE('',*,*,#18462,.F.);
#18469 = CYLINDRICAL_SURFACE('',#18470,0.508);
#18470 = AXIS2_PLACEMENT_3D('',#18471,#18472,#18473);
#18471 = CARTESIAN_POINT('',(222.11,-76.38,-4.5798E-02));
#18472 = DIRECTION('',(-0.,-0.,-1.));
#18473 = DIRECTION('',(-0.,-1.,0.));
#18474 = ADVANCED_FACE('',(#18475),#18486,.F.);
#18475 = FACE_BOUND('',#18476,.T.);
#18476 = EDGE_LOOP('',(#18477,#18478,#18484,#18485));
#18477 = ORIENTED_EDGE('',*,*,#11653,.T.);
#18478 = ORIENTED_EDGE('',*,*,#18479,.T.);
#18479 = EDGE_CURVE('',#11654,#14297,#18480,.T.);
#18480 = LINE('',#18481,#18482);
#18481 = CARTESIAN_POINT('',(224.65,-76.888,-4.5798E-02));
#18482 = VECTOR('',#18483,1.);
#18483 = DIRECTION('',(0.,0.,1.));
#18484 = ORIENTED_EDGE('',*,*,#14296,.F.);
#18485 = ORIENTED_EDGE('',*,*,#18479,.F.);
#18486 = CYLINDRICAL_SURFACE('',#18487,0.508);
#18487 = AXIS2_PLACEMENT_3D('',#18488,#18489,#18490);
#18488 = CARTESIAN_POINT('',(224.65,-76.38,-4.5798E-02));
#18489 = DIRECTION('',(-0.,0.,-1.));
#18490 = DIRECTION('',(5.594824691024E-14,-1.,-0.));
#18491 = ADVANCED_FACE('',(#18492),#18503,.F.);
#18492 = FACE_BOUND('',#18493,.T.);
#18493 = EDGE_LOOP('',(#18494,#18495,#18501,#18502));
#18494 = ORIENTED_EDGE('',*,*,#11664,.T.);
#18495 = ORIENTED_EDGE('',*,*,#18496,.T.);
#18496 = EDGE_CURVE('',#11665,#14308,#18497,.T.);
#18497 = LINE('',#18498,#18499);
#18498 = CARTESIAN_POINT('',(227.19,-76.888,-4.5798E-02));
#18499 = VECTOR('',#18500,1.);
#18500 = DIRECTION('',(0.,0.,1.));
#18501 = ORIENTED_EDGE('',*,*,#14307,.F.);
#18502 = ORIENTED_EDGE('',*,*,#18496,.F.);
#18503 = CYLINDRICAL_SURFACE('',#18504,0.508);
#18504 = AXIS2_PLACEMENT_3D('',#18505,#18506,#18507);
#18505 = CARTESIAN_POINT('',(227.19,-76.38,-4.5798E-02));
#18506 = DIRECTION('',(-0.,-0.,-1.));
#18507 = DIRECTION('',(-0.,-1.,0.));
#18508 = ADVANCED_FACE('',(#18509),#18520,.F.);
#18509 = FACE_BOUND('',#18510,.T.);
#18510 = EDGE_LOOP('',(#18511,#18512,#18518,#18519));
#18511 = ORIENTED_EDGE('',*,*,#11675,.T.);
#18512 = ORIENTED_EDGE('',*,*,#18513,.T.);
#18513 = EDGE_CURVE('',#11676,#14319,#18514,.T.);
#18514 = LINE('',#18515,#18516);
#18515 = CARTESIAN_POINT('',(264.,-66.25,-4.5798E-02));
#18516 = VECTOR('',#18517,1.);
#18517 = DIRECTION('',(0.,0.,1.));
#18518 = ORIENTED_EDGE('',*,*,#14318,.F.);
#18519 = ORIENTED_EDGE('',*,*,#18513,.F.);
#18520 = CYLINDRICAL_SURFACE('',#18521,2.25);
#18521 = AXIS2_PLACEMENT_3D('',#18522,#18523,#18524);
#18522 = CARTESIAN_POINT('',(264.,-64.,-4.5798E-02));
#18523 = DIRECTION('',(-0.,-0.,-1.));
#18524 = DIRECTION('',(-0.,-1.,0.));
#18525 = ( GEOMETRIC_REPRESENTATION_CONTEXT(3) 
GLOBAL_UNCERTAINTY_ASSIGNED_CONTEXT((#18529)) 
GLOBAL_UNIT_ASSIGNED_CONTEXT((#18526,#18527,#18528)) 
REPRESENTATION_CONTEXT('Context #1',
  '3D Context with UNIT and UNCERTAINTY') );
#18526 = ( LENGTH_UNIT() NAMED_UNIT(*) SI_UNIT(.MILLI.,.METRE.) );
#18527 = ( NAMED_UNIT(*) PLANE_ANGLE_UNIT() SI_UNIT($,.RADIAN.) );
#18528 = ( NAMED_UNIT(*) SI_UNIT($,.STERADIAN.) SOLID_ANGLE_UNIT() );
#18529 = UNCERTAINTY_MEASURE_WITH_UNIT(LENGTH_MEASURE(1.E-07),#18526,
  'distance_accuracy_value','confusion accuracy');
#18530 = CONTEXT_DEPENDENT_SHAPE_REPRESENTATION(#18531,#18533);
#18531 = ( REPRESENTATION_RELATIONSHIP('','',#8940,#10) 
REPRESENTATION_RELATIONSHIP_WITH_TRANSFORMATION(#18532) 
SHAPE_REPRESENTATION_RELATIONSHIP() );
#18532 = ITEM_DEFINED_TRANSFORMATION('','',#11,#35);
#18533 = PRODUCT_DEFINITION_SHAPE('Placement','Placement of an item',
  #18534);
#18534 = NEXT_ASSEMBLY_USAGE_OCCURRENCE('6','=>[0:1:1:3]','',#5,#8935,$
  );
#18535 = PRODUCT_RELATED_PRODUCT_CATEGORY('part',$,(#8937));
#18536 = MECHANICAL_DESIGN_GEOMETRIC_PRESENTATION_REPRESENTATION('',(
    #18537,#18545,#18553,#18560,#18567,#18574,#18581,#18588,#18595,
    #18602,#18609,#18616,#18623,#18630,#18638,#18645,#18652,#18659),
  #8902);
#18537 = STYLED_ITEM('color',(#18538),#53);
#18538 = PRESENTATION_STYLE_ASSIGNMENT((#18539));
#18539 = SURFACE_STYLE_USAGE(.BOTH.,#18540);
#18540 = SURFACE_SIDE_STYLE('',(#18541));
#18541 = SURFACE_STYLE_FILL_AREA(#18542);
#18542 = FILL_AREA_STYLE('',(#18543));
#18543 = FILL_AREA_STYLE_COLOUR('',#18544);
#18544 = COLOUR_RGB('',0.329999997244,0.329999997244,0.329999997244);
#18545 = STYLED_ITEM('color',(#18546),#483);
#18546 = PRESENTATION_STYLE_ASSIGNMENT((#18547));
#18547 = SURFACE_STYLE_USAGE(.BOTH.,#18548);
#18548 = SURFACE_SIDE_STYLE('',(#18549));
#18549 = SURFACE_STYLE_FILL_AREA(#18550);
#18550 = FILL_AREA_STYLE('',(#18551));
#18551 = FILL_AREA_STYLE_COLOUR('',#18552);
#18552 = DRAUGHTING_PRE_DEFINED_COLOUR('white');
#18553 = STYLED_ITEM('color',(#18554),#571);
#18554 = PRESENTATION_STYLE_ASSIGNMENT((#18555));
#18555 = SURFACE_STYLE_USAGE(.BOTH.,#18556);
#18556 = SURFACE_SIDE_STYLE('',(#18557));
#18557 = SURFACE_STYLE_FILL_AREA(#18558);
#18558 = FILL_AREA_STYLE('',(#18559));
#18559 = FILL_AREA_STYLE_COLOUR('',#18552);
#18560 = STYLED_ITEM('color',(#18561),#1458);
#18561 = PRESENTATION_STYLE_ASSIGNMENT((#18562));
#18562 = SURFACE_STYLE_USAGE(.BOTH.,#18563);
#18563 = SURFACE_SIDE_STYLE('',(#18564));
#18564 = SURFACE_STYLE_FILL_AREA(#18565);
#18565 = FILL_AREA_STYLE('',(#18566));
#18566 = FILL_AREA_STYLE_COLOUR('',#18552);
#18567 = STYLED_ITEM('color',(#18568),#1608);
#18568 = PRESENTATION_STYLE_ASSIGNMENT((#18569));
#18569 = SURFACE_STYLE_USAGE(.BOTH.,#18570);
#18570 = SURFACE_SIDE_STYLE('',(#18571));
#18571 = SURFACE_STYLE_FILL_AREA(#18572);
#18572 = FILL_AREA_STYLE('',(#18573));
#18573 = FILL_AREA_STYLE_COLOUR('',#18552);
#18574 = STYLED_ITEM('color',(#18575),#2135);
#18575 = PRESENTATION_STYLE_ASSIGNMENT((#18576));
#18576 = SURFACE_STYLE_USAGE(.BOTH.,#18577);
#18577 = SURFACE_SIDE_STYLE('',(#18578));
#18578 = SURFACE_STYLE_FILL_AREA(#18579);
#18579 = FILL_AREA_STYLE('',(#18580));
#18580 = FILL_AREA_STYLE_COLOUR('',#18552);
#18581 = STYLED_ITEM('color',(#18582),#3619);
#18582 = PRESENTATION_STYLE_ASSIGNMENT((#18583));
#18583 = SURFACE_STYLE_USAGE(.BOTH.,#18584);
#18584 = SURFACE_SIDE_STYLE('',(#18585));
#18585 = SURFACE_STYLE_FILL_AREA(#18586);
#18586 = FILL_AREA_STYLE('',(#18587));
#18587 = FILL_AREA_STYLE_COLOUR('',#18552);
#18588 = STYLED_ITEM('color',(#18589),#3769);
#18589 = PRESENTATION_STYLE_ASSIGNMENT((#18590));
#18590 = SURFACE_STYLE_USAGE(.BOTH.,#18591);
#18591 = SURFACE_SIDE_STYLE('',(#18592));
#18592 = SURFACE_STYLE_FILL_AREA(#18593);
#18593 = FILL_AREA_STYLE('',(#18594));
#18594 = FILL_AREA_STYLE_COLOUR('',#18552);
#18595 = STYLED_ITEM('color',(#18596),#4428);
#18596 = PRESENTATION_STYLE_ASSIGNMENT((#18597));
#18597 = SURFACE_STYLE_USAGE(.BOTH.,#18598);
#18598 = SURFACE_SIDE_STYLE('',(#18599));
#18599 = SURFACE_STYLE_FILL_AREA(#18600);
#18600 = FILL_AREA_STYLE('',(#18601));
#18601 = FILL_AREA_STYLE_COLOUR('',#18552);
#18602 = STYLED_ITEM('color',(#18603),#4516);
#18603 = PRESENTATION_STYLE_ASSIGNMENT((#18604));
#18604 = SURFACE_STYLE_USAGE(.BOTH.,#18605);
#18605 = SURFACE_SIDE_STYLE('',(#18606));
#18606 = SURFACE_STYLE_FILL_AREA(#18607);
#18607 = FILL_AREA_STYLE('',(#18608));
#18608 = FILL_AREA_STYLE_COLOUR('',#18552);
#18609 = STYLED_ITEM('color',(#18610),#5043);
#18610 = PRESENTATION_STYLE_ASSIGNMENT((#18611));
#18611 = SURFACE_STYLE_USAGE(.BOTH.,#18612);
#18612 = SURFACE_SIDE_STYLE('',(#18613));
#18613 = SURFACE_STYLE_FILL_AREA(#18614);
#18614 = FILL_AREA_STYLE('',(#18615));
#18615 = FILL_AREA_STYLE_COLOUR('',#18552);
#18616 = STYLED_ITEM('color',(#18617),#6239);
#18617 = PRESENTATION_STYLE_ASSIGNMENT((#18618));
#18618 = SURFACE_STYLE_USAGE(.BOTH.,#18619);
#18619 = SURFACE_SIDE_STYLE('',(#18620));
#18620 = SURFACE_STYLE_FILL_AREA(#18621);
#18621 = FILL_AREA_STYLE('',(#18622));
#18622 = FILL_AREA_STYLE_COLOUR('',#18552);
#18623 = STYLED_ITEM('color',(#18624),#6389);
#18624 = PRESENTATION_STYLE_ASSIGNMENT((#18625));
#18625 = SURFACE_STYLE_USAGE(.BOTH.,#18626);
#18626 = SURFACE_SIDE_STYLE('',(#18627));
#18627 = SURFACE_STYLE_FILL_AREA(#18628);
#18628 = FILL_AREA_STYLE('',(#18629));
#18629 = FILL_AREA_STYLE_COLOUR('',#18552);
#18630 = STYLED_ITEM('color',(#18631),#6916);
#18631 = PRESENTATION_STYLE_ASSIGNMENT((#18632));
#18632 = SURFACE_STYLE_USAGE(.BOTH.,#18633);
#18633 = SURFACE_SIDE_STYLE('',(#18634));
#18634 = SURFACE_STYLE_FILL_AREA(#18635);
#18635 = FILL_AREA_STYLE('',(#18636));
#18636 = FILL_AREA_STYLE_COLOUR('',#18637);
#18637 = COLOUR_RGB('',0.866000007736,0.866000007736,0.866000007736);
#18638 = STYLED_ITEM('color',(#18639),#7338);
#18639 = PRESENTATION_STYLE_ASSIGNMENT((#18640));
#18640 = SURFACE_STYLE_USAGE(.BOTH.,#18641);
#18641 = SURFACE_SIDE_STYLE('',(#18642));
#18642 = SURFACE_STYLE_FILL_AREA(#18643);
#18643 = FILL_AREA_STYLE('',(#18644));
#18644 = FILL_AREA_STYLE_COLOUR('',#18637);
#18645 = STYLED_ITEM('color',(#18646),#7760);
#18646 = PRESENTATION_STYLE_ASSIGNMENT((#18647));
#18647 = SURFACE_STYLE_USAGE(.BOTH.,#18648);
#18648 = SURFACE_SIDE_STYLE('',(#18649));
#18649 = SURFACE_STYLE_FILL_AREA(#18650);
#18650 = FILL_AREA_STYLE('',(#18651));
#18651 = FILL_AREA_STYLE_COLOUR('',#18637);
#18652 = STYLED_ITEM('color',(#18653),#8182);
#18653 = PRESENTATION_STYLE_ASSIGNMENT((#18654));
#18654 = SURFACE_STYLE_USAGE(.BOTH.,#18655);
#18655 = SURFACE_SIDE_STYLE('',(#18656));
#18656 = SURFACE_STYLE_FILL_AREA(#18657);
#18657 = FILL_AREA_STYLE('',(#18658));
#18658 = FILL_AREA_STYLE_COLOUR('',#18544);
#18659 = STYLED_ITEM('color',(#18660),#8472);
#18660 = PRESENTATION_STYLE_ASSIGNMENT((#18661));
#18661 = SURFACE_STYLE_USAGE(.BOTH.,#18662);
#18662 = SURFACE_SIDE_STYLE('',(#18663));
#18663 = SURFACE_STYLE_FILL_AREA(#18664);
#18664 = FILL_AREA_STYLE('',(#18665));
#18665 = FILL_AREA_STYLE_COLOUR('',#18544);
#18666 = MECHANICAL_DESIGN_GEOMETRIC_PRESENTATION_REPRESENTATION('',(
    #18667),#18525);
#18667 = STYLED_ITEM('color',(#18668),#8941);
#18668 = PRESENTATION_STYLE_ASSIGNMENT((#18669));
#18669 = SURFACE_STYLE_USAGE(.BOTH.,#18670);
#18670 = SURFACE_SIDE_STYLE('',(#18671));
#18671 = SURFACE_STYLE_FILL_AREA(#18672);
#18672 = FILL_AREA_STYLE('',(#18673));
#18673 = FILL_AREA_STYLE_COLOUR('',#18674);
#18674 = COLOUR_RGB('',0.313304153717,0.484529207832,0.410020903123);
ENDSEC;
END-ISO-10303-21;
